{"version":2,"count":525210,"means":{"mins":[2.2963557854034353,-4.9283743568242935,-0.9412355478850849],"maxs":[4.653312150212469,-1.0704097219641566,3.375971578639156],"files":["means_l.webp","means_u.webp"]},"scales":{"codebook":[-9.99848461151123,-9.955974578857422,-9.911676406860352,-9.863941192626953,-9.81689167022705,-9.773221015930176,-9.730525016784668,-9.68394947052002,-9.637099266052246,-9.589829444885254,-9.547163009643555,-9.504011154174805,-9.457093238830566,-9.410202026367188,-9.367116928100586,-9.32442855834961,-9.27790641784668,-9.234033584594727,-9.191512107849121,-9.144230842590332,-9.1018705368042,-9.05880355834961,-9.007553100585938,-8.960490226745605,-8.918257713317871,-8.874763488769531,-8.832345962524414,-8.785269737243652,-8.738448143005371,-8.6918306350708,-8.648664474487305,-8.605498313903809,-8.56236457824707,-8.519795417785645,-8.472508430480957,-8.42592716217041,-8.383140563964844,-8.340376853942871,-8.288630485534668,-8.238184928894043,-8.195290565490723,-8.152497291564941,-8.10525894165039,-8.06267261505127,-8.02329158782959,-7.9812541007995605,-7.935586452484131,-7.89043664932251,-7.848114490509033,-7.802816867828369,-7.7571940422058105,-7.71303129196167,-7.66755485534668,-7.623085021972656,-7.576658248901367,-7.5310492515563965,-7.488336086273193,-7.443480968475342,-7.398175239562988,-7.353914737701416,-7.30642557144165,-7.261476039886475,-7.218408584594727,-7.175073146820068,-7.131235122680664,-7.0837507247924805,-7.038658142089844,-6.995455741882324,-6.951266765594482,-6.90606164932251,-6.861377239227295,-6.8143391609191895,-6.769401550292969,-6.726353168487549,-6.68170166015625,-6.634430408477783,-6.589817047119141,-6.546751022338867,-6.502041816711426,-6.455078601837158,-6.409877300262451,-6.367280960083008,-6.322350025177002,-6.2773308753967285,-6.232580661773682,-6.187469482421875,-6.144625663757324,-6.09976863861084,-6.052788257598877,-6.005826950073242,-5.960864543914795,-5.917822360992432,-5.8734235763549805,-5.826143741607666,-5.78128719329834,-5.738211631774902,-5.693375110626221,-5.646653652191162,-5.601285457611084,-5.558341979980469,-5.515353679656982,-5.4707207679748535,-5.425389289855957,-5.381016731262207,-5.334113121032715,-5.288794994354248,-5.245973110198975,-5.203348159790039,-5.158225059509277,-5.109201431274414,-5.058439254760742,-5.009639263153076,-4.964742660522461,-4.921645641326904,-4.878819465637207,-4.835761070251465,-4.79290246963501,-4.749866485595703,-4.706911563873291,-4.6623101234436035,-4.617259502410889,-4.574272155761719,-4.5294060707092285,-4.482480525970459,-4.4374213218688965,-4.394413948059082,-4.351418495178223,-4.306674480438232,-4.259587287902832,-4.212932586669922,-4.167977809906006,-4.124856472015381,-4.081742286682129,-4.037235736846924,-3.9918458461761475,-3.947251081466675,-3.9022796154022217,-3.857229232788086,-3.813499927520752,-3.769515037536621,-3.724487781524658,-3.6824123859405518,-3.644623279571533,-3.6093242168426514,-3.5733747482299805,-3.5333261489868164,-3.491213321685791,-3.447002410888672,-3.403146743774414,-3.3612194061279297,-3.319366931915283,-3.2754642963409424,-3.2305610179901123,-3.185506820678711,-3.1408519744873047,-3.0955798625946045,-3.0509142875671387,-3.005877733230591,-2.9609103202819824,-2.9170360565185547,-2.87292742729187,-2.828141689300537,-2.7830092906951904,-2.7381813526153564,-2.693387746810913,-2.648463487625122,-2.6034460067749023,-2.558626890182495,-2.5137369632720947,-2.4688100814819336,-2.4237310886383057,-2.378892183303833,-2.334216356277466,-2.289125442504883,-2.2444570064544678,-2.1992599964141846,-2.154575824737549,-2.1094634532928467,-2.0645499229431152,-2.0192816257476807,-1.9753738641738892,-1.9306637048721313,-1.8857471942901611,-1.8404065370559692,-1.7962210178375244,-1.7518713474273682,-1.7064839601516724,-1.6621403694152832,-1.6173027753829956,-1.5721631050109863,-1.5269719362258911,-1.4819798469543457,-1.437122106552124,-1.392382264137268,-1.3479177951812744,-1.3036710023880005,-1.2587366104125977,-1.2135570049285889,-1.168481707572937,-1.123660683631897,-1.079159140586853,-1.0345473289489746,-0.9908545613288879,-0.9456077814102173,-0.9000303149223328,-0.8549385070800781,-0.8107901811599731,-0.7657763361930847,-0.7204789519309998,-0.6745702624320984,-0.6305304765701294,-0.5861124396324158,-0.5422182083129883,-0.496657133102417,-0.45036691427230835,-0.4064387083053589,-0.36313262581825256,-0.32033783197402954,-0.2762191593647003,-0.23057608306407928,-0.1869526356458664,-0.14152748882770538,-0.09419002383947372,-0.045787565410137177,-0.005080239847302437,0.042074013501405716,0.08134759217500687,0.12807197868824005,0.17488263547420502,0.2173094004392624,0.27014657855033875,0.3112305998802185,0.35668444633483887,0.40673235058784485,0.44169577956199646,0.4889335632324219,0.5386478304862976,0.5813809037208557,0.6183034777641296,0.6568148732185364,0.69870924949646,0.75396329164505,0.792731761932373,0.8464183807373047,0.8927648067474365,0.9392988681793213,0.9817169904708862,1.0187757015228271,1.0695209503173828,1.1285849809646606,1.1791778802871704,1.223465085029602,1.2625508308410645,1.2832565307617188,1.320511817932129,1.4313478469848633],"files":["scales.webp"]},"quats":{"files":["quats.webp"]},