{"version":2,"count":524881,"means":{"mins":[-4.613522582286891,-4.82346533283977,-1.565096824145386],"maxs":[-1.5274298739217202,-2.9709508246394027,3.2309849819716505],"files":["means_l.webp","means_u.webp"]},"scales":{"codebook":[-9.999531745910645,-9.949308395385742,-9.897869110107422,-9.848016738891602,-9.796822547912598,-9.74592399597168,-9.699508666992188,-9.652508735656738,-9.605770111083984,-9.554569244384766,-9.503880500793457,-9.45730209350586,-9.410388946533203,-9.359598159790039,-9.308649063110352,-9.258028030395508,-9.207358360290527,-9.16030216217041,-9.113487243652344,-9.066597938537598,-9.015218734741211,-8.964860916137695,-8.913373947143555,-8.858840942382812,-8.808599472045898,-8.757966041564941,-8.702986717224121,-8.65614128112793,-8.616631507873535,-8.574424743652344,-8.523055076599121,-8.472919464111328,-8.42172622680664,-8.371292114257812,-8.323819160461426,-8.27741813659668,-8.226309776306152,-8.175600051879883,-8.136804580688477,-8.105499267578125,-8.066364288330078,-8.023299217224121,-7.981215000152588,-7.935697555541992,-7.8868231773376465,-7.835965156555176,-7.787420749664307,-7.738365173339844,-7.68950891494751,-7.640914440155029,-7.589779376983643,-7.5410895347595215,-7.494160175323486,-7.44528341293335,-7.394271373748779,-7.34628963470459,-7.29677677154541,-7.24567985534668,-7.199592590332031,-7.160515308380127,-7.125060081481934,-7.084435939788818,-7.0349578857421875,-6.986266613006592,-6.9412407875061035,-6.89778470993042,-6.853902339935303,-6.804569721221924,-6.753783226013184,-6.704782962799072,-6.658416271209717,-6.609308242797852,-6.5607218742370605,-6.511610984802246,-6.460402488708496,-6.409979820251465,-6.3594207763671875,-6.310529708862305,-6.263880729675293,-6.21428108215332,-6.163879871368408,-6.112980842590332,-6.06441593170166,-6.017578601837158,-5.970672130584717,-5.927802562713623,-5.892365455627441,-5.857525825500488,-5.816316604614258,-5.771716117858887,-5.7223219871521,-5.671837329864502,-5.622875213623047,-5.576280117034912,-5.527162551879883,-5.476131916046143,-5.425657749176025,-5.374837398529053,-5.328088283538818,-5.283261299133301,-5.234541416168213,-5.183318138122559,-5.132670879364014,-5.084315299987793,-5.037167072296143,-4.988019943237305,-4.939350128173828,-4.900375843048096,-4.871073246002197,-4.843751907348633,-4.818379878997803,-4.790871620178223,-4.757648468017578,-4.722591400146484,-4.687490463256836,-4.652224063873291,-4.619261264801025,-4.581699848175049,-4.539005756378174,-4.494202613830566,-4.445197582244873,-4.39448881149292,-4.3454718589782715,-4.304677486419678,-4.267709732055664,-4.226466655731201,-4.183592796325684,-4.138696670532227,-4.091785430908203,-4.046770095825195,-4.002298355102539,-3.9549901485443115,-3.907277822494507,-3.85943341255188,-3.8106160163879395,-3.76180362701416,-3.714062213897705,-3.6688733100891113,-3.6298820972442627,-3.5957272052764893,-3.560556173324585,-3.523350715637207,-3.4882490634918213,-3.4521708488464355,-3.4112026691436768,-3.3671352863311768,-3.3251821994781494,-3.288109064102173,-3.2510390281677246,-3.210016965866089,-3.16593599319458,-3.1201837062835693,-3.0723562240600586,-3.0234134197235107,-2.974738597869873,-2.9278202056884766,-2.883742332458496,-2.8427131175994873,-2.804764986038208,-2.7656514644622803,-2.7236526012420654,-2.678818702697754,-2.6309168338775635,-2.5820300579071045,-2.533350944519043,-2.4844229221343994,-2.4347918033599854,-2.38499116897583,-2.33803391456604,-2.2957680225372314,-2.2587742805480957,-2.221810817718506,-2.180699586868286,-2.136608839035034,-2.091844320297241,-2.047821044921875,-2.007579803466797,-1.9707019329071045,-1.9335438013076782,-1.8935573101043701,-1.8546336889266968,-1.816663384437561,-1.777194619178772,-1.7351796627044678,-1.6908656358718872,-1.6456468105316162,-1.5988516807556152,-1.5507464408874512,-1.5013844966888428,-1.451959252357483,-1.4034043550491333,-1.3544868230819702,-1.305059552192688,-1.2559927701950073,-1.20646071434021,-1.1570940017700195,-1.1086046695709229,-1.0595932006835938,-1.009997010231018,-0.9612668752670288,-0.9136813879013062,-0.8658697009086609,-0.8180805444717407,-0.769687294960022,-0.7199518084526062,-0.669084906578064,-0.6181141138076782,-0.5699424147605896,-0.5209604501724243,-0.47179120779037476,-0.4238128364086151,-0.3757951259613037,-0.3257647752761841,-0.27493566274642944,-0.22613172233104706,-0.17959384620189667,-0.12904255092144012,-0.08032146096229553,-0.03528153896331787,0.014377829618752003,0.06294199079275131,0.11087305843830109,0.16684898734092712,0.2206200510263443,0.2676570415496826,0.3131178915500641,0.36014899611473083,0.41189032793045044,0.46464669704437256,0.5151427984237671,0.5676261186599731,0.6109499931335449,0.6594277024269104,0.7034628987312317,0.757635772228241,0.8083590269088745,0.8565750122070312,0.9050694704055786,0.9535422325134277,0.993229329586029,1.0445733070373535,1.1017643213272095,1.1442896127700806,1.1960350275039673,1.2541372776031494,1.3014506101608276,1.3599965572357178,1.4018932580947876,1.4509222507476807,1.4854296445846558,1.5457265377044678,1.5829346179962158,1.652403473854065,1.9038417339324951,1.9207631349563599,2.5271599292755127],"files":["scales.webp"]},"quats":{"files":["quats.webp"]},