{"version":2,"count":669858,"means":{"mins":[-0.9611452495059397,1.3014565149503847,-0.5118954791611541],"maxs":[2.1766002159992763,2.2288734626919755,0.883920807924037],"files":["means_l.webp","means_u.webp"]},"scales":{"codebook":[-9.997797012329102,-9.968104362487793,-9.934805870056152,-9.898717880249023,-9.863082885742188,-9.832179069519043,-9.796783447265625,-9.757659912109375,-9.726517677307129,-9.699317932128906,-9.668194770812988,-9.636795997619629,-9.605581283569336,-9.570109367370605,-9.535056114196777,-9.503959655761719,-9.47277545928955,-9.4414644241333,-9.406064987182617,-9.366997718811035,-9.335902214050293,-9.308855056762695,-9.2772216796875,-9.24612045288086,-9.2108154296875,-9.171695709228516,-9.132726669311523,-9.101531982421875,-9.074224472045898,-9.042495727539062,-9.011963844299316,-8.976707458496094,-8.945181846618652,-8.91801929473877,-8.882734298706055,-8.847119331359863,-8.81663990020752,-8.780936241149902,-8.742208480834961,-8.707101821899414,-8.679709434509277,-8.652814865112305,-8.617209434509277,-8.58591365814209,-8.5587158203125,-8.523375511169434,-8.488368034362793,-8.453282356262207,-8.417832374572754,-8.386894226074219,-8.35549545288086,-8.324259757995605,-8.293004035949707,-8.257439613342285,-8.21867561340332,-8.179549217224121,-8.144380569458008,-8.11706829071045,-8.093653678894043,-8.066537857055664,-8.031278610229492,-7.9949750900268555,-7.960948944091797,-7.927547454833984,-7.898401737213135,-7.869229793548584,-7.83581018447876,-7.806625843048096,-7.785233020782471,-7.761794567108154,-7.734263896942139,-7.705175876617432,-7.671695232391357,-7.638723373413086,-7.605260372161865,-7.570327281951904,-7.53903341293335,-7.509853363037109,-7.476531505584717,-7.441313743591309,-7.405852317810059,-7.371099948883057,-7.3379902839660645,-7.306512832641602,-7.2754225730896,-7.2441205978393555,-7.212898254394531,-7.179628849029541,-7.1444830894470215,-7.109348773956299,-7.078019142150879,-7.048938274383545,-7.015552520751953,-6.980228900909424,-6.945272445678711,-6.910019397735596,-6.874956130981445,-6.843789100646973,-6.816255569458008,-6.787144184112549,-6.755874156951904,-6.7224860191345215,-6.687404155731201,-6.6541595458984375,-6.623068332672119,-6.589702129364014,-6.556533336639404,-6.525391578674316,-6.492014408111572,-6.456945896148682,-6.423729419708252,-6.392607688903809,-6.3613691329956055,-6.328041076660156,-6.295019626617432,-6.261745452880859,-6.22648811340332,-6.193392753601074,-6.160162925720215,-6.126887321472168,-6.097597599029541,-6.068361759185791,-6.035128116607666,-5.999936103820801,-5.9668121337890625,-5.935513496398926,-5.904369831085205,-5.871222496032715,-5.837942123413086,-5.806668281555176,-5.773495197296143,-5.740235328674316,-5.708984375,-5.6758551597595215,-5.64259672164917,-5.609442710876465,-5.574243068695068,-5.541100978851318,-5.509777545928955,-5.478582859039307,-5.445382118225098,-5.412128448486328,-5.380934238433838,-5.347749710083008,-5.314558982849121,-5.283313274383545,-5.250158786773682,-5.21689510345459,-5.183670997619629,-5.150445461273193,-5.119168758392334,-5.086082935333252,-5.052853584289551,-5.019743919372559,-4.9863786697387695,-4.955142974853516,-4.922014236450195,-4.888792991638184,-4.857500076293945,-4.824357986450195,-4.791018009185791,-4.758047103881836,-4.724748611450195,-4.693399429321289,-4.660323619842529,-4.627015113830566,-4.5938191413879395,-4.560618877410889,-4.529451847076416,-4.496250629425049,-4.463237762451172,-4.429564952850342,-4.396633148193359,-4.363320350646973,-4.3303022384643555,-4.299339771270752,-4.267805099487305,-4.234397888183594,-4.201242446899414,-4.168174743652344,-4.134958267211914,-4.103667736053467,-4.070019245147705,-4.034945011138916,-4.0027360916137695,-3.9705448150634766,-3.938419818878174,-3.907305955886841,-3.8748435974121094,-3.8420040607452393,-3.8083791732788086,-3.7754876613616943,-3.743251085281372,-3.7106800079345703,-3.6781253814697266,-3.6455461978912354,-3.6132965087890625,-3.580380439758301,-3.546968460083008,-3.5149343013763428,-3.4825925827026367,-3.449228286743164,-3.4164085388183594,-3.3829262256622314,-3.3495564460754395,-3.3175971508026123,-3.285313129425049,-3.2518255710601807,-3.2184412479400635,-3.1866586208343506,-3.1542723178863525,-3.1212522983551025,-3.0894038677215576,-3.057032346725464,-3.02346134185791,-2.990793228149414,-2.956857919692993,-2.9249610900878906,-2.8922278881073,-2.859640121459961,-2.826314926147461,-2.794163703918457,-2.7623322010040283,-2.7288756370544434,-2.6958820819854736,-2.6637818813323975,-2.6311423778533936,-2.5974764823913574,-2.565088987350464,-2.531221628189087,-2.497302770614624,-2.4643454551696777,-2.4320573806762695,-2.403085947036743,-2.3703391551971436,-2.3361456394195557,-2.3018946647644043,-2.272024393081665,-2.23893404006958,-2.204322099685669,-2.1697826385498047,-2.1366446018218994,-2.1005074977874756,-2.0733261108398438,-2.04070782661438,-2.0083470344543457,-1.97361159324646,-1.9423720836639404,-1.9133930206298828,-1.882588267326355,-1.8376810550689697,-1.821455478668213,-1.7956764698028564,-1.7428208589553833,-1.6822545528411865,-1.6477890014648438],"files":["scales.webp"]},"quats":{"files":["quats.webp"]},