{"version":2,"count":548211,"means":{"mins":[2.1766130342921595,-3.4110064832055462,-1.1675502376026017],"maxs":[5.031405040323852,1.5335248773219137,3.0985790466216865],"files":["means_l.webp","means_u.webp"]},"scales":{"codebook":[-9.997663497924805,-9.955101013183594,-9.910176277160645,-9.863463401794434,-9.820478439331055,-9.77751636505127,-9.730523109436035,-9.68337345123291,-9.640416145324707,-9.597708702087402,-9.550395965576172,-9.507521629333496,-9.469083786010742,-9.429728507995605,-9.398355484008789,-9.371217727661133,-9.336050987243652,-9.29319953918457,-9.250285148620605,-9.207113265991211,-9.160158157348633,-9.113420486450195,-9.06635570526123,-9.023350715637207,-8.9841947555542,-8.941493034362793,-8.89461898803711,-8.847529411315918,-8.800936698913574,-8.757621765136719,-8.714916229248047,-8.66369915008545,-8.616954803466797,-8.577964782714844,-8.539142608642578,-8.500028610229492,-8.45703125,-8.41019058227539,-8.366998672485352,-8.32439136505127,-8.277262687683105,-8.234304428100586,-8.191447257995605,-8.144384384155273,-8.101531028747559,-8.058660507202148,-8.012799263000488,-7.968574523925781,-7.925717830657959,-7.882596492767334,-7.839878082275391,-7.7965803146362305,-7.753885269165039,-7.709169387817383,-7.6641011238098145,-7.61932373046875,-7.57422399520874,-7.5312981605529785,-7.4883131980896,-7.445430278778076,-7.400519847869873,-7.3555006980896,-7.312035083770752,-7.269512176513672,-7.224717617034912,-7.177824020385742,-7.128640174865723,-7.081913471221924,-7.038779258728027,-6.995718002319336,-6.952714443206787,-6.909867286682129,-6.866816997528076,-6.824025630950928,-6.781000137329102,-6.738009452819824,-6.693365097045898,-6.648275375366211,-6.6093292236328125,-6.578101634979248,-6.546900749206543,-6.507781505584717,-6.464659214019775,-6.4217424392700195,-6.378782272338867,-6.33585786819458,-6.293018341064453,-6.249776840209961,-6.2068867683410645,-6.1640400886535645,-6.120917797088623,-6.080077648162842,-6.042835235595703,-6.007709980010986,-5.9725446701049805,-5.937436103820801,-5.9004621505737305,-5.8652215003967285,-5.835885524749756,-5.804646968841553,-5.771569728851318,-5.7421875,-5.712921619415283,-5.677793979644775,-5.636589050292969,-5.595731258392334,-5.558679103851318,-5.527328014373779,-5.496138095855713,-5.459041595458984,-5.41986083984375,-5.384824275970459,-5.353658676147461,-5.318466663360596,-5.2793426513671875,-5.238340377807617,-5.19517707824707,-5.152429103851318,-5.109379768371582,-5.066316604614258,-5.021571636199951,-4.976653575897217,-4.933723449707031,-4.89051628112793,-4.845952987670898,-4.800853252410889,-4.757975101470947,-4.712893486022949,-4.6681060791015625,-4.625069618225098,-4.582253456115723,-4.537293910980225,-4.492189884185791,-4.449376583099365,-4.404407501220703,-4.359567165374756,-4.316658973693848,-4.273617267608643,-4.228715896606445,-4.18386173248291,-4.140903472900391,-4.097833156585693,-4.054891586303711,-4.013298034667969,-3.9766955375671387,-3.943387508392334,-3.9092562198638916,-3.8723907470703125,-3.8320674896240234,-3.7938883304595947,-3.7618660926818848,-3.7296688556671143,-3.69240665435791,-3.6528589725494385,-3.6104180812835693,-3.5677242279052734,-3.5236592292785645,-3.4800310134887695,-3.4359092712402344,-3.3918063640594482,-3.3496973514556885,-3.3088150024414062,-3.269725799560547,-3.2348103523254395,-3.2005674839019775,-3.1643457412719727,-3.1260323524475098,-3.083275318145752,-3.039729595184326,-2.9956586360931396,-2.9513978958129883,-2.9077789783477783,-2.863396167755127,-2.820256471633911,-2.7755703926086426,-2.7316532135009766,-2.685102701187134,-2.641535997390747,-2.5997085571289062,-2.554828643798828,-2.5090620517730713,-2.465425968170166,-2.424070119857788,-2.3788607120513916,-2.3342459201812744,-2.2882285118103027,-2.2455179691314697,-2.203622817993164,-2.1575050354003906,-2.1155266761779785,-2.0698118209838867,-2.026540994644165,-1.977371335029602,-1.9354466199874878,-1.8891879320144653,-1.8463314771652222,-1.80448317527771,-1.76356041431427,-1.7192095518112183,-1.675590991973877,-1.6279817819595337,-1.5789425373077393,-1.5348069667816162,-1.493021011352539,-1.4544806480407715,-1.4142404794692993,-1.3721792697906494,-1.3264003992080688,-1.2793747186660767,-1.2316974401474,-1.185579538345337,-1.1493979692459106,-1.0984631776809692,-1.053910732269287,-1.0093567371368408,-0.9748373627662659,-0.933061420917511,-0.8935370445251465,-0.8450630903244019,-0.794039785861969,-0.7468962669372559,-0.7085466384887695,-0.6687349081039429,-0.6290313601493835,-0.5822210311889648,-0.5417782664299011,-0.4879373013973236,-0.42936745285987854,-0.38339361548423767,-0.3371146023273468,-0.29720622301101685,-0.2631254196166992,-0.22298404574394226,-0.18331094086170197,-0.13517363369464874,-0.08858855813741684,-0.03778592869639397,0.005718851462006569,0.040034063160419464,0.08658584207296371,0.1321805715560913,0.1612098515033722,0.22220130264759064,0.2609138786792755,0.3009987473487854,0.35806527733802795,0.3943989872932434,0.439165860414505,0.48302239179611206,0.5053636431694031,0.5592026114463806,0.6214088201522827,0.8478875160217285,0.8726799488067627,1.0235687494277954,1.2336193323135376],"files":["scales.webp"]},"quats":{"files":["quats.webp"]},