{"version":2,"count":528108,"means":{"mins":[-4.958849099676137,-2.760581812067203,-1.6146319387000596],"maxs":[2.176612439353932,4.613688792091329,3.156808288046332],"files":["means_l.webp","means_u.webp"]},"scales":{"codebook":[-9.997947692871094,-9.95464038848877,-9.90455436706543,-9.856431007385254,-9.8091459274292,-9.762378692626953,-9.715096473693848,-9.668416976928711,-9.621044158935547,-9.574640274047852,-9.523509979248047,-9.476510047912598,-9.433626174926758,-9.386859893798828,-9.340381622314453,-9.293050765991211,-9.246359825134277,-9.19917106628418,-9.152606964111328,-9.105701446533203,-9.058011054992676,-9.012077331542969,-8.965144157409668,-8.917783737182617,-8.871219635009766,-8.819997787475586,-8.76959228515625,-8.722890853881836,-8.675785064697266,-8.628806114196777,-8.582100868225098,-8.538824081420898,-8.496508598327637,-8.445208549499512,-8.394730567932129,-8.351299285888672,-8.308950424194336,-8.261672019958496,-8.215147018432617,-8.168002128601074,-8.121167182922363,-8.074285507202148,-8.027057647705078,-7.9816060066223145,-7.937314987182617,-7.892768859863281,-7.843901634216309,-7.792591571807861,-7.743957042694092,-7.69730281829834,-7.652265548706055,-7.608865737915039,-7.564864158630371,-7.515491962432861,-7.464452743530273,-7.417873382568359,-7.374810695648193,-7.330292701721191,-7.283200740814209,-7.236496925354004,-7.189733982086182,-7.142441272735596,-7.095911502838135,-7.046536445617676,-6.999626636505127,-6.955815315246582,-6.90592098236084,-6.855408668518066,-6.808421611785889,-6.7653489112854,-6.720705986022949,-6.674005031585693,-6.624746322631836,-6.574130535125732,-6.525471210479736,-6.480157375335693,-6.435590744018555,-6.388751029968262,-6.341622352600098,-6.296961307525635,-6.252320289611816,-6.204911708831787,-6.158370018005371,-6.109339237213135,-6.0585455894470215,-6.0076446533203125,-5.958693504333496,-5.913844108581543,-5.870545864105225,-5.826204776763916,-5.779078006744385,-5.732469081878662,-5.685667037963867,-5.63653039932251,-5.58983850479126,-5.546785831451416,-5.502213478088379,-5.455358982086182,-5.406094074249268,-5.35722017288208,-5.310582637786865,-5.265204429626465,-5.220747470855713,-5.173764705657959,-5.127029895782471,-5.0780792236328125,-5.02928352355957,-4.982475757598877,-4.939305782318115,-4.902263164520264,-4.867093086242676,-4.827953815460205,-4.785200119018555,-4.7420573234558105,-4.699157238006592,-4.6580400466918945,-4.619173526763916,-4.581859588623047,-4.54298210144043,-4.499851226806641,-4.456888675689697,-4.413961410522461,-4.371001243591309,-4.326192378997803,-4.277237415313721,-4.226454734802246,-4.1778082847595215,-4.1326117515563965,-4.08975076675415,-4.04679012298584,-4.002302646636963,-3.956874370574951,-3.9111886024475098,-3.863018751144409,-3.814194917678833,-3.766420602798462,-3.7203779220581055,-3.675647258758545,-3.63010835647583,-3.5818216800689697,-3.5340981483459473,-3.4882447719573975,-3.4424118995666504,-3.3955650329589844,-3.34757399559021,-3.3017072677612305,-3.261765241622925,-3.2256476879119873,-3.190438747406006,-3.1523709297180176,-3.1103906631469727,-3.066220998764038,-3.0206165313720703,-2.9737114906311035,-2.927922487258911,-2.881868362426758,-2.835144519805908,-2.788341760635376,-2.7415568828582764,-2.694577693939209,-2.6476290225982666,-2.600827217102051,-2.5539913177490234,-2.5071301460266113,-2.459958076477051,-2.4135148525238037,-2.366358995437622,-2.319706916809082,-2.2725563049316406,-2.2259626388549805,-2.177469491958618,-2.1282761096954346,-2.0822982788085938,-2.0410308837890625,-2.0055017471313477,-1.9739066362380981,-1.9369620084762573,-1.895276665687561,-1.8513972759246826,-1.8044718503952026,-1.7576831579208374,-1.7111365795135498,-1.6638681888580322,-1.617585301399231,-1.5703667402267456,-1.5237007141113281,-1.4760761260986328,-1.4301317930221558,-1.3834903240203857,-1.3365392684936523,-1.2899540662765503,-1.2427501678466797,-1.1960091590881348,-1.1492009162902832,-1.1027631759643555,-1.054408311843872,-1.0068310499191284,-0.9603177309036255,-0.9142023324966431,-0.8698386549949646,-0.82392817735672,-0.7767922282218933,-0.7263748049736023,-0.6795633435249329,-0.6315783262252808,-0.5858989953994751,-0.5406867861747742,-0.4935506582260132,-0.4475538730621338,-0.4011278748512268,-0.3566690981388092,-0.31083258986473083,-0.2621825039386749,-0.21495932340621948,-0.1657499074935913,-0.1209694966673851,-0.07641088217496872,-0.026670504361391068,0.021996894851326942,0.06973639130592346,0.11708730459213257,0.15968866646289825,0.2039196640253067,0.25217482447624207,0.30062055587768555,0.34863245487213135,0.3935784697532654,0.4399031400680542,0.4915485084056854,0.5365850329399109,0.5786837339401245,0.6254516839981079,0.6865954399108887,0.7337735295295715,0.7868889570236206,0.8261266350746155,0.8670203685760498,0.910430908203125,0.9618200659751892,0.9940404891967773,1.0455459356307983,1.0979700088500977,1.1441444158554077,1.1928919553756714,1.234386920928955,1.27275550365448,1.3307347297668457,1.3817983865737915,1.4258649349212646,1.4741944074630737,1.516556978225708,1.571376085281372,1.6266001462936401,1.7087818384170532,1.8786371946334839,1.9416083097457886],"files":["scales.webp"]},"quats":{"files":["quats.webp"]},