{"version":2,"count":614304,"means":{"mins":[2.176615197700913,-2.619997841138098,-0.8005870284308444],"maxs":[2.9507773472248973,-1.070406247748731,3.1546251854657896],"files":["means_l.webp","means_u.webp"]},"scales":{"codebook":[-9.99859619140625,-9.964473724365234,-9.922300338745117,-9.882616996765137,-9.843657493591309,-9.804425239562988,-9.76560115814209,-9.726503372192383,-9.687725067138672,-9.648663520812988,-9.609635353088379,-9.570403099060059,-9.531234741210938,-9.492094039916992,-9.452856063842773,-9.414090156555176,-9.374756813049316,-9.335715293884277,-9.301100730895996,-9.2655668258667,-9.226312637329102,-9.187691688537598,-9.148089408874512,-9.109761238098145,-9.0703706741333,-9.031213760375977,-8.992217063903809,-8.95317554473877,-8.914094924926758,-8.87465763092041,-8.835829734802246,-8.796732902526855,-8.757838249206543,-8.718857765197754,-8.679428100585938,-8.640528678894043,-8.601513862609863,-8.562585830688477,-8.523170471191406,-8.48440933227539,-8.445268630981445,-8.406535148620605,-8.36717700958252,-8.328155517578125,-8.289214134216309,-8.250090599060059,-8.211047172546387,-8.171586036682129,-8.136923789978027,-8.1013822555542,-8.062183380126953,-8.023307800292969,-7.981364727020264,-7.941458702087402,-7.904383659362793,-7.863150596618652,-7.822165489196777,-7.789023399353027,-7.761755466461182,-7.734249114990234,-7.705169677734375,-7.6700944900512695,-7.628785610198975,-7.5878496170043945,-7.5507426261901855,-7.513677597045898,-7.4747209548950195,-7.433577537536621,-7.394328594207764,-7.359241008758545,-7.32240104675293,-7.282975673675537,-7.244142055511475,-7.202937602996826,-7.161935329437256,-7.124831199645996,-7.087935447692871,-7.048842906951904,-7.009790420532227,-6.968764305114746,-6.9294114112854,-6.892635822296143,-6.85321569442749,-6.816283702850342,-6.785045146942139,-6.7538251876831055,-6.718552589416504,-6.6835551261901855,-6.650491237640381,-6.617025852203369,-6.58198881149292,-6.544961929321289,-6.503794193267822,-6.46485710144043,-6.4278788566589355,-6.3866376876831055,-6.343662738800049,-6.302687644958496,-6.263686180114746,-6.226574420928955,-6.191384792327881,-6.15626335144043,-6.119237422943115,-6.080126762390137,-6.0410847663879395,-6.00202751159668,-5.960842132568359,-5.919862270355225,-5.882753849029541,-5.845745086669922,-5.804564952850342,-5.765579700469971,-5.728522777557373,-5.689472675323486,-5.650358200073242,-5.6114044189453125,-5.572338104248047,-5.535120010375977,-5.498231887817383,-5.459105491638184,-5.419935703277588,-5.378833770751953,-5.339815616607666,-5.302887916564941,-5.263718605041504,-5.2245774269104,-5.1856465339660645,-5.146583080291748,-5.10739803314209,-5.0684051513671875,-5.029427528381348,-4.992039203643799,-4.955315113067627,-4.915942668914795,-4.877068519592285,-4.837928771972656,-4.798856735229492,-4.759815692901611,-4.720911026000977,-4.681878089904785,-4.642757892608643,-4.603521347045898,-4.564522743225098,-4.52547025680542,-4.4862751960754395,-4.447465896606445,-4.408185005187988,-4.371086120605469,-4.33422327041626,-4.295080184936523,-4.256080150604248,-4.214760780334473,-4.175567150115967,-4.138771057128906,-4.099552631378174,-4.060616970062256,-4.021348476409912,-3.982945680618286,-3.945464611053467,-3.907285213470459,-3.8682024478912354,-3.82806134223938,-3.7889816761016846,-3.7510874271392822,-3.711911678314209,-3.6729328632354736,-3.6338400840759277,-3.5956473350524902,-3.557810068130493,-3.518562078475952,-3.479609727859497,-3.440596342086792,-3.4013683795928955,-3.363269090652466,-3.3254594802856445,-3.2860794067382812,-3.2474403381347656,-3.208082437515259,-3.169163703918457,-3.130188226699829,-3.091123342514038,-3.0530548095703125,-3.0150485038757324,-2.9756431579589844,-2.937154531478882,-2.897554874420166,-2.858713388442993,-2.81943678855896,-2.780703067779541,-2.7412939071655273,-2.7030417919158936,-2.6653120517730713,-2.626504898071289,-2.587022066116333,-2.548072576522827,-2.5091347694396973,-2.4706342220306396,-2.4327757358551025,-2.393627643585205,-2.3540501594543457,-2.3162591457366943,-2.2766048908233643,-2.2376675605773926,-2.198392391204834,-2.158247232437134,-2.1175127029418945,-2.0795884132385254,-2.0427818298339844,-2.007255792617798,-1.9690672159194946,-1.9275683164596558,-1.8886501789093018,-1.850448727607727,-1.8117982149124146,-1.7729334831237793,-1.734066128730774,-1.695576786994934,-1.6560561656951904,-1.6181821823120117,-1.5771729946136475,-1.5390667915344238,-1.5042356252670288,-1.4623199701309204,-1.4225590229034424,-1.3870940208435059,-1.3459380865097046,-1.3095937967300415,-1.2736494541168213,-1.2353975772857666,-1.1928112506866455,-1.1551593542099,-1.1204235553741455,-1.0823532342910767,-1.0365955829620361,-0.9963799715042114,-0.9465688467025757,-0.918491542339325,-0.8868128657341003,-0.8458679914474487,-0.8083195090293884,-0.7690592408180237,-0.7248243689537048,-0.6860339045524597,-0.6494341492652893,-0.6156773567199707,-0.5777603387832642,-0.5414983034133911,-0.5008267164230347,-0.45199793577194214,-0.41129761934280396,-0.38166025280952454,-0.33171576261520386,-0.3146534860134125,-0.2672862410545349,-0.2374596744775772,-0.10424596071243286],"files":["scales.webp"]},"quats":{"files":["quats.webp"]},