{"version":2,"count":585344,"means":{"mins":[-0.9611006593943777,2.228874078667928,-1.1417813801157586],"maxs":[2.1766118985006906,2.7229434112664963,2.8173713498735133],"files":["means_l.webp","means_u.webp"]},"scales":{"codebook":[-9.998979568481445,-9.964715003967285,-9.922740936279297,-9.879612922668457,-9.836233139038086,-9.796500205993652,-9.757957458496094,-9.718676567077637,-9.675874710083008,-9.632471084594727,-9.593249320983887,-9.554434776306152,-9.515533447265625,-9.476166725158691,-9.437705039978027,-9.398266792297363,-9.3555326461792,-9.313127517700195,-9.27319049835205,-9.234410285949707,-9.195507049560547,-9.152826309204102,-9.109264373779297,-9.07014274597168,-9.031208038330078,-8.992222785949707,-8.953079223632812,-8.914472579956055,-8.874814987182617,-8.836193084716797,-8.793194770812988,-8.749717712402344,-8.71085262298584,-8.671989440917969,-8.632821083068848,-8.593591690063477,-8.554841041564941,-8.511735916137695,-8.468832969665527,-8.42957878112793,-8.390615463256836,-8.35118293762207,-8.312156677246094,-8.269575119018555,-8.226739883422852,-8.18758487701416,-8.14810562133789,-8.109118461608887,-8.070320129394531,-8.031330108642578,-7.989282131195068,-7.947376251220703,-7.908250331878662,-7.86697244644165,-7.826481819152832,-7.784948348999023,-7.742276191711426,-7.7029218673706055,-7.666103363037109,-7.627021789550781,-7.586056709289551,-7.544775485992432,-7.505870342254639,-7.464746952056885,-7.423995494842529,-7.382763385772705,-7.339869022369385,-7.3005595207214355,-7.263809680938721,-7.222660541534424,-7.181656360626221,-7.140473365783691,-7.0993971824646,-7.060718059539795,-7.0209736824035645,-6.982424736022949,-6.941323757171631,-6.90037727355957,-6.861423015594482,-6.822366714477539,-6.781020641326904,-6.740285396575928,-6.698848247528076,-6.656097412109375,-6.613248825073242,-6.572157859802246,-6.535147190093994,-6.498055458068848,-6.458935260772705,-6.423820495605469,-6.392760753631592,-6.355380058288574,-6.314541339874268,-6.275501251220703,-6.238041877746582,-6.20302152633667,-6.167743682861328,-6.130921363830566,-6.089674949645996,-6.046718597412109,-6.00377893447876,-5.960887432098389,-5.919925212860107,-5.882659912109375,-5.847390174865723,-5.812381267547607,-5.775419235229492,-5.734274387359619,-5.697241306304932,-5.668092250823975,-5.634848117828369,-5.597548007965088,-5.562347412109375,-5.527227401733398,-5.492140293121338,-5.455127239227295,-5.41402006149292,-5.37289571762085,-5.334021091461182,-5.292865753173828,-5.251865863800049,-5.218631267547607,-5.191372394561768,-5.162191390991211,-5.128876686096191,-5.097734451293945,-5.072268962860107,-5.041017532348633,-4.9998555183410645,-4.9608540534973145,-4.9257073402404785,-4.88874626159668,-4.847695350646973,-4.804654598236084,-4.765522003173828,-4.728682041168213,-4.689535617828369,-4.648404121398926,-4.607513904571533,-4.568446636199951,-4.5292134284973145,-4.494192600250244,-4.466780662536621,-4.443294048309326,-4.421833038330078,-4.3964924812316895,-4.361583709716797,-4.324213981628418,-4.287182331085205,-4.248309135437012,-4.207034111022949,-4.16609525680542,-4.127105712890625,-4.086079120635986,-4.04508113861084,-4.006389617919922,-3.967038869857788,-3.9269208908081055,-3.8869311809539795,-3.845852851867676,-3.805742025375366,-3.768540143966675,-3.7344281673431396,-3.7032036781311035,-3.6729860305786133,-3.63976788520813,-3.6025702953338623,-3.563655138015747,-3.5244951248168945,-3.4845035076141357,-3.443641424179077,-3.403691053390503,-3.363554000854492,-3.3235666751861572,-3.2832233905792236,-3.242424964904785,-3.201216459274292,-3.1601524353027344,-3.120042324066162,-3.081333637237549,-3.0412919521331787,-3.0013997554779053,-2.9612882137298584,-2.9216513633728027,-2.881425142288208,-2.8411221504211426,-2.8013129234313965,-2.760695219039917,-2.720005512237549,-2.679964780807495,-2.6402812004089355,-2.599773406982422,-2.5591516494750977,-2.519401788711548,-2.4792428016662598,-2.4392476081848145,-2.398699998855591,-2.3574812412261963,-2.3174195289611816,-2.277812957763672,-2.238050699234009,-2.197443962097168,-2.1563074588775635,-2.1142778396606445,-2.0746946334838867,-2.0378684997558594,-2.0047380924224854,-1.9655362367630005,-1.9184049367904663,-1.88083815574646,-1.841425895690918,-1.8040783405303955,-1.7635642290115356,-1.718265175819397,-1.6812853813171387,-1.6387473344802856,-1.600011944770813,-1.5630770921707153,-1.5202711820602417,-1.4731870889663696,-1.4347498416900635,-1.398288369178772,-1.3586246967315674,-1.3078110218048096,-1.280670404434204,-1.241455316543579,-1.2034133672714233,-1.1496753692626953,-1.1056441068649292,-1.0767356157302856,-1.0198776721954346,-0.9889293313026428,-0.9541430473327637,-0.9091005325317383,-0.8461280465126038,-0.7906498908996582,-0.7399160861968994,-0.6977435350418091,-0.6757515072822571,-0.6415374279022217,-0.5920635461807251,-0.5652243494987488,-0.5149728059768677,-0.46356201171875,-0.4210391938686371,-0.37282702326774597,-0.35221078991889954,-0.3235456347465515,-0.277035653591156,-0.23143988847732544,-0.19262510538101196,-0.1357450783252716,-0.10336214303970337,-0.025986557826399803,0.08283600211143494,0.2560558021068573],"files":["scales.webp"]},"quats":{"files":["quats.webp"]},