{"version":2,"count":533897,"means":{"mins":[-4.958850492391348,-2.7605608188769586,-1.615524298885856],"maxs":[2.176607193065147,4.628133264543307,3.1576848033207234],"files":["means_l.webp","means_u.webp"]},"scales":{"codebook":[-9.999286651611328,-9.952083587646484,-9.902486801147461,-9.855819702148438,-9.804707527160645,-9.753669738769531,-9.707255363464355,-9.660385131835938,-9.613235473632812,-9.570508003234863,-9.53880786895752,-9.50769329071045,-9.468852996826172,-9.429469108581543,-9.398468971252441,-9.371098518371582,-9.332276344299316,-9.281776428222656,-9.230720520019531,-9.184333801269531,-9.136980056762695,-9.090298652648926,-9.043335914611816,-8.991886138916016,-8.941727638244629,-8.890579223632812,-8.839946746826172,-8.788899421691895,-8.738269805908203,-8.695221900939941,-8.656097412109375,-8.613715171813965,-8.562458992004395,-8.507585525512695,-8.457209587097168,-8.410507202148438,-8.367074012756348,-8.32425594329834,-8.27733039855957,-8.2305908203125,-8.179891586303711,-8.129000663757324,-8.08584213256836,-8.043278694152832,-7.995081901550293,-7.946890354156494,-7.9004950523376465,-7.850815773010254,-7.802393436431885,-7.755873680114746,-7.708820343017578,-7.6625237464904785,-7.612884998321533,-7.564438819885254,-7.517660617828369,-7.468477249145508,-7.420035362243652,-7.370943546295166,-7.32230281829834,-7.275331497192383,-7.2303290367126465,-7.185921669006348,-7.136966705322266,-7.087516784667969,-7.041048049926758,-6.994557857513428,-6.945225715637207,-6.893945693969727,-6.847315311431885,-6.80298376083374,-6.755908966064453,-6.709005832672119,-6.6601481437683105,-6.608983516693115,-6.560547828674316,-6.511523723602295,-6.4609575271606445,-6.409926891326904,-6.361507892608643,-6.31658411026001,-6.273314476013184,-6.228821754455566,-6.181930065155029,-6.132684230804443,-6.085631370544434,-6.041115760803223,-5.992176532745361,-5.941434860229492,-5.892606258392334,-5.8475542068481445,-5.802846431732178,-5.753602981567383,-5.705092906951904,-5.656114101409912,-5.60515022277832,-5.5567626953125,-5.511658668518066,-5.466851711273193,-5.419682025909424,-5.373151779174805,-5.3243088722229,-5.273230075836182,-5.224605560302734,-5.179513931274414,-5.13495397567749,-5.085806369781494,-5.03683614730835,-4.990393161773682,-4.943544864654541,-4.894301891326904,-4.843761920928955,-4.792850971221924,-4.7420759201049805,-4.6910319328308105,-4.640232563018799,-4.589611053466797,-4.538482189178467,-4.488183498382568,-4.439111709594727,-4.394453525543213,-4.3513503074646,-4.308343887329102,-4.265505313873291,-4.2207136154174805,-4.173717021942139,-4.128653526306152,-4.089728355407715,-4.0566511154174805,-4.018963813781738,-3.9745607376098633,-3.9305386543273926,-3.887624502182007,-3.8435466289520264,-3.797872543334961,-3.75075626373291,-3.704115152359009,-3.656013011932373,-3.60845947265625,-3.5606155395507812,-3.512540817260742,-3.4677140712738037,-3.4287054538726807,-3.394382953643799,-3.3584883213043213,-3.317391872406006,-3.275374412536621,-3.237229347229004,-3.2051901817321777,-3.174844741821289,-3.1426525115966797,-3.1093814373016357,-3.07414174079895,-3.037121534347534,-3.0020251274108887,-2.9678163528442383,-2.929675579071045,-2.8878140449523926,-2.843975305557251,-2.798053741455078,-2.7500672340393066,-2.7023556232452393,-2.6546661853790283,-2.60658860206604,-2.5588085651397705,-2.510601282119751,-2.464162826538086,-2.416180372238159,-2.3682408332824707,-2.3202927112579346,-2.2728688716888428,-2.2257907390594482,-2.1776087284088135,-2.1284117698669434,-2.080174684524536,-2.0374207496643066,-2.002840518951416,-1.9590866565704346,-1.9184449911117554,-1.8777945041656494,-1.8358006477355957,-1.792310357093811,-1.7475383281707764,-1.7016959190368652,-1.6535334587097168,-1.6057978868484497,-1.5586217641830444,-1.5112755298614502,-1.4632506370544434,-1.4154096841812134,-1.367395281791687,-1.319084882736206,-1.2717061042785645,-1.2250672578811646,-1.1770795583724976,-1.1295666694641113,-1.0813109874725342,-1.0329076051712036,-0.9858466386795044,-0.9374986886978149,-0.890340268611908,-0.8421112298965454,-0.792741596698761,-0.7454348206520081,-0.6985623240470886,-0.6522312164306641,-0.6043396592140198,-0.5554953813552856,-0.5096280574798584,-0.4617501497268677,-0.41317638754844666,-0.36556845903396606,-0.31900811195373535,-0.27328720688819885,-0.22683092951774597,-0.1801786720752716,-0.13194657862186432,-0.0826600193977356,-0.035052910447120667,0.016036268323659897,0.06855497509241104,0.11822384595870972,0.16652624309062958,0.20890049636363983,0.25817492604255676,0.30227431654930115,0.34927958250045776,0.39956265687942505,0.44736653566360474,0.49449458718299866,0.5390965342521667,0.5865102410316467,0.639414370059967,0.6919906139373779,0.7352845072746277,0.7805654406547546,0.8197083473205566,0.8662042021751404,0.9156965613365173,0.9720498919487,1.0311686992645264,1.0693254470825195,1.108120322227478,1.1538708209991455,1.2174315452575684,1.2667524814605713,1.303518295288086,1.3452718257904053,1.3802357912063599,1.4355920553207397,1.4959608316421509,1.540078043937683,1.58497953414917,1.6346313953399658,1.7162266969680786,1.7627289295196533,2.162322998046875],"files":["scales.webp"]},"quats":{"files":["quats.webp"]},