{"version":2,"count":539399,"means":{"mins":[2.176642239915434,-1.0703958659036514,-1.1847368256315074],"maxs":[2.9646676240812484,3.975228379141293,3.043170758479957],"files":["means_l.webp","means_u.webp"]},"scales":{"codebook":[-9.99832820892334,-9.962401390075684,-9.915081024169922,-9.871647834777832,-9.828529357910156,-9.785234451293945,-9.74205207824707,-9.703266143798828,-9.660309791564941,-9.61693286895752,-9.574233055114746,-9.531416893005371,-9.488412857055664,-9.4453706741333,-9.402400016784668,-9.359230041503906,-9.316487312316895,-9.27342414855957,-9.234498977661133,-9.191618919372559,-9.148188591003418,-9.10573959350586,-9.062361717224121,-9.020136833190918,-8.972902297973633,-8.92965316772461,-8.890464782714844,-8.851445198059082,-8.808818817138672,-8.765898704528809,-8.72286319732666,-8.679415702819824,-8.641019821166992,-8.597774505615234,-8.554377555847168,-8.511878967285156,-8.464676856994629,-8.421860694885254,-8.378911972045898,-8.335777282714844,-8.29677963256836,-8.257613182067871,-8.215117454528809,-8.168134689331055,-8.124902725219727,-8.085968017578125,-8.047103881835938,-8.004864692687988,-7.961205959320068,-7.917818069458008,-7.877329349517822,-7.835849761962891,-7.792571067810059,-7.74986457824707,-7.707126140594482,-7.6641716957092285,-7.6217803955078125,-7.577883243560791,-7.537226676940918,-7.495763301849365,-7.453305244445801,-7.410305023193359,-7.367199897766113,-7.324137210845947,-7.2813801765441895,-7.237960338592529,-7.195222854614258,-7.152002334594727,-7.1114091873168945,-7.070473670959473,-7.02717924118042,-6.984216213226318,-6.943546295166016,-6.902188301086426,-6.859489917755127,-6.816431522369385,-6.773552417755127,-6.7306084632873535,-6.687435626983643,-6.644494533538818,-6.6013078689575195,-6.558483600616455,-6.517785549163818,-6.476383209228516,-6.435295581817627,-6.402339458465576,-6.373173713684082,-6.335873126983643,-6.292756080627441,-6.2499284744262695,-6.2066240310668945,-6.163794040679932,-6.123186111450195,-6.0859785079956055,-6.04893684387207,-6.007555961608887,-5.964613437652588,-5.921569347381592,-5.878671646118164,-5.8379082679748535,-5.7962870597839355,-5.753754138946533,-5.710623741149902,-5.669923782348633,-5.628707408905029,-5.585590839385986,-5.542898178100586,-5.499693870544434,-5.456920623779297,-5.413932800292969,-5.372757434844971,-5.337955951690674,-5.308626651763916,-5.277251720428467,-5.2403883934021,-5.199108123779297,-5.1582112312316895,-5.117034912109375,-5.07421875,-5.033295154571533,-4.992029666900635,-4.949087619781494,-4.906129837036133,-4.863204479217529,-4.820220470428467,-4.777366638183594,-4.734476566314697,-4.6932501792907715,-4.656256675720215,-4.6250410079956055,-4.593653202056885,-4.5585527420043945,-4.521552085876465,-4.480445384979248,-4.437425136566162,-4.394604206085205,-4.351390838623047,-4.310636043548584,-4.269639015197754,-4.226585865020752,-4.183757305145264,-4.140623092651367,-4.097660541534424,-4.056803226470947,-4.015233039855957,-3.9718337059020996,-3.9287936687469482,-3.8859148025512695,-3.843920946121216,-3.8017966747283936,-3.758943796157837,-3.71596097946167,-3.6730294227600098,-3.6308045387268066,-3.5889711380004883,-3.5471136569976807,-3.505070924758911,-3.4621145725250244,-3.419053792953491,-3.377092123031616,-3.33520770072937,-3.2922182083129883,-3.2493321895599365,-3.207183361053467,-3.1653122901916504,-3.1223866939544678,-3.07942795753479,-3.037281036376953,-2.9952118396759033,-2.952322483062744,-2.910200595855713,-2.868532180786133,-2.8254871368408203,-2.7828030586242676,-2.7402055263519287,-2.6987178325653076,-2.6554346084594727,-2.6126248836517334,-2.5704426765441895,-2.5287742614746094,-2.4855754375457764,-2.4427170753479004,-2.40030574798584,-2.358438014984131,-2.3142523765563965,-2.2698276042938232,-2.226874351501465,-2.180255174636841,-2.1340346336364746,-2.089366912841797,-2.047872304916382,-2.0076608657836914,-1.971604347229004,-1.9322456121444702,-1.8912138938903809,-1.8502519130706787,-1.8057668209075928,-1.763383388519287,-1.722308874130249,-1.6794781684875488,-1.6365435123443604,-1.5949856042861938,-1.5530786514282227,-1.508731484413147,-1.4696109294891357,-1.4291719198226929,-1.3912674188613892,-1.34498131275177,-1.2980202436447144,-1.2497025728225708,-1.2077996730804443,-1.168574571609497,-1.1286998987197876,-1.085613489151001,-1.0408906936645508,-0.999565601348877,-0.9581178426742554,-0.9135716557502747,-0.8751405477523804,-0.8345011472702026,-0.7909891605377197,-0.7423998713493347,-0.6933464407920837,-0.6532420516014099,-0.6143765449523926,-0.570164680480957,-0.5286543369293213,-0.4945921301841736,-0.4478122591972351,-0.4007524847984314,-0.36193734407424927,-0.31931206583976746,-0.2807311415672302,-0.24122250080108643,-0.19363993406295776,-0.14252305030822754,-0.10164051502943039,-0.05762682855129242,-0.026892149820923805,0.020705588161945343,0.06344407796859741,0.0976223275065422,0.13773062825202942,0.17481864988803864,0.2151867300271988,0.25932571291923523,0.29517585039138794,0.35061725974082947,0.39301419258117676,0.43579718470573425,0.48266637325286865,0.5450647473335266,0.5827723145484924,0.6373292803764343,0.7242333292961121,0.8250028491020203],"files":["scales.webp"]},"quats":{"files":["quats.webp"]},