{"version":2,"count":556492,"means":{"mins":[-1.8671188834685146,-2.760581631093308,-0.14548959982583454],"maxs":[2.176612817951027,-1.2574052216543192,0.5491299519581612],"files":["means_l.webp","means_u.webp"]},"scales":{"codebook":[-9.99812126159668,-9.96755599975586,-9.93393611907959,-9.902436256408691,-9.871169090270996,-9.839568138122559,-9.808643341064453,-9.772927284240723,-9.73830795288086,-9.706747055053711,-9.675896644592285,-9.64843463897705,-9.621139526367188,-9.58995246887207,-9.558597564697266,-9.527419090270996,-9.495939254760742,-9.464889526367188,-9.433968544006348,-9.39833927154541,-9.363435745239258,-9.331981658935547,-9.304619789123535,-9.277417182922363,-9.24610710144043,-9.214395523071289,-9.18366813659668,-9.148287773132324,-9.11695384979248,-9.08990478515625,-9.058547019958496,-9.02743148803711,-8.992057800292969,-8.956879615783691,-8.925896644592285,-8.890438079833984,-8.855419158935547,-8.82797908782959,-8.800853729248047,-8.769342422485352,-8.738471031188965,-8.703287124633789,-8.667769432067871,-8.6406831741333,-8.61356258392334,-8.578335762023926,-8.539050102233887,-8.507845878601074,-8.484204292297363,-8.45703125,-8.421571731567383,-8.382732391357422,-8.351536750793457,-8.328143119812012,-8.30093002319336,-8.265419006347656,-8.230324745178223,-8.203018188476562,-8.175811767578125,-8.140520095825195,-8.105379104614258,-8.07809066772461,-8.050824165344238,-8.019486427307129,-7.9892988204956055,-7.959017276763916,-7.925744533538818,-7.894439697265625,-7.865285396575928,-7.831948280334473,-7.7967610359191895,-7.765620708465576,-7.736352443695068,-7.7068634033203125,-7.677742004394531,-7.644577980041504,-7.611189365386963,-7.580188751220703,-7.550758361816406,-7.521603584289551,-7.488325595855713,-7.454991340637207,-7.4238810539245605,-7.392581462860107,-7.361423492431641,-7.327960014343262,-7.294766902923584,-7.265491962432861,-7.236370086669922,-7.203181266784668,-7.171820640563965,-7.14262580871582,-7.111127853393555,-7.080124855041504,-7.048758506774902,-7.017710208892822,-6.984222412109375,-6.953150272369385,-6.9238715171813965,-6.890561580657959,-6.857445240020752,-6.824082851409912,-6.7889790534973145,-6.757683753967285,-6.7303643226623535,-6.703019618988037,-6.673851490020752,-6.642508029937744,-6.611377716064453,-6.578114986419678,-6.5467305183410645,-6.517638683319092,-6.484426498413086,-6.451203346252441,-6.417945861816406,-6.384725093841553,-6.353602886199951,-6.324185848236084,-6.294988632202148,-6.263687610626221,-6.232478618621826,-6.20119047164917,-6.1677680015563965,-6.136633396148682,-6.107467174530029,-6.076090335845947,-6.045113563537598,-6.011611461639404,-5.978559970855713,-5.945314407348633,-5.914065837860107,-5.8849287033081055,-5.855478763580322,-5.826196193695068,-5.79496955871582,-5.763570785522461,-5.7326765060424805,-5.701035022735596,-5.669961452484131,-5.636651992797852,-5.605425834655762,-5.576233863830566,-5.544864654541016,-5.513822555541992,-5.480560779571533,-5.447211742401123,-5.416042804718018,-5.384891986846924,-5.353625297546387,-5.3223042488098145,-5.291175365447998,-5.259885787963867,-5.226493835449219,-5.195252895355225,-5.166076183319092,-5.134686470031738,-5.103573322296143,-5.07236909866333,-5.041132926940918,-5.009957313537598,-4.9765238761901855,-4.945321083068848,-4.91603422164917,-4.885021209716797,-4.851449489593506,-4.818395614624023,-4.787130832672119,-4.757696151733398,-4.728578090667725,-4.697215557098389,-4.66621732711792,-4.634851455688477,-4.603508949279785,-4.57231330871582,-4.541094779968262,-4.509823322296143,-4.476716041564941,-4.443378448486328,-4.412033557891846,-4.3811492919921875,-4.349693775177002,-4.318262100219727,-4.287189960479736,-4.255993366241455,-4.224605083465576,-4.19342041015625,-4.162049770355225,-4.130966663360596,-4.099780082702637,-4.068511486053467,-4.037051677703857,-4.006442070007324,-3.975695848464966,-3.944469451904297,-3.913174867630005,-3.881923198699951,-3.8507862091064453,-3.8193306922912598,-3.7881734371185303,-3.755619764328003,-3.7237133979797363,-3.692566394805908,-3.6614067554473877,-3.6303622722625732,-3.597679853439331,-3.566331386566162,-3.5364034175872803,-3.5049328804016113,-3.473749876022339,-3.4425976276397705,-3.4114480018615723,-3.3798484802246094,-3.3490610122680664,-3.317413568496704,-3.285142660140991,-3.2528839111328125,-3.221898317337036,-3.190849781036377,-3.1595005989074707,-3.128316879272461,-3.0969185829162598,-3.065871477127075,-3.033928155899048,-3.0034618377685547,-2.97096848487854,-2.9394726753234863,-2.9096431732177734,-2.878072500228882,-2.8472909927368164,-2.815786123275757,-2.785020112991333,-2.752467393875122,-2.7233524322509766,-2.6897737979888916,-2.658069133758545,-2.626574754714966,-2.596580982208252,-2.5652685165405273,-2.530414581298828,-2.4994378089904785,-2.4687397480010986,-2.440009355545044,-2.411830425262451,-2.381755828857422,-2.3503761291503906,-2.3163013458251953,-2.2814218997955322,-2.24996018409729,-2.2148807048797607,-2.185295820236206,-2.1576170921325684,-2.1272175312042236,-2.100759267807007,-2.0667333602905273,-2.028681755065918,-2.0018703937530518],"files":["scales.webp"]},"quats":{"files":["quats.webp"]},