{"version":2,"count":536934,"means":{"mins":[3.0714354575459435,-1.0704031822545084,-1.1168728704200968],"maxs":[3.2840088090557327,4.3700648704323966,2.968642289785651],"files":["means_l.webp","means_u.webp"]},"scales":{"codebook":[-9.999143600463867,-9.954347610473633,-9.910482406616211,-9.863428115844727,-9.816767692565918,-9.773180961608887,-9.73380184173584,-9.691678047180176,-9.648370742797852,-9.609597206115723,-9.566838264465332,-9.523534774780273,-9.480475425720215,-9.437336921691895,-9.394707679748535,-9.347992897033691,-9.304793357849121,-9.265670776367188,-9.222702026367188,-9.175134658813477,-9.1290922164917,-9.08584213256836,-9.043212890625,-8.996076583862305,-8.953010559082031,-8.91372299194336,-8.875001907348633,-8.832343101501465,-8.7889404296875,-8.746426582336426,-8.695157051086426,-8.648724555969238,-8.609177589416504,-8.570091247558594,-8.530815124511719,-8.488299369812012,-8.440985679626465,-8.398080825805664,-8.355522155761719,-8.312335014343262,-8.269601821899414,-8.226232528686523,-8.18386173248291,-8.13642692565918,-8.093440055847168,-8.05433177947998,-8.014209747314453,-7.9723896980285645,-7.929314613342285,-7.886809825897217,-7.843493938446045,-7.8008623123168945,-7.7577338218688965,-7.714814186096191,-7.6718621253967285,-7.628525257110596,-7.585528373718262,-7.546705722808838,-7.515389442443848,-7.484136581420898,-7.4473066329956055,-7.405978202819824,-7.362990379333496,-7.3198418617248535,-7.277070045471191,-7.234158039093018,-7.193215370178223,-7.15214204788208,-7.109450340270996,-7.066376209259033,-7.023248195648193,-6.980246543884277,-6.93736457824707,-6.894451141357422,-6.85146951675415,-6.8087544441223145,-6.765631675720215,-6.72269344329834,-6.683656215667725,-6.650397300720215,-6.619173049926758,-6.585722923278809,-6.548882961273193,-6.507818222045898,-6.464792251586914,-6.421838760375977,-6.380724906921387,-6.345656871795654,-6.31243896484375,-6.277319431304932,-6.240303993225098,-6.199126720428467,-6.158274173736572,-6.117156028747559,-6.074228286743164,-6.031264781951904,-5.988120079040527,-5.945249080657959,-5.902292728424072,-5.859293460845947,-5.816344738006592,-5.773331642150879,-5.7304792404174805,-5.687399864196777,-5.644445896148682,-5.601597309112549,-5.5584917068481445,-5.515477180480957,-5.472540855407715,-5.4296650886535645,-5.386626243591309,-5.343772888183594,-5.302675247192383,-5.265626907348633,-5.23444128036499,-5.203064918518066,-5.170003890991211,-5.1387152671813965,-5.109428405761719,-5.076231956481934,-5.037175178527832,-4.996151447296143,-4.953214645385742,-4.910191059112549,-4.867130279541016,-4.8242034912109375,-4.785306453704834,-4.753956317901611,-4.7266459465026855,-4.6936354637146,-4.652390480041504,-4.609549045562744,-4.566645622253418,-4.52354097366333,-4.48037052154541,-4.437535762786865,-4.394685745239258,-4.351743221282959,-4.308729648590088,-4.265650749206543,-4.222653388977051,-4.179657936096191,-4.136771202087402,-4.093759536743164,-4.05073881149292,-4.007551193237305,-3.9629411697387695,-3.918926477432251,-3.876044988632202,-3.833014488220215,-3.7903335094451904,-3.7469382286071777,-3.7041738033294678,-3.660594940185547,-3.615203857421875,-3.572181463241577,-3.5308830738067627,-3.4874680042266846,-3.444655656814575,-3.4013590812683105,-3.3586864471435547,-3.3160996437072754,-3.272838592529297,-3.229654312133789,-3.1867873668670654,-3.1438374519348145,-3.099855899810791,-3.055494785308838,-3.0156137943267822,-2.9794554710388184,-2.946136236190796,-2.913189649581909,-2.877034902572632,-2.8393638134002686,-2.7982177734375,-2.7550015449523926,-2.7120838165283203,-2.669395685195923,-2.6273488998413086,-2.588266372680664,-2.5510671138763428,-2.5165212154388428,-2.484107732772827,-2.447347640991211,-2.4074759483337402,-2.367046356201172,-2.3236446380615234,-2.280493974685669,-2.2371342182159424,-2.1948208808898926,-2.149885654449463,-2.103499412536621,-2.0634543895721436,-2.027695894241333,-2.0005838871002197,-1.9506587982177734,-1.9036715030670166,-1.8573758602142334,-1.8134522438049316,-1.7719789743423462,-1.7317543029785156,-1.6860677003860474,-1.6420120000839233,-1.5955326557159424,-1.5557944774627686,-1.5061873197555542,-1.4587864875793457,-1.4200316667556763,-1.374415397644043,-1.3294806480407715,-1.2872649431228638,-1.248438835144043,-1.2079375982284546,-1.1572593450546265,-1.114847183227539,-1.0698038339614868,-1.0306371450424194,-0.9862111210823059,-0.9425583481788635,-0.9040001034736633,-0.8688231706619263,-0.8288930654525757,-0.7806874513626099,-0.7379394769668579,-0.6852266192436218,-0.6455219388008118,-0.5980426073074341,-0.549677312374115,-0.512714684009552,-0.4732295274734497,-0.42929980158805847,-0.3909393548965454,-0.3364398777484894,-0.27588191628456116,-0.23416246473789215,-0.19414378702640533,-0.16705499589443207,-0.13286671042442322,-0.10246974974870682,-0.035701900720596313,-0.007366956677287817,0.04243884235620499,0.07442387193441391,0.1415737122297287,0.1756899058818817,0.23058685660362244,0.2589268684387207,0.2872752547264099,0.33212924003601074,0.39526763558387756,0.4316324293613434,0.48311203718185425,0.5325548648834229,0.5583845376968384,0.6181410551071167,0.9960346817970276],"files":["scales.webp"]},"quats":{"files":["quats.webp"]},