{"version":2,"count":595841,"means":{"mins":[-2.178635291910404,-1.2181867677310478,-1.4475831928061922],"maxs":[1.3131732390551887,4.215439481303374,2.838315255194274],"files":["means_l.webp","means_u.webp"]},"scales":{"codebook":[-9.998923301696777,-9.960053443908691,-9.910751342773438,-9.867213249206543,-9.824432373046875,-9.773582458496094,-9.726645469665527,-9.687066078186035,-9.64803409576416,-9.609461784362793,-9.57028579711914,-9.530961990356445,-9.48853874206543,-9.445152282714844,-9.405723571777344,-9.363293647766113,-9.319823265075684,-9.28133487701416,-9.238439559936523,-9.195351600646973,-9.1524076461792,-9.10909366607666,-9.066622734069824,-9.019386291503906,-8.976008415222168,-8.937348365783691,-8.894779205322266,-8.851350784301758,-8.811817169189453,-8.769545555114746,-8.726530075073242,-8.687317848205566,-8.644713401794434,-8.598152160644531,-8.550742149353027,-8.507829666137695,-8.46849250793457,-8.429363250732422,-8.390726089477539,-8.347732543945312,-8.304412841796875,-8.261809349060059,-8.21835708618164,-8.1798095703125,-8.14065170288086,-8.097755432128906,-8.054582595825195,-8.014656066894531,-7.97245454788208,-7.929593563079834,-7.88689661026001,-7.843701362609863,-7.802755832672119,-7.765561103820801,-7.734494686126709,-7.70297908782959,-7.666226863861084,-7.624831199645996,-7.585885047912598,-7.548866271972656,-7.511480808258057,-7.478636741638184,-7.445278167724609,-7.408323764801025,-7.371118545532227,-7.3340606689453125,-7.2925190925598145,-7.252164363861084,-7.210790634155273,-7.167882442474365,-7.1248908042907715,-7.082059383392334,-7.038956642150879,-6.995791435241699,-6.952864170074463,-6.909797191619873,-6.869165897369385,-6.827963352203369,-6.7850494384765625,-6.742031574249268,-6.6990485191345215,-6.660065650939941,-6.624992847442627,-6.589660167694092,-6.550676345825195,-6.509669303894043,-6.4724555015563965,-6.437372207641602,-6.400390625,-6.359200954437256,-6.3162384033203125,-6.273345470428467,-6.232357025146484,-6.19337797164917,-6.152438163757324,-6.109273433685303,-6.066247940063477,-6.023324966430664,-5.982452869415283,-5.9413533210754395,-5.8981852531433105,-5.855387210845947,-5.812347888946533,-5.771519660949707,-5.730423927307129,-5.687397480010986,-5.6444292068481445,-5.6014485359191895,-5.558282852172852,-5.515537738800049,-5.474747180938721,-5.433602809906006,-5.390650749206543,-5.349647045135498,-5.308559417724609,-5.265486717224121,-5.222579002380371,-5.179693698883057,-5.136695861816406,-5.093686580657959,-5.052811622619629,-5.011692047119141,-4.968811988830566,-4.925673007965088,-4.884983539581299,-4.843540191650391,-4.800692081451416,-4.757734298706055,-4.714837551116943,-4.671841621398926,-4.628859043121338,-4.5879058837890625,-4.546700954437256,-4.503824234008789,-4.460980415344238,-4.419942378997803,-4.378929615020752,-4.335890769958496,-4.292935848236084,-4.250121116638184,-4.207154273986816,-4.166052341461182,-4.125123977661133,-4.082108020782471,-4.039102077484131,-3.9965388774871826,-3.9570538997650146,-3.9210381507873535,-3.886744737625122,-3.8545780181884766,-3.821363687515259,-3.784224033355713,-3.7432656288146973,-3.701355218887329,-3.6594064235687256,-3.6165034770965576,-3.5742428302764893,-3.532425880432129,-3.4894986152648926,-3.4475700855255127,-3.405466079711914,-3.362398862838745,-3.320396900177002,-3.2794625759124756,-3.241183280944824,-3.207242965698242,-3.1748716831207275,-3.1408166885375977,-3.1035568714141846,-3.0654754638671875,-3.0245490074157715,-2.9826979637145996,-2.9409258365631104,-2.8974649906158447,-2.8558316230773926,-2.8136560916900635,-2.770905017852783,-2.7288365364074707,-2.686690092086792,-2.643775463104248,-2.601900339126587,-2.55967378616333,-2.5181026458740234,-2.4756433963775635,-2.4330384731292725,-2.3908751010894775,-2.3488173484802246,-2.3060920238494873,-2.2626454830169678,-2.2205402851104736,-2.1790380477905273,-2.1358227729797363,-2.0932044982910156,-2.0518031120300293,-2.0096116065979004,-1.9678459167480469,-1.9261000156402588,-1.8845959901809692,-1.8422297239303589,-1.8006945848464966,-1.7581731081008911,-1.7152073383331299,-1.6737239360809326,-1.6308610439300537,-1.5878907442092896,-1.5463253259658813,-1.5043449401855469,-1.4600509405136108,-1.418533205986023,-1.3768056631088257,-1.3343161344528198,-1.292809009552002,-1.2490743398666382,-1.2057281732559204,-1.1666550636291504,-1.1262333393096924,-1.0857938528060913,-1.045211672782898,-1.0043087005615234,-0.9594489932060242,-0.9143515825271606,-0.8737223744392395,-0.8258805274963379,-0.7861112356185913,-0.737519383430481,-0.7009060978889465,-0.6594173312187195,-0.6159105896949768,-0.5737926363945007,-0.5361689925193787,-0.49092602729797363,-0.45238229632377625,-0.403352290391922,-0.36186230182647705,-0.32469192147254944,-0.2817394733428955,-0.24374814331531525,-0.20653007924556732,-0.15618896484375,-0.10560388118028641,-0.07331294566392899,-0.027785325422883034,0.007335018832236528,0.05186459794640541,0.08950385451316833,0.11810670793056488,0.2026241421699524,0.24284985661506653,0.2569533884525299,0.29621222615242004,0.43271395564079285,0.5223495364189148,0.5492335557937622,0.593106210231781,0.6341124176979065,0.7793496251106262],"files":["scales.webp"]},"quats":{"files":["quats.webp"]},