{"version":2,"count":533794,"means":{"mins":[-0.9611291553493788,-4.578043554692432,-1.2013989132723415],"maxs":[2.950817247426518,4.164488953140997,2.929782539839039],"files":["means_l.webp","means_u.webp"]},"scales":{"codebook":[-9.998448371887207,-9.95596981048584,-9.910794258117676,-9.863389015197754,-9.815731048583984,-9.769542694091797,-9.726298332214355,-9.687239646911621,-9.644795417785645,-9.601515769958496,-9.55898666381836,-9.507875442504883,-9.460908889770508,-9.421601295471191,-9.38265609741211,-9.340084075927734,-9.288923263549805,-9.242223739624023,-9.202831268310547,-9.164060592651367,-9.121155738830566,-9.078444480895996,-9.035164833068848,-8.98858642578125,-8.94117546081543,-8.897947311401367,-8.859711647033691,-8.81667423248291,-8.769474029541016,-8.726397514343262,-8.683672904968262,-8.637430191040039,-8.593884468078613,-8.551254272460938,-8.507861137390137,-8.465139389038086,-8.418200492858887,-8.375011444091797,-8.336183547973633,-8.293002128601074,-8.245512962341309,-8.202691078186035,-8.160168647766113,-8.116947174072266,-8.074291229248047,-8.031058311462402,-7.988978862762451,-7.945662975311279,-7.9022088050842285,-7.857934474945068,-7.812398433685303,-7.769169807434082,-7.726582050323486,-7.681740760803223,-7.6366353034973145,-7.593472003936768,-7.550853729248047,-7.508059501647949,-7.463083744049072,-7.41807746887207,-7.374954700469971,-7.3317413330078125,-7.288541316986084,-7.244325160980225,-7.198938369750977,-7.156099319458008,-7.1133623123168945,-7.070126056671143,-7.027395248413086,-6.982676982879639,-6.937614440917969,-6.894607067108154,-6.851677417755127,-6.8067216873168945,-6.761529445648193,-6.718436241149902,-6.6753716468811035,-6.632757663726807,-6.587948799133301,-6.5428690910339355,-6.499918460845947,-6.45723295211792,-6.412206172943115,-6.367119789123535,-6.323984146118164,-6.281101226806641,-6.238231182098389,-6.1951398849487305,-6.150666236877441,-6.103076934814453,-6.058472156524658,-6.013673305511475,-5.968745708465576,-5.925459861755371,-5.88252067565918,-5.83961820602417,-5.796775817871094,-5.753694534301758,-5.710866928100586,-5.66801643371582,-5.624844074249268,-5.581867218017578,-5.5371575355529785,-5.491693019866943,-5.449157238006592,-5.408079147338867,-5.373051643371582,-5.3415608406066895,-5.306386947631836,-5.267353057861328,-5.226294040679932,-5.183475971221924,-5.14028787612915,-5.095437526702881,-5.050403594970703,-5.007600784301758,-4.964601039886475,-4.921655654907227,-4.878812313079834,-4.8357391357421875,-4.792858600616455,-4.749868869781494,-4.70510721206665,-4.659932613372803,-4.617124080657959,-4.574193000793457,-4.531136512756348,-4.488180637359619,-4.4454450607299805,-4.402346611022949,-4.359427452087402,-4.316276550292969,-4.277571678161621,-4.242411136627197,-4.211061477661133,-4.178012371063232,-4.1386871337890625,-4.09775447845459,-4.052846431732178,-4.0082783699035645,-3.965989589691162,-3.921788454055786,-3.8780577182769775,-3.8340694904327393,-3.790027618408203,-3.7472317218780518,-3.7030417919158936,-3.659224033355713,-3.615262031555176,-3.572312116622925,-3.534123182296753,-3.5001039505004883,-3.466787338256836,-3.4306724071502686,-3.3904309272766113,-3.350620985031128,-3.309662342071533,-3.265744686126709,-3.2218384742736816,-3.177812099456787,-3.133937358856201,-3.0909831523895264,-3.0468201637268066,-3.0030593872070312,-2.9601731300354004,-2.9158904552459717,-2.872236728668213,-2.8283567428588867,-2.7842392921447754,-2.7412471771240234,-2.6974101066589355,-2.653543472290039,-2.6105222702026367,-2.566697835922241,-2.522658348083496,-2.478839635848999,-2.4346885681152344,-2.392294406890869,-2.347891330718994,-2.3041625022888184,-2.2601478099823,-2.2159547805786133,-2.172853469848633,-2.128859519958496,-2.083893299102783,-2.040834665298462,-2.001912832260132,-1.956335425376892,-1.9111006259918213,-1.8676382303237915,-1.8232699632644653,-1.7802578210830688,-1.7366851568222046,-1.6928664445877075,-1.6489226818084717,-1.605657696723938,-1.5620020627975464,-1.517947793006897,-1.4738187789916992,-1.4302992820739746,-1.3859035968780518,-1.3425205945968628,-1.2997890710830688,-1.2544840574264526,-1.2108007669448853,-1.1680538654327393,-1.124556303024292,-1.080999493598938,-1.0403207540512085,-0.9961441159248352,-0.9537215828895569,-0.9105983972549438,-0.8668860793113708,-0.8214408755302429,-0.7786062955856323,-0.7385966181755066,-0.6914390921592712,-0.6448021531105042,-0.5992171168327332,-0.5582488179206848,-0.51520174741745,-0.4772436022758484,-0.43491852283477783,-0.38614630699157715,-0.33772629499435425,-0.2924824357032776,-0.2515944242477417,-0.21263357996940613,-0.168049156665802,-0.12468904256820679,-0.08543019741773605,-0.03698740899562836,0.01328260451555252,0.05670463293790817,0.10032157599925995,0.14402683079242706,0.18841323256492615,0.23041313886642456,0.27471137046813965,0.31140077114105225,0.3495129942893982,0.39914414286613464,0.4592934846878052,0.5037165880203247,0.5368652939796448,0.5757554173469543,0.6263954639434814,0.6746111512184143,0.7229203581809998,0.7465502023696899,0.7917444705963135,0.8162673711776733,0.8968700170516968,0.9341506958007812,1.044662356376648,1.1498823165893555],"files":["scales.webp"]},"quats":{"files":["quats.webp"]},