{"version":2,"count":524683,"means":{"mins":[2.2957002368005597,-4.908172007896249,-0.9402189033625835],"maxs":[3.8675356094820836,-1.070486928178253,2.9607798127057565],"files":["means_l.webp","means_u.webp"]},"scales":{"codebook":[-9.998650550842285,-9.953125953674316,-9.906739234924316,-9.86329174041748,-9.816667556762695,-9.769521713256836,-9.722879409790039,-9.671850204467773,-9.624910354614258,-9.585619926452637,-9.547323226928711,-9.504499435424805,-9.457289695739746,-9.410305976867676,-9.359292030334473,-9.312566757202148,-9.269641876220703,-9.22246265411377,-9.179312705993652,-9.137184143066406,-9.093600273132324,-9.050858497619629,-9.003996849060059,-8.961114883422852,-8.91811752319336,-8.867241859436035,-8.812539100646973,-8.76564884185791,-8.726603507995605,-8.68707275390625,-8.644608497619629,-8.597262382507324,-8.554496765136719,-8.511994361877441,-8.46074104309082,-8.410297393798828,-8.36695384979248,-8.327895164489746,-8.285350799560547,-8.233842849731445,-8.187211990356445,-8.144678115844727,-8.097393989562988,-8.054638862609863,-8.012519836425781,-7.96682596206665,-7.917737007141113,-7.871018409729004,-7.828152656555176,-7.784974575042725,-7.741872310638428,-7.702878475189209,-7.669841289520264,-7.636748313903809,-7.599750518798828,-7.5586161613464355,-7.5153350830078125,-7.472620010375977,-7.42780876159668,-7.3809099197387695,-7.334020137786865,-7.28503942489624,-7.23806095123291,-7.195282459259033,-7.152407646179199,-7.109410285949707,-7.066275119781494,-7.0215678215026855,-6.974565029144287,-6.929592132568359,-6.884799003601074,-6.839690685272217,-6.796818256378174,-6.753854274749756,-6.709163665771484,-6.663852214813232,-6.619162082672119,-6.572310447692871,-6.527414798736572,-6.48244571685791,-6.4375786781311035,-6.392609596252441,-6.347622394561768,-6.3027472496032715,-6.257970333099365,-6.21297025680542,-6.166065216064453,-6.119156837463379,-6.072277069091797,-6.02730655670166,-5.98439884185791,-5.94129753112793,-5.896566390991211,-5.853435516357422,-5.818448066711426,-5.789036750793457,-5.755895137786865,-5.714846134185791,-5.671954154968262,-5.626969814300537,-5.581971168518066,-5.543004035949707,-5.511762619018555,-5.480442523956299,-5.443389415740967,-5.400433540344238,-5.355317115783691,-5.310597896575928,-5.265960693359375,-5.220874309539795,-5.175902843475342,-5.130883693695068,-5.085934162139893,-5.04116678237915,-4.996016502380371,-4.951200008392334,-4.904387950897217,-4.859252452850342,-4.814547061920166,-4.769567012786865,-4.724676609039307,-4.677816867828369,-4.632693767547607,-4.58807897567749,-4.542842864990234,-4.499938488006592,-4.455153465270996,-4.408221244812012,-4.361369609832764,-4.312320232391357,-4.265585899353027,-4.2225141525268555,-4.179609775543213,-4.136654376983643,-4.091839790344238,-4.04673433303833,-4.003433704376221,-3.958926200866699,-3.9139418601989746,-3.8691775798797607,-3.8241052627563477,-3.779139280319214,-3.734245538711548,-3.6894474029541016,-3.6465516090393066,-3.6073696613311768,-3.5726242065429688,-3.5372061729431152,-3.499102830886841,-3.4589381217956543,-3.417160987854004,-3.373316764831543,-3.328209400177002,-3.28346848487854,-3.238433361053467,-3.193631172180176,-3.1488027572631836,-3.103740692138672,-3.059049606323242,-3.0136375427246094,-2.9689204692840576,-2.9230687618255615,-2.8768436908721924,-2.832104444503784,-2.787527084350586,-2.7420408725738525,-2.6973228454589844,-2.6527326107025146,-2.6078426837921143,-2.562565803527832,-2.5175890922546387,-2.4729092121124268,-2.4278812408447266,-2.382578134536743,-2.337862968444824,-2.2920775413513184,-2.2463409900665283,-2.201742649078369,-2.156324863433838,-2.110448122024536,-2.0633668899536133,-2.0166397094726562,-1.9742116928100586,-1.9310643672943115,-1.886692762374878,-1.8408640623092651,-1.795469880104065,-1.7508312463760376,-1.7055349349975586,-1.6608775854110718,-1.615748643875122,-1.5714627504348755,-1.5257806777954102,-1.4801565408706665,-1.4350979328155518,-1.3909341096878052,-1.3468999862670898,-1.3021196126937866,-1.2572675943374634,-1.211388349533081,-1.1662399768829346,-1.121215581893921,-1.0764726400375366,-1.03095281124115,-0.984492838382721,-0.9403764605522156,-0.8957439064979553,-0.8517643809318542,-0.804823100566864,-0.7604598999023438,-0.7170220017433167,-0.6721158027648926,-0.6252301931381226,-0.5792052149772644,-0.5344178080558777,-0.491300106048584,-0.44921818375587463,-0.4042110741138458,-0.36017701029777527,-0.3176116943359375,-0.27549654245376587,-0.22760707139968872,-0.17536373436450958,-0.12607181072235107,-0.08695710450410843,-0.04294872283935547,-0.0002838286163751036,0.04573133587837219,0.09828033298254013,0.143342524766922,0.19006288051605225,0.23734457790851593,0.28148314356803894,0.31665170192718506,0.3543994128704071,0.4022054672241211,0.4465831518173218,0.4906550347805023,0.5420746207237244,0.5907801985740662,0.6344426870346069,0.675871729850769,0.7229070067405701,0.7580819129943848,0.7940015196800232,0.8630471229553223,0.913132905960083,0.9517797231674194,0.9875468611717224,1.0803905725479126,1.173483967781067,1.213435173034668,1.3330738544464111,1.3621554374694824,1.4386637210845947,1.4838191270828247],"files":["scales.webp"]},"quats":{"files":["quats.webp"]},