{"version":2,"count":524372,"means":{"mins":[-0.9610959631830553,-4.928371926985341,-1.1950735697327102],"maxs":[4.609853872017201,3.9748104549590058,3.303623492511544],"files":["means_l.webp","means_u.webp"]},"scales":{"codebook":[-9.997644424438477,-9.954201698303223,-9.907735824584961,-9.864225387573242,-9.817145347595215,-9.76996898651123,-9.726743698120117,-9.684344291687012,-9.637367248535156,-9.589502334594727,-9.543002128601074,-9.500062942504883,-9.457385063171387,-9.410703659057617,-9.363389015197754,-9.320833206176758,-9.277953147888184,-9.230612754821777,-9.183181762695312,-9.136734962463379,-9.090391159057617,-9.042405128479004,-9.000019073486328,-8.957131385803223,-8.910000801086426,-8.86706829071045,-8.8242769241333,-8.77784538269043,-8.730209350585938,-8.683874130249023,-8.640169143676758,-8.597864151000977,-8.550741195678711,-8.508536338806152,-8.46526050567627,-8.418325424194336,-8.371439933776855,-8.32405948638916,-8.281563758850098,-8.238349914550781,-8.18726634979248,-8.14023494720459,-8.101802825927734,-8.058646202087402,-8.01276683807373,-7.966618537902832,-7.920030117034912,-7.8728556632995605,-7.828114986419678,-7.784919738769531,-7.741771697998047,-7.697904109954834,-7.6507649421691895,-7.604001522064209,-7.558224201202393,-7.515669345855713,-7.470833778381348,-7.423935413360596,-7.378732681274414,-7.335559368133545,-7.291252613067627,-7.243971347808838,-7.1990461349487305,-7.1545586585998535,-7.107502460479736,-7.062187671661377,-7.017800807952881,-6.970470905303955,-6.923828601837158,-6.878494739532471,-6.835671901702881,-6.792755603790283,-6.7481303215026855,-6.701019287109375,-6.656228542327881,-6.612990856170654,-6.5684661865234375,-6.521358013153076,-6.476314067840576,-6.431704998016357,-6.386439323425293,-6.342169284820557,-6.295256614685059,-6.2484612464904785,-6.2012224197387695,-6.156001091003418,-6.112977027893066,-6.069920539855957,-6.025891304016113,-5.978082180023193,-5.933631420135498,-5.8905839920043945,-5.84575080871582,-5.796539783477783,-5.749881744384766,-5.707038402557373,-5.6621599197387695,-5.615045070648193,-5.568628787994385,-5.523339748382568,-5.480334758758545,-5.437117099761963,-5.394497871398926,-5.349709510803223,-5.300535202026367,-5.253668308258057,-5.208998680114746,-5.163894176483154,-5.12081241607666,-5.078417778015137,-5.033231735229492,-4.984118461608887,-4.935269832611084,-4.890565872192383,-4.845748424530029,-4.798795223236084,-4.753751277923584,-4.710689067840576,-4.667916774749756,-4.6248698234558105,-4.580169200897217,-4.5333476066589355,-4.484241008758545,-4.437433242797852,-4.392645835876465,-4.343637466430664,-4.296870231628418,-4.253705978393555,-4.21075439453125,-4.167904853820801,-4.12501335144043,-4.081541538238525,-4.038893699645996,-3.993481159210205,-3.947059154510498,-3.902219295501709,-3.8573241233825684,-3.812364339828491,-3.767482042312622,-3.722677230834961,-3.677628517150879,-3.6326355934143066,-3.5877771377563477,-3.5428428649902344,-3.4979565143585205,-3.4530556201934814,-3.4082138538360596,-3.3632333278656006,-3.318326711654663,-3.273235321044922,-3.2275922298431396,-3.181623935699463,-3.136765480041504,-3.0917882919311523,-3.046962261199951,-3.001983404159546,-2.957266092300415,-2.9124176502227783,-2.8672876358032227,-2.8221817016601562,-2.776646375656128,-2.7306268215179443,-2.6858346462249756,-2.6407101154327393,-2.595924139022827,-2.551021099090576,-2.5061213970184326,-2.46110463142395,-2.415369749069214,-2.3692519664764404,-2.3242757320404053,-2.2792673110961914,-2.2337586879730225,-2.1874866485595703,-2.1422903537750244,-2.097228765487671,-2.0518040657043457,-2.007175922393799,-1.9644794464111328,-1.9192675352096558,-1.8732335567474365,-1.8278356790542603,-1.783037781715393,-1.7378926277160645,-1.6925925016403198,-1.6470668315887451,-1.6021699905395508,-1.5574759244918823,-1.5124313831329346,-1.4670286178588867,-1.4219927787780762,-1.377028226852417,-1.3308221101760864,-1.2857242822647095,-1.2406915426254272,-1.1963881254196167,-1.150457739830017,-1.1050832271575928,-1.0609512329101562,-1.0154672861099243,-0.9708643555641174,-0.9277467131614685,-0.8840715289115906,-0.839958906173706,-0.7959562540054321,-0.750407874584198,-0.7035121321678162,-0.6576679944992065,-0.6111026406288147,-0.5654685497283936,-0.519573986530304,-0.47508761286735535,-0.42909079790115356,-0.3838758170604706,-0.3403489589691162,-0.2949826419353485,-0.2461233139038086,-0.2015514373779297,-0.15505994856357574,-0.1109604611992836,-0.06611207127571106,-0.021702654659748077,0.02126617357134819,0.06409880518913269,0.10604852437973022,0.15321187674999237,0.20041991770267487,0.24737858772277832,0.29627856612205505,0.34296172857284546,0.37972941994667053,0.4235164523124695,0.47193992137908936,0.5197336673736572,0.5645725727081299,0.6100032329559326,0.655471920967102,0.7002896070480347,0.740833044052124,0.7939183712005615,0.833410382270813,0.87896728515625,0.9264163970947266,0.967990517616272,1.013527512550354,1.0690383911132812,1.1026082038879395,1.1500474214553833,1.1874946355819702,1.2303639650344849,1.2774884700775146,1.3178565502166748,1.3568360805511475,1.432462215423584,1.4653552770614624,1.5022497177124023],"files":["scales.webp"]},"quats":{"files":["quats.webp"]},