{"version":2,"count":529527,"means":{"mins":[-2.1786362095022125,2.0566833569757113,-1.2796104490554536],"maxs":[-0.9611524074470268,2.4919414217816884,2.6505735459981374],"files":["means_l.webp","means_u.webp"]},"scales":{"codebook":[-9.998720169067383,-9.967370986938477,-9.930124282836914,-9.8908052444458,-9.851343154907227,-9.816339492797852,-9.785187721252441,-9.749320030212402,-9.714983940124512,-9.679811477661133,-9.640031814575195,-9.605525970458984,-9.574325561523438,-9.538307189941406,-9.504241943359375,-9.468819618225098,-9.429361343383789,-9.390799522399902,-9.355606079101562,-9.324422836303711,-9.28829574584961,-9.253758430480957,-9.230450630187988,-9.214906692504883,-9.187511444091797,-9.148271560668945,-9.108870506286621,-9.07473087310791,-9.03855037689209,-8.999789237976074,-8.968750953674316,-8.941715240478516,-8.906145095825195,-8.871170043945312,-8.835655212402344,-8.801107406616211,-8.765301704406738,-8.726247787475586,-8.6913480758667,-8.660209655761719,-8.624968528747559,-8.589938163757324,-8.554752349853516,-8.519600868225098,-8.484078407287598,-8.445555686950684,-8.410395622253418,-8.374674797058105,-8.339974403381348,-8.30475902557373,-8.265398025512695,-8.230517387390137,-8.195382118225098,-8.156085968017578,-8.124913215637207,-8.097695350646973,-8.062201499938965,-8.026906967163086,-7.995115280151367,-7.9608635902404785,-7.925536632537842,-7.890244483947754,-7.855292797088623,-7.820306301116943,-7.784748554229736,-7.749847412109375,-7.714625835418701,-7.679508686065674,-7.6444549560546875,-7.609275817871094,-7.573976039886475,-7.539041519165039,-7.503839492797852,-7.468601703643799,-7.433289527893066,-7.398226261138916,-7.363417625427246,-7.327971935272217,-7.292633533477783,-7.2577643394470215,-7.222280025482178,-7.187442779541016,-7.152125358581543,-7.117160320281982,-7.08193302154541,-7.046722412109375,-7.011457443237305,-6.976358413696289,-6.941432476043701,-6.906184673309326,-6.870944023132324,-6.835900783538818,-6.8007378578186035,-6.765385627746582,-6.7304534912109375,-6.6992597579956055,-6.673828601837158,-6.646361827850342,-6.617132186889648,-6.5879621505737305,-6.554595470428467,-6.5195112228393555,-6.484349250793457,-6.448996543884277,-6.414008140563965,-6.378853797912598,-6.343671798706055,-6.308688640594482,-6.273237228393555,-6.238156795501709,-6.2031755447387695,-6.168061256408691,-6.13280725479126,-6.097752571105957,-6.062542915344238,-6.031190395355225,-6.007805824279785,-5.982432842254639,-5.951164722442627,-5.919971942901611,-5.886699676513672,-5.851681709289551,-5.816508769989014,-5.781229496002197,-5.745878219604492,-5.7109246253967285,-5.67592716217041,-5.640694618225098,-5.605398178100586,-5.570143222808838,-5.535065174102783,-5.50001335144043,-5.464944839477539,-5.429648399353027,-5.394540309906006,-5.359381198883057,-5.324135780334473,-5.294890403747559,-5.275410175323486,-5.252084732055664,-5.218801498413086,-5.183628082275391,-5.148505687713623,-5.113271236419678,-5.078390598297119,-5.0429158210754395,-5.00789737701416,-4.972692489624023,-4.937520503997803,-4.902292251586914,-4.867269039154053,-4.831858158111572,-4.796946048736572,-4.761805534362793,-4.726519584655762,-4.6914544105529785,-4.656270980834961,-4.621148586273193,-4.5857834815979,-4.550957202911377,-4.51556396484375,-4.480616569519043,-4.445385456085205,-4.414066314697266,-4.390584945678711,-4.36525821685791,-4.333955764770508,-4.304616928100586,-4.281194686889648,-4.2578301429748535,-4.228636741638184,-4.197330951690674,-4.163985729217529,-4.1290178298950195,-4.0938262939453125,-4.058701515197754,-4.023602485656738,-3.987015724182129,-3.9504892826080322,-3.9151394367218018,-3.8799610137939453,-3.8449549674987793,-3.809634208679199,-3.774502754211426,-3.7393481731414795,-3.70424485206604,-3.6690196990966797,-3.633676290512085,-3.5986804962158203,-3.5636484622955322,-3.5284175872802734,-3.4935998916625977,-3.45808744430542,-3.423025608062744,-3.387686252593994,-3.352544069290161,-3.317607879638672,-3.2823009490966797,-3.2475059032440186,-3.212357759475708,-3.177234649658203,-3.1419060230255127,-3.1066465377807617,-3.0714354515075684,-3.036611557006836,-3.0008442401885986,-2.966428279876709,-2.9305083751678467,-2.8955917358398438,-2.860383987426758,-2.825378656387329,-2.7899556159973145,-2.755284070968628,-2.7197721004486084,-2.684964179992676,-2.649892568588257,-2.61447811126709,-2.5793893337249756,-2.543865919113159,-2.5100624561309814,-2.4833180904388428,-2.4600718021392822,-2.433088541030884,-2.4006505012512207,-2.3675718307495117,-2.3317291736602783,-2.2987403869628906,-2.2635295391082764,-2.2282586097717285,-2.1924235820770264,-2.1562085151672363,-2.1225578784942627,-2.0874011516571045,-2.0530905723571777,-2.0242786407470703,-2.000274181365967,-1.9604138135910034,-1.9233461618423462,-1.8890879154205322,-1.853100061416626,-1.813088297843933,-1.7755866050720215,-1.7368083000183105,-1.7059125900268555,-1.6619395017623901,-1.6212079524993896,-1.5937678813934326,-1.5624827146530151,-1.4924767017364502,-1.4414092302322388,-1.4130337238311768,-1.3711984157562256,-1.354083776473999,-1.095086693763733,-1.0537136793136597,-1.0352802276611328],"files":["scales.webp"]},"quats":{"files":["quats.webp"]},