{"version":2,"count":526087,"means":{"mins":[-3.9696286560754848,-2.7605812691454203,-1.5537962606495794],"maxs":[-1.9337414351459705,-1.2182454354078684,2.8902865593612734],"files":["means_l.webp","means_u.webp"]},"scales":{"codebook":[-9.99920654296875,-9.964783668518066,-9.918815612792969,-9.875328063964844,-9.832712173461914,-9.789246559143066,-9.749879837036133,-9.711151123046875,-9.672107696533203,-9.632948875427246,-9.590046882629395,-9.546639442443848,-9.50758171081543,-9.468827247619629,-9.425992965698242,-9.382916450500488,-9.343923568725586,-9.304834365844727,-9.261953353881836,-9.21880054473877,-9.17614459991455,-9.132997512817383,-9.093422889709473,-9.054759979248047,-9.015169143676758,-8.976788520812988,-8.933911323547363,-8.890301704406738,-8.851537704467773,-8.812492370605469,-8.773798942565918,-8.730672836303711,-8.687542915344238,-8.64831256866455,-8.60547924041748,-8.562087059020996,-8.523571014404297,-8.484577178955078,-8.441594123840332,-8.398141860961914,-8.359004974365234,-8.320186614990234,-8.281182289123535,-8.23836898803711,-8.195831298828125,-8.156255722045898,-8.113557815551758,-8.070172309875488,-8.030945777893066,-7.991482257843018,-7.951200485229492,-7.910027503967285,-7.867010116577148,-7.8258771896362305,-7.787421226501465,-7.746310234069824,-7.7027506828308105,-7.662049770355225,-7.623152732849121,-7.582013130187988,-7.541374683380127,-7.4997429847717285,-7.458883762359619,-7.419981479644775,-7.378751277923584,-7.337919235229492,-7.296411991119385,-7.256053924560547,-7.21472692489624,-7.174077987670898,-7.133021354675293,-7.092008590698242,-7.050824165344238,-7.007678031921387,-6.964198589324951,-6.923828125,-6.884936809539795,-6.843288898468018,-6.802874565124512,-6.763691425323486,-6.722287178039551,-6.679630279541016,-6.638911724090576,-6.597284317016602,-6.5568366050720215,-6.517788887023926,-6.476232051849365,-6.435565948486328,-6.394534111022949,-6.35144567489624,-6.308513641357422,-6.265419960021973,-6.222394943237305,-6.181667327880859,-6.144126892089844,-6.107651710510254,-6.066187381744385,-6.023344039916992,-5.980297088623047,-5.937500953674316,-5.898219108581543,-5.861453056335449,-5.819977283477783,-5.779430866241455,-5.740302085876465,-5.6990532875061035,-5.656105995178223,-5.6129913330078125,-5.572178840637207,-5.533259868621826,-5.494199275970459,-5.453219890594482,-5.409860610961914,-5.367067813873291,-5.326082229614258,-5.287125587463379,-5.245983600616455,-5.204952716827393,-5.166016101837158,-5.124687194824219,-5.084033966064453,-5.042740821838379,-4.999917507171631,-4.957004070281982,-4.913942337036133,-4.870980262756348,-4.827978134155273,-4.784830093383789,-4.745973110198975,-4.708991050720215,-4.667791843414307,-4.624950408935547,-4.581846714019775,-4.538830280303955,-4.4958624839782715,-4.454856872558594,-4.417865753173828,-4.3809309005737305,-4.343621253967285,-4.306650161743164,-4.265476703643799,-4.222569465637207,-4.1795525550842285,-4.138683319091797,-4.09966516494751,-4.058483600616455,-4.0180134773254395,-3.9795100688934326,-3.939512252807617,-3.898411750793457,-3.8574535846710205,-3.8163363933563232,-3.7774391174316406,-3.7411952018737793,-3.708949565887451,-3.6777145862579346,-3.64456844329834,-3.6113014221191406,-3.579059600830078,-3.5489001274108887,-3.5176122188568115,-3.4834182262420654,-3.446350336074829,-3.406327247619629,-3.3652708530426025,-3.3244338035583496,-3.2834203243255615,-3.2421984672546387,-3.201432943344116,-3.16019606590271,-3.1202392578125,-3.0801446437835693,-3.039201021194458,-2.9982168674468994,-2.957254648208618,-2.9162347316741943,-2.875243663787842,-2.8340766429901123,-2.793330669403076,-2.7522132396698,-2.7111141681671143,-2.670137882232666,-2.6290364265441895,-2.5878207683563232,-2.547222852706909,-2.506169557571411,-2.4650025367736816,-2.4243357181549072,-2.3831472396850586,-2.3418004512786865,-2.301365852355957,-2.260096311569214,-2.218747854232788,-2.177347183227539,-2.1348166465759277,-2.093615770339966,-2.0522327423095703,-2.0107645988464355,-1.9735769033432007,-1.9324581623077393,-1.8908323049545288,-1.8517429828643799,-1.809963345527649,-1.7681618928909302,-1.7272230386734009,-1.685886025428772,-1.6467173099517822,-1.606593132019043,-1.5658246278762817,-1.524661898612976,-1.4845569133758545,-1.4426480531692505,-1.4026354551315308,-1.3617379665374756,-1.3238818645477295,-1.2813279628753662,-1.2379356622695923,-1.1955653429031372,-1.153122067451477,-1.1141966581344604,-1.0722755193710327,-1.0312179327011108,-0.9920063018798828,-0.9497975707054138,-0.909038782119751,-0.8668988943099976,-0.8270993828773499,-0.7859970927238464,-0.7425700426101685,-0.7060303092002869,-0.6608683466911316,-0.6232563257217407,-0.5774393081665039,-0.5333762168884277,-0.4898584187030792,-0.4550932049751282,-0.4172062277793884,-0.3799259662628174,-0.34034857153892517,-0.2932054102420807,-0.2594364285469055,-0.2153765857219696,-0.1753762662410736,-0.12397807091474533,-0.10646703839302063,-0.05297335982322693,0.013008620589971542,0.041560012847185135,0.06230153143405914,0.09982643276453018,0.15542423725128174,0.18552982807159424,0.2339208722114563,0.2838563919067383,0.3553771376609802,0.4425111413002014],"files":["scales.webp"]},"quats":{"files":["quats.webp"]},