{"version":2,"count":524304,"means":{"mins":[2.296272101853116,-4.908173134906343,-0.940919143839972],"maxs":[3.8675301854681714,-1.0704066156074064,2.9538108036009985],"files":["means_l.webp","means_u.webp"]},"scales":{"codebook":[-9.998285293579102,-9.956415176391602,-9.911273002624512,-9.864063262939453,-9.81654167175293,-9.769753456115723,-9.72278881072998,-9.67969799041748,-9.640131950378418,-9.597757339477539,-9.551201820373535,-9.503567695617676,-9.460631370544434,-9.418129920959473,-9.371075630187988,-9.328707695007324,-9.285259246826172,-9.238577842712402,-9.191479682922363,-9.148553848266602,-9.105570793151855,-9.05910587310791,-9.012188911437988,-8.968728065490723,-8.925946235656738,-8.878952980041504,-8.832123756408691,-8.785198211669922,-8.734458923339844,-8.687638282775879,-8.648384094238281,-8.609187126159668,-8.566471099853516,-8.519312858581543,-8.476286888122559,-8.433605194091797,-8.38259220123291,-8.336005210876465,-8.304734230041504,-8.277576446533203,-8.246190071105957,-8.211024284362793,-8.16815185546875,-8.11715030670166,-8.070121765136719,-8.031045913696289,-7.987343788146973,-7.937384128570557,-7.890434741973877,-7.847463130950928,-7.8044586181640625,-7.761408805847168,-7.718506813049316,-7.675897121429443,-7.632617473602295,-7.587927341461182,-7.5412092208862305,-7.492038726806641,-7.445235729217529,-7.402251720428467,-7.35903263092041,-7.316422462463379,-7.273418426513672,-7.228583335876465,-7.181324005126953,-7.1366095542907715,-7.093688488006592,-7.050502777099609,-7.007628440856934,-6.962993621826172,-6.915939807891846,-6.871051788330078,-6.828249931335449,-6.7832865715026855,-6.738112449645996,-6.69339656829834,-6.64438009262085,-6.597517013549805,-6.5544753074646,-6.5116472244262695,-6.468634605407715,-6.425793647766113,-6.380863189697266,-6.333946228027344,-6.2889790534973145,-6.246076583862305,-6.203146457672119,-6.158322811126709,-6.111335277557373,-6.062376022338867,-6.015557765960693,-5.972548484802246,-5.929548740386963,-5.884799003601074,-5.835700035095215,-5.788984775543213,-5.7460126876831055,-5.7029643058776855,-5.659909725189209,-5.617028713226318,-5.57415771484375,-5.5311174392700195,-5.488206386566162,-5.44340705871582,-5.396747589111328,-5.35152530670166,-5.3086066246032715,-5.263678073883057,-5.218689441680908,-5.1738409996032715,-5.1288042068481445,-5.086118698120117,-5.041027069091797,-4.996045112609863,-4.95305871963501,-4.908240795135498,-4.861432075500488,-4.816435813903809,-4.771511554718018,-4.726505756378174,-4.683497905731201,-4.638744354248047,-4.593522071838379,-4.550856113433838,-4.5059051513671875,-4.458715438842773,-4.413976669311523,-4.369145393371582,-4.324182987213135,-4.281218528747559,-4.23835563659668,-4.193479537963867,-4.148299217224121,-4.103557109832764,-4.058749675750732,-4.015089511871338,-3.970543622970581,-3.925715923309326,-3.8809268474578857,-3.8358283042907715,-3.790931224822998,-3.7460715770721436,-3.70231556892395,-3.658104419708252,-3.6134824752807617,-3.5685300827026367,-3.5233800411224365,-3.4813942909240723,-3.444460868835449,-3.410158395767212,-3.3750081062316895,-3.337024688720703,-3.2959418296813965,-3.252897262573242,-3.210042715072632,-3.1661362648010254,-3.1211516857147217,-3.0773110389709473,-3.033337354660034,-2.9882349967956543,-2.9433977603912354,-2.8985886573791504,-2.8536016941070557,-2.8087823390960693,-2.763956308364868,-2.718677043914795,-2.6750712394714355,-2.630831241607666,-2.585843801498413,-2.540785551071167,-2.4963042736053467,-2.4512224197387695,-2.407433032989502,-2.363264799118042,-2.3185598850250244,-2.273432970046997,-2.2285404205322266,-2.183741331100464,-2.1385746002197266,-2.093465566635132,-2.048830032348633,-2.005702257156372,-1.9606541395187378,-1.9155175685882568,-1.871476173400879,-1.8267678022384644,-1.7826571464538574,-1.7371026277542114,-1.6922072172164917,-1.6484923362731934,-1.6030508279800415,-1.5588833093643188,-1.5147836208343506,-1.469850778579712,-1.4248772859573364,-1.379520058631897,-1.3352059125900269,-1.2911897897720337,-1.2453404664993286,-1.2010612487792969,-1.156664490699768,-1.111932635307312,-1.0663981437683105,-1.022982120513916,-0.9779791235923767,-0.9341644644737244,-0.8890866041183472,-0.8444461822509766,-0.7988735437393188,-0.7541904449462891,-0.7099224925041199,-0.6661741137504578,-0.6209769248962402,-0.5763922333717346,-0.5305330157279968,-0.4866369366645813,-0.4426990747451782,-0.4006223976612091,-0.35394641757011414,-0.3104799687862396,-0.26564034819602966,-0.22005407512187958,-0.1758047491312027,-0.1337808072566986,-0.09322623908519745,-0.04855267331004143,0.000010586883036012296,0.04527248814702034,0.09055549651384354,0.1340090036392212,0.17830748856067657,0.23085714876651764,0.2691686749458313,0.3157328963279724,0.36143720149993896,0.398089736700058,0.4416017234325409,0.48298218846321106,0.5328631401062012,0.5832515358924866,0.6267970204353333,0.6712848544120789,0.720227837562561,0.767892599105835,0.8040122389793396,0.8528435230255127,0.9074890613555908,0.9545416235923767,0.9912986755371094,1.0346345901489258,1.0862928628921509,1.1229900121688843,1.171996831893921,1.2015156745910645,1.3410760164260864,1.389068603515625],"files":["scales.webp"]},"quats":{"files":["quats.webp"]},