{"version":2,"count":557838,"means":{"mins":[2.4887505866413377,-2.1040299192132443,-0.6950468228694091],"maxs":[2.9508198408845203,-1.070405389411296,0.726317485497291],"files":["means_l.webp","means_u.webp"]},"scales":{"codebook":[-9.99814224243164,-9.967676162719727,-9.930594444274902,-9.890413284301758,-9.855295181274414,-9.824600219726562,-9.789657592773438,-9.754290580749512,-9.71839427947998,-9.679777145385742,-9.644692420959473,-9.608933448791504,-9.569986343383789,-9.534972190856934,-9.504347801208496,-9.472834587097168,-9.437300682067871,-9.398561477661133,-9.36329460144043,-9.332428932189941,-9.296854972839355,-9.25736141204834,-9.218850135803223,-9.179181098937988,-9.144474983215332,-9.113353729248047,-9.078100204467773,-9.042712211608887,-9.011820793151855,-8.976442337036133,-8.937116622924805,-8.902242660522461,-8.871127128601074,-8.835789680480957,-8.796688079833984,-8.76167106628418,-8.730597496032715,-8.699403762817383,-8.664217948913574,-8.629220962524414,-8.593911170959473,-8.554669380187988,-8.515422821044922,-8.476522445678711,-8.44153118133545,-8.409875869750977,-8.37911605834961,-8.343549728393555,-8.30418872833252,-8.269637107849121,-8.23408031463623,-8.195263862609863,-8.156010627746582,-8.120943069458008,-8.093751907348633,-8.066452980041504,-8.031124114990234,-7.995057582855225,-7.962909698486328,-7.929572582244873,-7.894552707672119,-7.859225749969482,-7.8241047859191895,-7.789007663726807,-7.753583908081055,-7.718789100646973,-7.683370113372803,-7.64847993850708,-7.6131367683410645,-7.577826976776123,-7.5447492599487305,-7.515661716461182,-7.486359596252441,-7.452949047088623,-7.419857978820801,-7.388766765594482,-7.355286121368408,-7.322284698486328,-7.288987636566162,-7.25575065612793,-7.22455358505249,-7.191267013549805,-7.158128261566162,-7.130822658538818,-7.111360549926758,-7.093667984008789,-7.072272777557373,-7.044938087463379,-7.011600494384766,-6.97648811340332,-6.94342041015625,-6.909976482391357,-6.874936580657959,-6.841836929321289,-6.808594226837158,-6.7734527587890625,-6.7383575439453125,-6.703165054321289,-6.667943477630615,-6.632714748382568,-6.5976948738098145,-6.568259239196777,-6.550748825073242,-6.537142276763916,-6.515423774719238,-6.488278388977051,-6.460965633392334,-6.4375529289245605,-6.412110805511475,-6.378894329071045,-6.345706462860107,-6.314514636993408,-6.281282901763916,-6.2460432052612305,-6.210981369018555,-6.175847053527832,-6.140585899353027,-6.105433940887451,-6.070240020751953,-6.035098075866699,-6.000112056732178,-5.964850425720215,-5.9315924644470215,-5.90424108505249,-5.882857799530029,-5.857499122619629,-5.824175834655762,-5.7890825271606445,-5.753901481628418,-5.718766212463379,-5.687631607055664,-5.664154529571533,-5.640683650970459,-5.611401081085205,-5.578230857849121,-5.542935848236084,-5.507941246032715,-5.472753524780273,-5.437537670135498,-5.402363300323486,-5.367132663726807,-5.332112789154053,-5.296900749206543,-5.261843681335449,-5.2265095710754395,-5.191530704498291,-5.156345367431641,-5.1214070320129395,-5.085986614227295,-5.050755977630615,-5.015728950500488,-4.98068380355835,-4.945329666137695,-4.910376071929932,-4.8752217292785645,-4.839752197265625,-4.804963111877441,-4.769707202911377,-4.736424922943115,-4.708975315093994,-4.689520835876465,-4.666095733642578,-4.632857322692871,-4.59763765335083,-4.562721252441406,-4.52744197845459,-4.492443561553955,-4.457137584686279,-4.421950340270996,-4.386670112609863,-4.353790283203125,-4.324147701263428,-4.3008131980896,-4.277401447296143,-4.251920700073242,-4.228625774383545,-4.203186988830566,-4.174112319946289,-4.140547752380371,-4.105761528015137,-4.0701584815979,-4.035220146179199,-3.9995880126953125,-3.963961124420166,-3.9276928901672363,-3.892500400543213,-3.858402967453003,-3.823248863220215,-3.7883241176605225,-3.7530436515808105,-3.7179174423217773,-3.682896852493286,-3.6478097438812256,-3.6122777462005615,-3.577502727508545,-3.542128562927246,-3.50683856010437,-3.4719271659851074,-3.436905860900879,-3.4015865325927734,-3.366408348083496,-3.331385374069214,-3.295902729034424,-3.2609031200408936,-3.2256739139556885,-3.191622734069824,-3.157766103744507,-3.122182607650757,-3.0877556800842285,-3.052081346511841,-3.0164337158203125,-2.9816231727600098,-2.9469528198242188,-2.9114842414855957,-2.876793146133423,-2.841346025466919,-2.8057985305786133,-2.7719500064849854,-2.7350518703460693,-2.7010183334350586,-2.663278341293335,-2.6285903453826904,-2.59566330909729,-2.560405731201172,-2.5252339839935303,-2.4905662536621094,-2.4591116905212402,-2.42012095451355,-2.383300542831421,-2.3497023582458496,-2.31394362449646,-2.278085708618164,-2.23960018157959,-2.208385944366455,-2.172544479370117,-2.138512372970581,-2.1023170948028564,-2.072463274002075,-2.0371344089508057,-2.003270387649536,-1.9684913158416748,-1.923457384109497,-1.8873711824417114,-1.8521589040756226,-1.8170340061187744,-1.773080587387085,-1.749111533164978,-1.7390496730804443,-1.6736538410186768,-1.6491827964782715,-1.5903886556625366,-1.551103115081787,-1.5212726593017578,-1.395840048789978,-1.2724721431732178,-1.0566110610961914],"files":["scales.webp"]},"quats":{"files":["quats.webp"]},