{"version":2,"count":524524,"means":{"mins":[-4.587322808420318,-2.760581751742575,-1.4993678889674606],"maxs":[2.176612817951027,2.656611669974167,3.0847407867772563],"files":["means_l.webp","means_u.webp"]},"scales":{"codebook":[-9.999131202697754,-9.956167221069336,-9.911330223083496,-9.863592147827148,-9.816388130187988,-9.769806861877441,-9.723095893859863,-9.679922103881836,-9.640861511230469,-9.605719566345215,-9.578056335449219,-9.546860694885254,-9.50401496887207,-9.460347175598145,-9.418191909790039,-9.37104320526123,-9.328186988830566,-9.28525161743164,-9.238040924072266,-9.191692352294922,-9.144429206848145,-9.101325988769531,-9.058737754821777,-9.007613182067871,-8.960658073425293,-8.921408653259277,-8.88281536102295,-8.839924812316895,-8.788727760314941,-8.733859062194824,-8.687284469604492,-8.648331642150879,-8.609357833862305,-8.56659984588623,-8.515195846557617,-8.464578628540039,-8.418004989624023,-8.374998092651367,-8.336002349853516,-8.296815872192383,-8.257795333862305,-8.214852333068848,-8.167776107788086,-8.124939918518066,-8.082136154174805,-8.038969039916992,-7.994875907897949,-7.9449687004089355,-7.898222923278809,-7.855167388916016,-7.81231164932251,-7.769309997558594,-7.7246222496032715,-7.677572727203369,-7.6326494216918945,-7.591724872589111,-7.5566864013671875,-7.527335166931152,-7.494212627410889,-7.452962875366211,-7.409987926483154,-7.365242958068848,-7.320154666900635,-7.2771501541137695,-7.234071731567383,-7.191500186920166,-7.1466240882873535,-7.101620197296143,-7.058719635009766,-7.0138373374938965,-6.9667253494262695,-6.921811103820801,-6.878769874572754,-6.835880756378174,-6.791041374206543,-6.7440924644470215,-6.699234485626221,-6.656328201293945,-6.613327503204346,-6.568364143371582,-6.521440505981445,-6.476530075073242,-6.433566570281982,-6.390722274780273,-6.345757484436035,-6.300684928894043,-6.255910873413086,-6.211122989654541,-6.1680097579956055,-6.12313985824585,-6.078177452087402,-6.033303260803223,-5.986433982849121,-5.94135856628418,-5.898487091064453,-5.855419158935547,-5.8106889724731445,-5.76576042175293,-5.720753192901611,-5.6759033203125,-5.632721424102783,-5.5879225730896,-5.5430684089660645,-5.4981689453125,-5.4533467292785645,-5.410236358642578,-5.365237712860107,-5.318360328674316,-5.273245334625244,-5.230510711669922,-5.187516689300537,-5.142951011657715,-5.097644805908203,-5.0527729988098145,-5.00785493850708,-4.965024948120117,-4.919983863830566,-4.87096643447876,-4.822064399719238,-4.777242183685303,-4.734358787536621,-4.69120454788208,-4.648330211639404,-4.605347156524658,-4.5624284744262695,-4.51768159866333,-4.472567081451416,-4.42782735824585,-4.378767013549805,-4.332031726837158,-4.289012908935547,-4.245951175689697,-4.2030134201049805,-4.162095069885254,-4.128821849822998,-4.105536460876465,-4.08601188659668,-4.060732841491699,-4.025533199310303,-3.984062433242798,-3.940333366394043,-3.89935040473938,-3.862654209136963,-3.828131675720215,-3.793987274169922,-3.757053852081299,-3.7160332202911377,-3.6719865798950195,-3.627051591873169,-3.5831689834594727,-3.5393764972686768,-3.4943714141845703,-3.4492368698120117,-3.4043891429901123,-3.3613150119781494,-3.322547197341919,-3.287479877471924,-3.2550928592681885,-3.2200093269348145,-3.1787824630737305,-3.1361422538757324,-3.092987298965454,-3.049464464187622,-3.0044443607330322,-2.9592368602752686,-2.9140496253967285,-2.869760751724243,-2.825657606124878,-2.781275510787964,-2.736581325531006,-2.6914584636688232,-2.646843910217285,-2.6026127338409424,-2.558863878250122,-2.514029026031494,-2.469083786010742,-2.4238221645355225,-2.3801074028015137,-2.3364384174346924,-2.291086435317993,-2.24593448638916,-2.200978994369507,-2.156358242034912,-2.1113104820251465,-2.066708564758301,-2.028160810470581,-1.9952952861785889,-1.94083833694458,-1.8900870084762573,-1.844272255897522,-1.799370288848877,-1.7566319704055786,-1.7104601860046387,-1.6657168865203857,-1.6223676204681396,-1.5782586336135864,-1.5321143865585327,-1.4869974851608276,-1.44296395778656,-1.400208592414856,-1.355789065361023,-1.3101308345794678,-1.2651407718658447,-1.2200777530670166,-1.175560474395752,-1.1317267417907715,-1.087564468383789,-1.0427063703536987,-0.9990724921226501,-0.9552497267723083,-0.9103073477745056,-0.8653674721717834,-0.8213757872581482,-0.7784785032272339,-0.7349982261657715,-0.6913591027259827,-0.6446813941001892,-0.598354697227478,-0.5543774962425232,-0.5095017552375793,-0.4676310122013092,-0.4255925118923187,-0.3832985460758209,-0.3384595513343811,-0.28983014822006226,-0.24410727620124817,-0.19809485971927643,-0.15743747353553772,-0.11024729907512665,-0.06413877755403519,-0.018681637942790985,0.01897680200636387,0.07138717919588089,0.11414784938097,0.16006572544574738,0.20403559505939484,0.25318625569343567,0.3002241551876068,0.3366541266441345,0.38472357392311096,0.4266176223754883,0.4726237952709198,0.5150836110115051,0.5605961680412292,0.606530487537384,0.6447364687919617,0.7016748785972595,0.7476930618286133,0.7780156135559082,0.8038036823272705,0.873390257358551,0.9217913746833801,0.9661685228347778,1.0011661052703857,1.2584385871887207,1.3632795810699463],"files":["scales.webp"]},"quats":{"files":["quats.webp"]},