{"version":2,"count":577420,"means":{"mins":[-2.178637181069092,-1.218221249510974,-1.1735105047686891],"maxs":[-0.9611459789799875,2.255324924813931,2.8138073094019433],"files":["means_l.webp","means_u.webp"]},"scales":{"codebook":[-9.999198913574219,-9.965461730957031,-9.922791481018066,-9.883877754211426,-9.844027519226074,-9.804780960083008,-9.76590347290039,-9.72292709350586,-9.680122375488281,-9.641068458557129,-9.601601600646973,-9.56217098236084,-9.523183822631836,-9.484537124633789,-9.444790840148926,-9.406865119934082,-9.36698055267334,-9.328113555908203,-9.28908634185791,-9.249853134155273,-9.207388877868652,-9.164085388183594,-9.125234603881836,-9.085956573486328,-9.046499252319336,-9.00777530670166,-8.969080924987793,-8.930047988891602,-8.889887809753418,-8.852028846740723,-8.81208610534668,-8.781370162963867,-8.757730484008789,-8.73054027557373,-8.691617012023926,-8.64812183380127,-8.609192848205566,-8.574233055114746,-8.546966552734375,-8.519366264343262,-8.488545417785645,-8.45344066619873,-8.4133939743042,-8.37492561340332,-8.336316108703613,-8.296849250793457,-8.257290840148926,-8.218876838684082,-8.178961753845215,-8.140628814697266,-8.101670265197754,-8.058614730834961,-8.014602661132812,-7.97257137298584,-7.931652069091797,-7.890408515930176,-7.84943962097168,-7.812051296234131,-7.777047634124756,-7.740245819091797,-7.6989521980285645,-7.656101703643799,-7.612971782684326,-7.570084095001221,-7.526896953582764,-7.483886241912842,-7.4409260749816895,-7.400174617767334,-7.361372947692871,-7.319906234741211,-7.277153968811035,-7.237855911254883,-7.202647686004639,-7.167619705200195,-7.132670879364014,-7.097454071044922,-7.062177658081055,-7.03117036819458,-7.005855560302734,-6.980398178100586,-6.953022480010986,-6.919951915740967,-6.882693290710449,-6.847566604614258,-6.81237268447876,-6.77733039855957,-6.742101192474365,-6.707037448883057,-6.669960975646973,-6.628891944885254,-6.591731548309326,-6.5644683837890625,-6.535191535949707,-6.500101089477539,-6.464890956878662,-6.4277496337890625,-6.3887104988098145,-6.353497505187988,-6.324220180511475,-6.298805236816406,-6.271506309509277,-6.242221355438232,-6.216741561889648,-6.1895222663879395,-6.156447410583496,-6.125054359436035,-6.09962797164917,-6.07228946685791,-6.037137031555176,-5.998184680938721,-5.959066390991211,-5.91788911819458,-5.876994609832764,-5.8399128913879395,-5.808620929718018,-5.783226490020752,-5.755934238433838,-5.720853805541992,-5.679637908935547,-5.63877534866333,-5.599778175354004,-5.56265926361084,-5.533193588256836,-5.509768486022949,-5.478585243225098,-5.437450885772705,-5.398280620574951,-5.361386775970459,-5.32227087020874,-5.283105373382568,-5.244488716125488,-5.205080509185791,-5.165987968444824,-5.127020835876465,-5.086027145385742,-5.044905185699463,-5.005914688110352,-4.966748237609863,-4.9336256980896,-4.906368732452393,-4.877023220062256,-4.84182596206665,-4.802824020385742,-4.763661861419678,-4.726560592651367,-4.689614772796631,-4.650346279144287,-4.611565589904785,-4.570284366607666,-4.529540538787842,-4.490330219268799,-4.45143985748291,-4.412108421325684,-4.373110771179199,-4.334176063537598,-4.2949347496032715,-4.25409460067749,-4.2129130363464355,-4.174004077911377,-4.13489294052124,-4.0977911949157715,-4.064355373382568,-4.0372395515441895,-4.007534980773926,-3.970675468444824,-3.9335365295410156,-3.896536111831665,-3.8584446907043457,-3.818312883377075,-3.7780869007110596,-3.7395880222320557,-3.700334072113037,-3.661224842071533,-3.6213135719299316,-3.5822336673736572,-3.547060012817383,-3.515662670135498,-3.4865055084228516,-3.455085277557373,-3.421170473098755,-3.3840205669403076,-3.3439738750457764,-3.3039298057556152,-3.2637462615966797,-3.223883867263794,-3.1846163272857666,-3.1462788581848145,-3.1067986488342285,-3.066323757171631,-3.0269935131073,-2.987839460372925,-2.9475042819976807,-2.907428026199341,-2.8685076236724854,-2.8296761512756348,-2.7892115116119385,-2.7490859031677246,-2.7099881172180176,-2.670274496078491,-2.6299211978912354,-2.591496229171753,-2.552609443664551,-2.5123941898345947,-2.4719343185424805,-2.433143377304077,-2.3931632041931152,-2.3530287742614746,-2.311826705932617,-2.271918773651123,-2.23042368888855,-2.1885015964508057,-2.1501009464263916,-2.112340211868286,-2.071492910385132,-2.0369045734405518,-2.005891799926758,-1.9626816511154175,-1.92100191116333,-1.8776161670684814,-1.8441985845565796,-1.8036776781082153,-1.757131576538086,-1.7026541233062744,-1.6654571294784546,-1.6442804336547852,-1.6076258420944214,-1.5669593811035156,-1.5209250450134277,-1.4797614812850952,-1.4546678066253662,-1.4275315999984741,-1.3697071075439453,-1.325984239578247,-1.2975927591323853,-1.2451701164245605,-1.2179584503173828,-1.163682222366333,-1.1271374225616455,-1.0941767692565918,-1.0459624528884888,-0.9942220449447632,-0.9705586433410645,-0.9283173084259033,-0.8927475810050964,-0.8454211950302124,-0.7987397909164429,-0.7626634836196899,-0.6785980463027954,-0.6672582030296326,-0.592836856842041,-0.5696858763694763,-0.5214858055114746,-0.36564016342163086,-0.2916691303253174,0.03060576319694519,0.10241298377513885],"files":["scales.webp"]},"quats":{"files":["quats.webp"]},