{"version":2,"count":542023,"means":{"mins":[2.1766176856151933,2.5678825883039065,-0.40991766130966245],"maxs":[2.7618435498412177,2.9614787870190686,2.8450708744156588],"files":["means_l.webp","means_u.webp"]},"scales":{"codebook":[-9.998444557189941,-9.965974807739258,-9.923067092895508,-9.879678726196289,-9.835846900939941,-9.796854972839355,-9.758217811584473,-9.718759536743164,-9.679680824279785,-9.636748313903809,-9.593259811401367,-9.554847717285156,-9.515814781188965,-9.47697639465332,-9.437289237976074,-9.394710540771484,-9.351420402526855,-9.312588691711426,-9.273468017578125,-9.234240531921387,-9.195466995239258,-9.152495384216309,-9.109430313110352,-9.070577621459961,-9.031429290771484,-8.992539405822754,-8.953337669372559,-8.910293579101562,-8.867169380187988,-8.827869415283203,-8.78905200958252,-8.749882698059082,-8.707306861877441,-8.663722038269043,-8.624780654907227,-8.585747718811035,-8.547130584716797,-8.507970809936523,-8.468568801879883,-8.425846099853516,-8.382862091064453,-8.343913078308105,-8.304696083068848,-8.265890121459961,-8.22652816772461,-8.18762493133545,-8.14468002319336,-8.101341247558594,-8.062495231628418,-8.023179054260254,-7.983101844787598,-7.941644191741943,-7.898404121398926,-7.855325698852539,-7.816248416900635,-7.7794880867004395,-7.738261699676514,-7.697360515594482,-7.6581196784973145,-7.619144439697266,-7.58206033706665,-7.548709869384766,-7.523407459259033,-7.505928039550781,-7.482480525970459,-7.447604656219482,-7.405850887298584,-7.365049839019775,-7.327991962432861,-7.292906761169434,-7.255897045135498,-7.21484375,-7.173685550689697,-7.1385273933410645,-7.107137680053711,-7.074105739593506,-7.039003372192383,-7.002070426940918,-6.96306848526001,-6.921878814697266,-6.880869388580322,-6.841869354248047,-6.800817012786865,-6.759798049926758,-6.720712661743164,-6.679498672485352,-6.638674736022949,-6.59761381149292,-6.558575630187988,-6.521663665771484,-6.482400894165039,-6.445370674133301,-6.40825080871582,-6.3691840171813965,-6.328067302703857,-6.286942958831787,-6.253750801086426,-6.2304487228393555,-6.210967063903809,-6.189481735229492,-6.160201549530029,-6.123054027557373,-6.083822250366211,-6.052626132965088,-6.0293192863464355,-6.003881454467773,-5.972606182098389,-5.939262390136719,-5.908154010772705,-5.875039577484131,-5.837775707244873,-5.798830509185791,-5.757673740386963,-5.716620922088623,-5.679530620574951,-5.642632484436035,-5.603445529937744,-5.568332672119141,-5.537171840667725,-5.500012397766113,-5.458958625793457,-5.419979095458984,-5.378900527954102,-5.337899684906006,-5.300760269165039,-5.265601634979248,-5.230464458465576,-5.1952643394470215,-5.1582231521606445,-5.122928619384766,-5.095705509185791,-5.068426132202148,-5.035187244415283,-4.998051643371582,-4.956975936889648,-4.917996883392334,-4.8847575187683105,-4.857451915740967,-4.828103542327881,-4.793120861053467,-4.757852077484131,-4.726619243621826,-4.69919490814209,-4.6700520515441895,-4.634888172149658,-4.593898773193359,-4.55261754989624,-4.5138068199157715,-4.472798824310303,-4.431571006774902,-4.392604351043701,-4.351807594299316,-4.310635566711426,-4.271575450897217,-4.230639934539795,-4.1915740966796875,-4.160095691680908,-4.136807441711426,-4.117201805114746,-4.095810890197754,-4.06646203994751,-4.02957820892334,-3.989757537841797,-3.9501941204071045,-3.914186477661133,-3.8837177753448486,-3.8594889640808105,-3.835989475250244,-3.807833194732666,-3.775388717651367,-3.741511821746826,-3.7049458026885986,-3.6673290729522705,-3.6271278858184814,-3.5869975090026855,-3.54716157913208,-3.5079593658447266,-3.472653865814209,-3.44046950340271,-3.4093916416168213,-3.376152515411377,-3.3408589363098145,-3.303786039352417,-3.264150381088257,-3.2240161895751953,-3.183725357055664,-3.142686367034912,-3.1030373573303223,-3.0627667903900146,-3.0214507579803467,-2.9814581871032715,-2.9419095516204834,-2.900423049926758,-2.8604860305786133,-2.82064151763916,-2.7802913188934326,-2.7408673763275146,-2.699213981628418,-2.659780740737915,-2.619293212890625,-2.5799319744110107,-2.5389974117279053,-2.4981822967529297,-2.457719326019287,-2.4173333644866943,-2.3770508766174316,-2.3365087509155273,-2.2966387271881104,-2.255934000015259,-2.2158236503601074,-2.171459436416626,-2.1277432441711426,-2.0851969718933105,-2.0447449684143066,-2.006910800933838,-1.9675322771072388,-1.9335343837738037,-1.8922439813613892,-1.846969485282898,-1.8074644804000854,-1.765457272529602,-1.7225878238677979,-1.6845027208328247,-1.6558442115783691,-1.625327706336975,-1.5756337642669678,-1.5417149066925049,-1.5045721530914307,-1.464493751525879,-1.4020142555236816,-1.387600064277649,-1.325772762298584,-1.2848976850509644,-1.252516508102417,-1.2278664112091064,-1.1732217073440552,-1.1471047401428223,-1.0882725715637207,-1.0517216920852661,-1.019683837890625,-0.9186996221542358,-0.8947098255157471,-0.8431488275527954,-0.7965356111526489,-0.730962336063385,-0.6363598108291626,-0.5986011624336243,-0.554938554763794,-0.5100811719894409,-0.46603450179100037,-0.42855173349380493,-0.4104284644126892,-0.2710249722003937,-0.15071260929107666,-0.050838813185691833,0.28497835993766785],"files":["scales.webp"]},"quats":{"files":["quats.webp"]},