{"version":2,"count":533222,"means":{"mins":[2.1766135751447866,-1.0704019151808182,-0.44867248471119037],"maxs":[2.7618413808906963,2.5678814911328414,0.5260489387172949],"files":["means_l.webp","means_u.webp"]},"scales":{"codebook":[-9.998092651367188,-9.96738338470459,-9.930586814880371,-9.890621185302734,-9.851622581481934,-9.820385932922363,-9.792984008789062,-9.762121200561523,-9.730688095092773,-9.699630737304688,-9.66355037689209,-9.624536514282227,-9.585573196411133,-9.55452823638916,-9.527621269226074,-9.491974830627441,-9.453079223632812,-9.42199420928955,-9.394659042358398,-9.359285354614258,-9.323731422424316,-9.2930326461792,-9.26198959350586,-9.230254173278809,-9.199613571166992,-9.164118766784668,-9.124753952026367,-9.086079597473145,-9.054667472839355,-9.027774810791016,-8.995962142944336,-8.964919090270996,-8.929773330688477,-8.894526481628418,-8.863384246826172,-8.832220077514648,-8.797242164611816,-8.761935234069824,-8.730052947998047,-8.699315071105957,-8.664146423339844,-8.624848365783691,-8.5897798538208,-8.558731079101562,-8.527483940124512,-8.495716094970703,-8.464897155761719,-8.429693222045898,-8.390562057495117,-8.35918140411377,-8.332073211669922,-8.296663284301758,-8.25742244720459,-8.222664833068848,-8.187294960021973,-8.152408599853516,-8.117140769958496,-8.081857681274414,-8.050877571105957,-8.023192405700684,-7.995144844055176,-7.960737228393555,-7.927568435668945,-7.896544933319092,-7.865382671356201,-7.831779479980469,-7.7968668937683105,-7.761784076690674,-7.7286553382873535,-7.69527530670166,-7.661820888519287,-7.630864143371582,-7.597582817077637,-7.562288761138916,-7.529439449310303,-7.4959797859191895,-7.460847854614258,-7.425704002380371,-7.390494346618652,-7.357386112213135,-7.326208114624023,-7.294867038726807,-7.263768196105957,-7.230530738830566,-7.195157527923584,-7.161898612976074,-7.130921363830566,-7.0975871086120605,-7.06235933303833,-7.029318332672119,-6.9959235191345215,-6.96278715133667,-6.931670188903809,-6.8983283042907715,-6.8632073402404785,-6.830166816711426,-6.796679973602295,-6.765616416931152,-6.738187313079834,-6.71484375,-6.691230297088623,-6.6621174812316895,-6.628867149353027,-6.595711708068848,-6.5644707679748535,-6.531085014343262,-6.49806547164917,-6.464844703674316,-6.429595470428467,-6.394482612609863,-6.359371662139893,-6.324105262756348,-6.288902282714844,-6.25767707824707,-6.228640079498291,-6.195180416107178,-6.162166118621826,-6.1309027671813965,-6.097540855407715,-6.06240177154541,-6.0293426513671875,-5.998080730438232,-5.964905261993408,-5.929664611816406,-5.896623611450195,-5.863358974456787,-5.83023738861084,-5.7968597412109375,-5.76167106628418,-5.7285284996032715,-5.6952691078186035,-5.662105560302734,-5.630927085876465,-5.597595691680908,-5.56239652633667,-5.5293049812316895,-5.496091842651367,-5.460873126983643,-5.4277663230896,-5.394454479217529,-5.359338283538818,-5.326078414916992,-5.29494571685791,-5.263711452484131,-5.230490684509277,-5.197353363037109,-5.164097785949707,-5.130921363830566,-5.097379684448242,-5.062548637390137,-5.029361724853516,-4.9961323738098145,-4.962983131408691,-4.929648399353027,-4.8945417404174805,-4.861337661743164,-4.830093860626221,-4.797047138214111,-4.763730049133301,-4.730371952056885,-4.695275783538818,-4.662196636199951,-4.629029750823975,-4.595795154571533,-4.5627055168151855,-4.529397964477539,-4.4961347579956055,-4.462952613830566,-4.429630279541016,-4.396623611450195,-4.363412857055664,-4.330238342285156,-4.296964645385742,-4.261619567871094,-4.228684425354004,-4.1953043937683105,-4.159977912902832,-4.1269402503967285,-4.095976829528809,-4.062633037567139,-4.029482841491699,-3.9965906143188477,-3.9626903533935547,-3.929776906967163,-3.896446466445923,-3.863318920135498,-3.8300650119781494,-3.797071933746338,-3.763976573944092,-3.7305803298950195,-3.6971609592437744,-3.6643385887145996,-3.6309969425201416,-3.5979251861572266,-3.563612699508667,-3.5291621685028076,-3.4961912631988525,-3.4626426696777344,-3.429840087890625,-3.396623373031616,-3.363369941711426,-3.330129861831665,-3.297154188156128,-3.2638823986053467,-3.2307381629943848,-3.1974074840545654,-3.1641948223114014,-3.131101131439209,-3.0967628955841064,-3.0628578662872314,-3.029421806335449,-2.996274709701538,-2.9631454944610596,-2.93049955368042,-2.896872043609619,-2.86370587348938,-2.831275463104248,-2.7965805530548096,-2.76358699798584,-2.7310166358947754,-2.698476552963257,-2.663583993911743,-2.628237247467041,-2.5954718589782715,-2.5634684562683105,-2.529123067855835,-2.4966952800750732,-2.462667942047119,-2.4297001361846924,-2.3974714279174805,-2.3642446994781494,-2.331531286239624,-2.295236825942993,-2.261094570159912,-2.229743480682373,-2.1954731941223145,-2.161435604095459,-2.127932071685791,-2.0936336517333984,-2.063599109649658,-2.0306859016418457,-2.0047719478607178,-1.9779244661331177,-1.9267271757125854,-1.895373821258545,-1.8627675771713257,-1.828822135925293,-1.8021975755691528,-1.7730048894882202,-1.737323522567749,-1.6869990825653076,-1.6552231311798096,-1.6264467239379883,-1.5898191928863525,-1.5701379776000977,-1.4960224628448486],"files":["scales.webp"]},"quats":{"files":["quats.webp"]},