{"version":2,"count":536674,"means":{"mins":[-0.9611309790628515,-4.578068404606205,-1.1845332998362805],"maxs":[2.9508168484323827,4.234801754037978,2.9299346185686463],"files":["means_l.webp","means_u.webp"]},"scales":{"codebook":[-9.99935245513916,-9.954607009887695,-9.910244941711426,-9.867754936218262,-9.824563980102539,-9.777464866638184,-9.734540939331055,-9.691873550415039,-9.645978927612305,-9.597772598266602,-9.554183959960938,-9.515539169311523,-9.47314167022705,-9.425887107849121,-9.379342079162598,-9.335039138793945,-9.296390533447266,-9.254298210144043,-9.21045970916748,-9.168404579162598,-9.121501922607422,-9.078028678894043,-9.035307884216309,-8.991952896118164,-8.94926643371582,-8.901993751525879,-8.859227180480957,-8.816574096679688,-8.769762992858887,-8.726571083068848,-8.686615943908691,-8.644563674926758,-8.594106674194336,-8.547164916992188,-8.507867813110352,-8.468634605407715,-8.426216125488281,-8.379862785339355,-8.328264236450195,-8.277122497558594,-8.234797477722168,-8.195160865783691,-8.155628204345703,-8.113787651062012,-8.070188522338867,-8.031061172485352,-7.989251613616943,-7.943617820739746,-7.897902965545654,-7.854700565338135,-7.812045097351074,-7.767919063568115,-7.722451210021973,-7.67970085144043,-7.6366047859191895,-7.593164920806885,-7.55096960067749,-7.50664758682251,-7.460256099700928,-7.4178690910339355,-7.375223636627197,-7.330234050750732,-7.28527307510376,-7.242239475250244,-7.198798656463623,-7.157933235168457,-7.1247334480285645,-7.097543239593506,-7.064530849456787,-7.023252487182617,-6.979987144470215,-6.937554836273193,-6.8945417404174805,-6.851327896118164,-6.80669641494751,-6.759617328643799,-6.714478492736816,-6.669566631317139,-6.6248579025268555,-6.5818610191345215,-6.5390448570251465,-6.496266841888428,-6.453113555908203,-6.408264636993408,-6.3629631996154785,-6.320018291473389,-6.277143478393555,-6.2342848777771,-6.191267490386963,-6.1484246253967285,-6.105370044708252,-6.062219619750977,-6.019262313842773,-5.976684093475342,-5.933718681335449,-5.890602111816406,-5.847375869750977,-5.802835464477539,-5.75565242767334,-5.708984851837158,-5.663967132568359,-5.6209001541137695,-5.577986717224121,-5.534855365753174,-5.492031097412109,-5.449073791503906,-5.404345989227295,-5.359020233154297,-5.316232204437256,-5.273171901702881,-5.23019552230835,-5.187214374542236,-5.144408702850342,-5.101297855377197,-5.058388710021973,-5.0194807052612305,-4.98816442489624,-4.955118656158447,-4.913966655731201,-4.870950698852539,-4.830109119415283,-4.788938999176025,-4.745792388916016,-4.705015182495117,-4.663976669311523,-4.619144439697266,-4.574172019958496,-4.531203269958496,-4.488295078277588,-4.44529390335083,-4.402454853057861,-4.35947322845459,-4.31632137298584,-4.273560523986816,-4.228590965270996,-4.183525562286377,-4.140741348266602,-4.097513675689697,-4.054856777191162,-4.011184215545654,-3.966897487640381,-3.9219534397125244,-3.878197431564331,-3.8350090980529785,-3.791250467300415,-3.7470734119415283,-3.7042088508605957,-3.66038179397583,-3.6162633895874023,-3.5722768306732178,-3.528398275375366,-3.4842910766601562,-3.439462423324585,-3.395549774169922,-3.3524768352508545,-3.3098273277282715,-3.26666522026062,-3.2228212356567383,-3.1787562370300293,-3.1358673572540283,-3.0918846130371094,-3.0469229221343994,-3.002915620803833,-2.960120439529419,-2.917010545730591,-2.873225212097168,-2.829209804534912,-2.78558349609375,-2.7412569522857666,-2.6984381675720215,-2.6544487476348877,-2.6104767322540283,-2.567530632019043,-2.523880958557129,-2.4798054695129395,-2.4358699321746826,-2.3915271759033203,-2.348867654800415,-2.3051788806915283,-2.261267900466919,-2.21720552444458,-2.1729378700256348,-2.130064010620117,-2.085775375366211,-2.04205060005188,-2.0000076293945312,-1.9550740718841553,-1.9122363328933716,-1.8684217929840088,-1.8240938186645508,-1.7804553508758545,-1.7373746633529663,-1.6936861276626587,-1.6496752500534058,-1.6059489250183105,-1.5619937181472778,-1.5185242891311646,-1.4754546880722046,-1.4305702447891235,-1.3857306241989136,-1.341778039932251,-1.300028920173645,-1.2562990188598633,-1.2131338119506836,-1.1679763793945312,-1.124820590019226,-1.0811846256256104,-1.0375207662582397,-0.9957940578460693,-0.9506856799125671,-0.9044378995895386,-0.8604888916015625,-0.8189432621002197,-0.7756032943725586,-0.7316417098045349,-0.6868005394935608,-0.6429064273834229,-0.5998165607452393,-0.5577908158302307,-0.5140588879585266,-0.4721369743347168,-0.4301144778728485,-0.3852452337741852,-0.33604520559310913,-0.2895747721195221,-0.24725715816020966,-0.2079283595085144,-0.15987136960029602,-0.11897725611925125,-0.07411181181669235,-0.031584762036800385,0.00775127112865448,0.05599242448806763,0.10192862153053284,0.1431262195110321,0.18075792491436005,0.22346176207065582,0.2703396677970886,0.3194778263568878,0.3557114005088806,0.3992519676685333,0.459849089384079,0.49192264676094055,0.5334616303443909,0.5865753293037415,0.6251443028450012,0.6771674752235413,0.7036179900169373,0.763405442237854,0.8187702894210815,0.9009952545166016,0.9486509561538696,1.00443434715271,1.0786598920822144,1.083962082862854,1.148908257484436],"files":["scales.webp"]},"quats":{"files":["quats.webp"]},