{"version":2,"count":528166,"means":{"mins":[-4.628873465385362,-2.9709403642324097,-1.5536753650804667],"maxs":[2.1765705764481273,-1.2182560121468695,3.6990499933903],"files":["means_l.webp","means_u.webp"]},"scales":{"codebook":[-9.999553680419922,-9.98131275177002,-9.955716133117676,-9.911025047302246,-9.867304801940918,-9.824347496032715,-9.777359962463379,-9.734204292297363,-9.691728591918945,-9.644826889038086,-9.601527214050293,-9.558813095092773,-9.511775970458984,-9.468681335449219,-9.429641723632812,-9.386849403381348,-9.340115547180176,-9.293560028076172,-9.246114730834961,-9.20307445526123,-9.163747787475586,-9.12113094329834,-9.07422924041748,-9.031209945678711,-8.992258071899414,-8.949396133422852,-8.902308464050293,-8.859249114990234,-8.816572189331055,-8.773621559143066,-8.730541229248047,-8.679618835449219,-8.629007339477539,-8.586033821105957,-8.546769142150879,-8.507586479187012,-8.465005874633789,-8.41815185546875,-8.374780654907227,-8.332208633422852,-8.285082817077637,-8.241802215576172,-8.1992826461792,-8.151996612548828,-8.108987808227539,-8.070222854614258,-8.031092643737793,-7.9866743087768555,-7.9412922859191895,-7.898356914520264,-7.8536505699157715,-7.808577060699463,-7.765615940093994,-7.722731113433838,-7.679385662078857,-7.634863376617432,-7.5897603034973145,-7.546901226043701,-7.50385046005249,-7.459175109863281,-7.414132595062256,-7.370977878570557,-7.326316833496094,-7.281014919281006,-7.238346576690674,-7.195028305053711,-7.152292251586914,-7.109521865844727,-7.066373348236084,-7.023282527923584,-6.978527069091797,-6.933516502380371,-6.890689373016357,-6.847606658935547,-6.804677486419678,-6.76167631149292,-6.716851711273193,-6.671848773956299,-6.629120826721191,-6.585665225982666,-6.541097640991211,-6.496047019958496,-6.452856540679932,-6.410188674926758,-6.365451335906982,-6.320174694061279,-6.277304649353027,-6.238399982452393,-6.205133438110352,-6.175796985626221,-6.142673015594482,-6.101487159729004,-6.058755874633789,-6.0155510902404785,-5.978511333465576,-5.951236248016357,-5.919938564300537,-5.880898952484131,-5.839742660522461,-5.796783447265625,-5.752208232879639,-5.706984043121338,-5.6639790534973145,-5.6210503578186035,-5.578149318695068,-5.535279273986816,-5.492356777191162,-5.44733190536499,-5.402129650115967,-5.359389781951904,-5.314593315124512,-5.269378662109375,-5.226493835449219,-5.183382987976074,-5.140812873840332,-5.095737934112549,-5.0506815910339355,-5.0075788497924805,-4.964710235595703,-4.921664237976074,-4.877013683319092,-4.831945419311523,-4.7890143394470215,-4.745948314666748,-4.702967643737793,-4.658303737640381,-4.6130805015563965,-4.570164680480957,-4.527299880981445,-4.484297275543213,-4.43950891494751,-4.3945465087890625,-4.351526737213135,-4.308568477630615,-4.2657012939453125,-4.22261905670166,-4.177901268005371,-4.132660865783691,-4.089740753173828,-4.046858310699463,-4.003420352935791,-3.9589476585388184,-3.914055585861206,-3.870107412338257,-3.8272063732147217,-3.7842776775360107,-3.740055799484253,-3.696495771408081,-3.6527047157287598,-3.608445882797241,-3.5654592514038086,-3.5216081142425537,-3.476487636566162,-3.4325428009033203,-3.3898110389709473,-3.3458235263824463,-3.302941083908081,-3.2635996341705322,-3.228825569152832,-3.196481943130493,-3.1614749431610107,-3.122103452682495,-3.082146406173706,-3.0402138233184814,-2.99613094329834,-2.9522392749786377,-2.908590316772461,-2.8641903400421143,-2.8214237689971924,-2.7774643898010254,-2.7335386276245117,-2.689448595046997,-2.64553165435791,-2.601520299911499,-2.557849645614624,-2.514655113220215,-2.471217155456543,-2.425755262374878,-2.3818564414978027,-2.3390371799468994,-2.296058416366577,-2.251966953277588,-2.206683397293091,-2.161787271499634,-2.116572141647339,-2.073668956756592,-2.0355465412139893,-2.0027809143066406,-1.95238196849823,-1.9034854173660278,-1.8587771654129028,-1.8141660690307617,-1.7703022956848145,-1.7264060974121094,-1.6824796199798584,-1.639316439628601,-1.5953618288040161,-1.551369309425354,-1.5077110528945923,-1.4644207954406738,-1.4220093488693237,-1.3782426118850708,-1.333310842514038,-1.2889947891235352,-1.2450875043869019,-1.2023905515670776,-1.1601723432540894,-1.1157095432281494,-1.0698750019073486,-1.0266451835632324,-0.9823943972587585,-0.9394364953041077,-0.8956286311149597,-0.853219211101532,-0.8091765642166138,-0.7671732902526855,-0.7246449589729309,-0.6837043166160583,-0.6395679116249084,-0.5965861082077026,-0.553460419178009,-0.5092835426330566,-0.4640604257583618,-0.41459977626800537,-0.3698568046092987,-0.3230796456336975,-0.2838699221611023,-0.2420184314250946,-0.1967974156141281,-0.15210531651973724,-0.10722211748361588,-0.06200774759054184,-0.020413221791386604,0.024663211777806282,0.06979542970657349,0.10844052582979202,0.16116829216480255,0.2061343789100647,0.25413036346435547,0.30026426911354065,0.3494781255722046,0.3835805058479309,0.4139893054962158,0.46263957023620605,0.5219820141792297,0.5597069263458252,0.587572455406189,0.6397901773452759,0.6749858856201172,0.7557991743087769,0.8045889139175415,0.857103705406189,0.890030562877655,0.9313885569572449,1.0199109315872192,1.1618784666061401],"files":["scales.webp"]},"quats":{"files":["quats.webp"]},