{"version":2,"count":524590,"means":{"mins":[-4.620055491152635,-4.823498819440747,-1.5641378826865393],"maxs":[2.176609464657484,-1.2182818894299552,3.6986833616343633],"files":["means_l.webp","means_u.webp"]},"scales":{"codebook":[-9.998481750488281,-9.95422649383545,-9.903952598571777,-9.856207847595215,-9.809187889099121,-9.761686325073242,-9.715555191040039,-9.668124198913574,-9.62136459350586,-9.57452392578125,-9.531153678894043,-9.48852252960205,-9.441633224487305,-9.394831657409668,-9.347614288330078,-9.301055908203125,-9.250236511230469,-9.199299812316895,-9.155714988708496,-9.113344192504883,-9.065954208374023,-9.01970100402832,-8.968693733215332,-8.91773796081543,-8.874950408935547,-8.832239151000977,-8.78499984741211,-8.738387107849121,-8.691554069519043,-8.64468002319336,-8.597354888916016,-8.551008224487305,-8.50759506225586,-8.465331077575684,-8.41826343536377,-8.370950698852539,-8.325121879577637,-8.277335166931152,-8.230520248413086,-8.183632850646973,-8.136859893798828,-8.089893341064453,-8.043142318725586,-7.996651649475098,-7.953042030334473,-7.908585548400879,-7.859190464019775,-7.812278747558594,-7.767753601074219,-7.720888137817383,-7.675489902496338,-7.630871772766113,-7.583646297454834,-7.537293910980225,-7.48795747756958,-7.436819553375244,-7.390078067779541,-7.347509384155273,-7.3028154373168945,-7.253598690032959,-7.204676151275635,-7.159985065460205,-7.117196083068848,-7.072514533996582,-7.025615215301514,-6.978658676147461,-6.931693077087402,-6.885039329528809,-6.835771560668945,-6.786543846130371,-6.741940498352051,-6.6974382400512695,-6.650358200073242,-6.605226516723633,-6.560704708099365,-6.513827800750732,-6.466675758361816,-6.419966220855713,-6.372368812561035,-6.3277435302734375,-6.28336238861084,-6.236562728881836,-6.189457416534424,-6.142155647277832,-6.095742225646973,-6.048911094665527,-6.002362251281738,-5.952967166900635,-5.90433931350708,-5.857300281524658,-5.812229156494141,-5.767655849456787,-5.718685150146484,-5.669723987579346,-5.624818325042725,-5.581523895263672,-5.53717565536499,-5.492199897766113,-5.447321891784668,-5.400424480438232,-5.353387355804443,-5.306761264801025,-5.257674217224121,-5.206991672515869,-5.160027503967285,-5.117072582244873,-5.073983669281006,-5.0293121337890625,-4.982449531555176,-4.935612201690674,-4.886613368988037,-4.837920188903809,-4.791040897369385,-4.745903491973877,-4.702908992767334,-4.658347129821777,-4.6092209815979,-4.558454513549805,-4.507657527923584,-4.460677146911621,-4.4176154136657715,-4.374852657318115,-4.3317341804504395,-4.287137985229492,-4.238099098205566,-4.187294006347656,-4.138586044311523,-4.093552589416504,-4.050572395324707,-4.00609016418457,-3.958815813064575,-3.9100351333618164,-3.8612682819366455,-3.812330722808838,-3.7655065059661865,-3.7204644680023193,-3.6756038665771484,-3.6307780742645264,-3.5858027935028076,-3.5409328937530518,-3.496016502380371,-3.452147960662842,-3.413041353225708,-3.378936529159546,-3.345656394958496,-3.311563730239868,-3.27740216255188,-3.244191884994507,-3.208068370819092,-3.166998863220215,-3.122958183288574,-3.078153371810913,-3.032423257827759,-2.985461711883545,-2.9395992755889893,-2.8935751914978027,-2.8467352390289307,-2.7998788356781006,-2.7539563179016113,-2.708099842071533,-2.6614279747009277,-2.614284038543701,-2.5674145221710205,-2.5216455459594727,-2.4758787155151367,-2.428804874420166,-2.381958484649658,-2.336211919784546,-2.290087938308716,-2.2431812286376953,-2.1952168941497803,-2.146303653717041,-2.0969176292419434,-2.049637794494629,-2.0075583457946777,-1.9711068868637085,-1.9352326393127441,-1.8996764421463013,-1.8615877628326416,-1.8201682567596436,-1.7777366638183594,-1.7328730821609497,-1.686267614364624,-1.6397020816802979,-1.5935035943984985,-1.5472617149353027,-1.5008023977279663,-1.4538527727127075,-1.4081130027770996,-1.3610984086990356,-1.3149412870407104,-1.268157720565796,-1.2213906049728394,-1.1746901273727417,-1.1286429166793823,-1.0820817947387695,-1.036781668663025,-0.9902950525283813,-0.9445360898971558,-0.8977020382881165,-0.8515021800994873,-0.803281307220459,-0.7579478025436401,-0.7120592594146729,-0.6681605577468872,-0.622670590877533,-0.5741345286369324,-0.5296460390090942,-0.4837454855442047,-0.4354413151741028,-0.3888014256954193,-0.3426215648651123,-0.29555246233940125,-0.25056567788124084,-0.20418956875801086,-0.1632126420736313,-0.11305493116378784,-0.06223662942647934,-0.014309263788163662,0.03178307041525841,0.07450287789106369,0.1185494065284729,0.16933614015579224,0.2190781980752945,0.26534461975097656,0.3103358745574951,0.3569730818271637,0.4052943289279938,0.4514004588127136,0.49098849296569824,0.5336477756500244,0.5807791352272034,0.6324416399002075,0.6822689175605774,0.7370088696479797,0.7759152054786682,0.819197416305542,0.8655849695205688,0.9047234654426575,0.9453421831130981,0.9918327927589417,1.054668664932251,1.1023259162902832,1.1397868394851685,1.184566855430603,1.2190486192703247,1.264184594154358,1.3215014934539795,1.3742729425430298,1.4683489799499512,1.5154675245285034,1.564367413520813,1.607992172241211,1.6653518676757812,1.7219529151916504,1.8429170846939087],"files":["scales.webp"]},"quats":{"files":["quats.webp"]},