{"version":2,"count":543399,"means":{"mins":[-3.1415994569221897,-2.7605792784296965,-1.1856555668793216],"maxs":[-2.7318446229892785,-1.218241204680945,2.7368218536715188],"files":["means_l.webp","means_u.webp"]},"scales":{"codebook":[-9.999345779418945,-9.958337783813477,-9.914238929748535,-9.874629020690918,-9.83613395690918,-9.79311752319336,-9.750236511230469,-9.707107543945312,-9.663397789001465,-9.624859809875488,-9.585740089416504,-9.543413162231445,-9.499267578125,-9.460988998413086,-9.421781539916992,-9.382776260375977,-9.340047836303711,-9.296984672546387,-9.258285522460938,-9.215154647827148,-9.171956062316895,-9.133284568786621,-9.093905448913574,-9.050801277160645,-9.007726669311523,-8.96535873413086,-8.921806335449219,-8.883057594299316,-8.843996047973633,-8.804181098937988,-8.762231826782227,-8.71855640411377,-8.679827690124512,-8.63683795928955,-8.593701362609863,-8.55470085144043,-8.515341758728027,-8.47283935546875,-8.425705909729004,-8.38292121887207,-8.343146324157715,-8.30458927154541,-8.265507698059082,-8.226324081420898,-8.183820724487305,-8.140402793884277,-8.10146713256836,-8.062641143798828,-8.020559310913086,-7.976380825042725,-7.933620929718018,-7.892492294311523,-7.853543758392334,-7.812258243560791,-7.769093036651611,-7.728364944458008,-7.689481258392334,-7.64811897277832,-7.605501174926758,-7.564572811126709,-7.523416519165039,-7.480268955230713,-7.439483165740967,-7.398362636566162,-7.357454299926758,-7.316300868988037,-7.275604248046875,-7.234135627746582,-7.190969467163086,-7.148083209991455,-7.105225563049316,-7.062400817871094,-7.021541118621826,-6.980109691619873,-6.9371185302734375,-6.8965654373168945,-6.859184741973877,-6.822308540344238,-6.78090238571167,-6.737953186035156,-6.695234775543213,-6.652216911315918,-6.61137056350708,-6.569991111755371,-6.52706241607666,-6.484356880187988,-6.443373680114746,-6.4040703773498535,-6.369101524353027,-6.339737415313721,-6.312462329864502,-6.284936428070068,-6.257787227630615,-6.22629976272583,-6.189479827880859,-6.14821720123291,-6.107371807098389,-6.068392276763916,-6.0291924476623535,-5.992007255554199,-5.955215930938721,-5.913903713226318,-5.870910167694092,-5.833904266357422,-5.804604530334473,-5.773431301116943,-5.738176345825195,-5.704960823059082,-5.675641059875488,-5.650476455688477,-5.619187355041504,-5.581974029541016,-5.550773620605469,-5.525420665740967,-5.494210243225098,-5.456836223602295,-5.4199652671813965,-5.379016876220703,-5.335990905761719,-5.292834758758545,-5.249937057495117,-5.206902027130127,-5.167897701263428,-5.134586334228516,-5.109435558319092,-5.084059238433838,-5.048984527587891,-5.007911205291748,-4.9687604904174805,-4.939449787139893,-4.912159442901611,-4.8770647048950195,-4.837783336639404,-4.798871040344238,-4.759803771972656,-4.718857765197754,-4.679738998413086,-4.646462440490723,-4.619238376617432,-4.589893817901611,-4.552781105041504,-4.5117034912109375,-4.468812465667725,-4.429694652557373,-4.400344371795654,-4.382892608642578,-4.369165420532227,-4.353573322296143,-4.330080032348633,-4.29877233505249,-4.269535064697266,-4.242250919342041,-4.213080406188965,-4.177800178527832,-4.138690948486328,-4.099649429321289,-4.062561988830566,-4.029424667358398,-3.999471664428711,-3.9697980880737305,-3.939478874206543,-3.9120125770568848,-3.88584041595459,-3.8594017028808594,-3.8332483768463135,-3.8018338680267334,-3.7656290531158447,-3.7277612686157227,-3.6875312328338623,-3.6465625762939453,-3.605552911758423,-3.5644404888153076,-3.5236103534698486,-3.4814467430114746,-3.439807415008545,-3.3984792232513428,-3.357588291168213,-3.316605806350708,-3.278266429901123,-3.244084119796753,-3.2131295204162598,-3.181123971939087,-3.1447396278381348,-3.1066174507141113,-3.06745982170105,-3.0274975299835205,-2.9869391918182373,-2.9458789825439453,-2.9044852256774902,-2.863039016723633,-2.8201487064361572,-2.779486894607544,-2.7388362884521484,-2.6972765922546387,-2.656622886657715,-2.6159610748291016,-2.574193000793457,-2.5324440002441406,-2.489440441131592,-2.4496853351593018,-2.408782958984375,-2.3670403957366943,-2.326205015182495,-2.287282705307007,-2.2459969520568848,-2.2028725147247314,-2.1598448753356934,-2.1193795204162598,-2.0778603553771973,-2.038450002670288,-2.004244565963745,-1.960065245628357,-1.9176998138427734,-1.8763266801834106,-1.8365583419799805,-1.7907801866531372,-1.7522841691970825,-1.711422085762024,-1.6652257442474365,-1.6275389194488525,-1.5832240581512451,-1.542607069015503,-1.4980326890945435,-1.4585797786712646,-1.4217551946640015,-1.3676691055297852,-1.3337693214416504,-1.3057926893234253,-1.2647117376327515,-1.2161695957183838,-1.1741408109664917,-1.1251909732818604,-1.0900819301605225,-1.0126991271972656,-0.9739772081375122,-0.9429224729537964,-0.7865042686462402,-0.7126045823097229,-0.6717574596405029,-0.6408600211143494,-0.5522096157073975,-0.498020201921463,-0.3282194435596466,-0.2789287269115448,-0.23131150007247925,-0.19937939941883087,-0.14646326005458832,-0.09584622085094452,-0.06417560577392578,-0.027864400297403336,0.07054223120212555,0.1421833634376526,0.19899675250053406,0.2754703760147095,0.3772222399711609,0.5203990340232849],"files":["scales.webp"]},"quats":{"files":["quats.webp"]},