{"version":2,"count":538506,"means":{"mins":[-0.9611225443601594,1.5929976328124498,-1.1290746392994797],"maxs":[2.1766077339209335,2.7229424716897674,2.8152446854086937],"files":["means_l.webp","means_u.webp"]},"scales":{"codebook":[-9.998497009277344,-9.965954780578613,-9.923783302307129,-9.883710861206055,-9.844000816345215,-9.804930686950684,-9.765628814697266,-9.726564407348633,-9.683769226074219,-9.640899658203125,-9.601716995239258,-9.5624418258667,-9.523459434509277,-9.484562873840332,-9.44498062133789,-9.40665054321289,-9.367189407348633,-9.327872276306152,-9.289408683776855,-9.250259399414062,-9.210904121398926,-9.172239303588867,-9.132660865783691,-9.089923858642578,-9.046554565429688,-9.007488250732422,-8.968616485595703,-8.93001937866211,-8.890631675720215,-8.851261138916016,-8.81227970123291,-8.773816108703613,-8.733861923217773,-8.695196151733398,-8.655989646911621,-8.617485046386719,-8.578363418579102,-8.539077758789062,-8.499645233154297,-8.460541725158691,-8.418018341064453,-8.375121116638184,-8.335886001586914,-8.296638488769531,-8.25815200805664,-8.218836784362793,-8.179350852966309,-8.140514373779297,-8.101820945739746,-8.062617301940918,-8.02370834350586,-7.983659744262695,-7.943646430969238,-7.902059555053711,-7.860944747924805,-7.822340488433838,-7.783111572265625,-7.744276523590088,-7.705111503601074,-7.664096355438232,-7.62053108215332,-7.581709384918213,-7.545082092285156,-7.505896091461182,-7.466807842254639,-7.427133560180664,-7.388704776763916,-7.347519397735596,-7.306414604187012,-7.267709732055664,-7.230732440948486,-7.199169635772705,-7.174048900604248,-7.144582271575928,-7.107560157775879,-7.066135406494141,-7.026854038238525,-6.990260124206543,-6.950531482696533,-6.912191390991211,-6.872694969177246,-6.834012985229492,-6.792937755584717,-6.749856948852539,-6.710882663726807,-6.673945426940918,-6.632724761962891,-6.591835975646973,-6.554535388946533,-6.517602443695068,-6.47860050201416,-6.439321517944336,-6.400468349456787,-6.361525535583496,-6.320042610168457,-6.279420375823975,-6.240169048309326,-6.2012104988098145,-6.162120819091797,-6.120662689208984,-6.078080177307129,-6.035041332244873,-5.996039867401123,-5.9609503746032715,-5.923984527587891,-5.882440567016602,-5.8434343338012695,-5.806813716888428,-5.765611171722412,-5.7224345207214355,-5.67927360534668,-5.63632869720459,-5.593486309051514,-5.550581455230713,-5.511527061462402,-5.47468900680542,-5.437471389770508,-5.400416374206543,-5.363297462463379,-5.326241493225098,-5.284929275512695,-5.2420783042907715,-5.199082851409912,-5.156059741973877,-5.115163803100586,-5.078103065490723,-5.042828559875488,-5.005874156951904,-4.964391708374023,-4.921661853790283,-4.878818511962891,-4.835658073425293,-4.794750690460205,-4.757691383361816,-4.720704078674316,-4.683513641357422,-4.648344039916992,-4.613150119781494,-4.577932834625244,-4.541050434112549,-4.501988410949707,-4.460921287536621,-4.420000076293945,-4.381035804748535,-4.341633319854736,-4.302765369415283,-4.263763427734375,-4.224655628204346,-4.185573577880859,-4.146581649780273,-4.105699062347412,-4.064639568328857,-4.025496959686279,-3.9868533611297607,-3.9483461380004883,-3.9094629287719727,-3.8691799640655518,-3.829190254211426,-3.790071964263916,-3.7511157989501953,-3.711066722869873,-3.6710407733917236,-3.6320364475250244,-3.5929901599884033,-3.5528674125671387,-3.5130252838134766,-3.4739139080047607,-3.4346232414245605,-3.394477367401123,-3.3544888496398926,-3.3154656887054443,-3.275371551513672,-3.2353923320770264,-3.196685791015625,-3.1573736667633057,-3.1185359954833984,-3.0782108306884766,-3.0382192134857178,-2.9988701343536377,-2.960279703140259,-2.920124053955078,-2.8801066875457764,-2.84130859375,-2.801880359649658,-2.762058973312378,-2.7216992378234863,-2.682858943939209,-2.6439743041992188,-2.6038928031921387,-2.5642426013946533,-2.5249183177948,-2.485692262649536,-2.4456467628479004,-2.4054386615753174,-2.366340160369873,-2.3275976181030273,-2.2871766090393066,-2.246303081512451,-2.2067148685455322,-2.1691644191741943,-2.1282992362976074,-2.087186574935913,-2.0475518703460693,-2.009237289428711,-1.9725477695465088,-1.9366002082824707,-1.8939738273620605,-1.8523973226547241,-1.812479853630066,-1.7703042030334473,-1.7326093912124634,-1.6947004795074463,-1.6567105054855347,-1.614301323890686,-1.5760321617126465,-1.5357714891433716,-1.4964836835861206,-1.4749813079833984,-1.4299578666687012,-1.3989672660827637,-1.336379885673523,-1.3025912046432495,-1.2527525424957275,-1.2277331352233887,-1.178951621055603,-1.1446864604949951,-1.0979325771331787,-1.0638227462768555,-1.0297255516052246,-0.9768028259277344,-0.9265400171279907,-0.8852505087852478,-0.8521434664726257,-0.827897846698761,-0.791566014289856,-0.7441792488098145,-0.7073977589607239,-0.6660035252571106,-0.6133235096931458,-0.5658816695213318,-0.545387864112854,-0.5033103227615356,-0.4666576385498047,-0.4263738989830017,-0.3869779407978058,-0.3622967600822449,-0.3144722282886505,-0.255959153175354,-0.19046732783317566,-0.15298053622245789,-0.11920109391212463,-0.07041873037815094,-0.04619722440838814,-0.012862305156886578,0.03487477824091911,0.08508729934692383],"files":["scales.webp"]},"quats":{"files":["quats.webp"]},