{"version":2,"count":524699,"means":{"mins":[-2.1786072239894883,-1.218226396995756,-1.2533215974629675],"maxs":[2.1766005405150475,4.184306827028203,2.838394729760278],"files":["means_l.webp","means_u.webp"]},"scales":{"codebook":[-9.998101234436035,-9.963360786437988,-9.912593841552734,-9.867977142333984,-9.82460880279541,-9.777436256408691,-9.734444618225098,-9.699381828308105,-9.67186164855957,-9.64460563659668,-9.605517387390137,-9.562479019165039,-9.520034790039062,-9.473073959350586,-9.429841041564941,-9.387151718139648,-9.34398365020752,-9.301026344299316,-9.254365921020508,-9.211078643798828,-9.168061256408691,-9.12501335144043,-9.082444190979004,-9.039173126220703,-8.996463775634766,-8.949496269226074,-8.905988693237305,-8.863481521606445,-8.816407203674316,-8.769401550292969,-8.726378440856934,-8.687017440795898,-8.64472770690918,-8.597373962402344,-8.554205894470215,-8.511971473693848,-8.464753150939941,-8.421232223510742,-8.382575035095215,-8.340339660644531,-8.29285717010498,-8.246143341064453,-8.202716827392578,-8.164016723632812,-8.121264457702637,-8.07778549194336,-8.035431861877441,-7.991406440734863,-7.949339389801025,-7.906184196472168,-7.861469268798828,-7.816410541534424,-7.773158073425293,-7.73048734664917,-7.687804222106934,-7.642597675323486,-7.597273349761963,-7.554195880889893,-7.5115156173706055,-7.468517303466797,-7.426050186157227,-7.382736682891846,-7.3402791023254395,-7.294944763183594,-7.249719619750977,-7.207255840301514,-7.164676189422607,-7.121598243713379,-7.076313018798828,-7.030813694000244,-6.988534927368164,-6.9454827308654785,-6.902566432952881,-6.859232425689697,-6.814728260040283,-6.7693867683410645,-6.726491451263428,-6.683640003204346,-6.640563488006592,-6.5978288650512695,-6.552820682525635,-6.509677410125732,-6.472604274749756,-6.441364288330078,-6.408322811126709,-6.366918563842773,-6.32349967956543,-6.280972957611084,-6.238065719604492,-6.196999549865723,-6.155797958374023,-6.113208770751953,-6.070011138916016,-6.032857418060303,-6.003996849060059,-5.972491264343262,-5.935676574707031,-5.894399642944336,-5.851402759552002,-5.808614253997803,-5.765478610992432,-5.72251558303833,-5.679481506347656,-5.6365742683410645,-5.59181547164917,-5.546684265136719,-5.5038580894470215,-5.460624694824219,-5.419711112976074,-5.38286828994751,-5.34729528427124,-5.310622692108154,-5.271673679351807,-5.232069492340088,-5.193532943725586,-5.152317523956299,-5.109091281890869,-5.064241886138916,-5.019326686859131,-4.9763569831848145,-4.933340072631836,-4.890439510345459,-4.847625255584717,-4.80460786819458,-4.761404514312744,-4.718657493591309,-4.68147611618042,-4.652243614196777,-4.624936103820801,-4.597754001617432,-4.570359230041504,-4.537109851837158,-4.495957851409912,-4.455005645751953,-4.419883728027344,-4.394529819488525,-4.3731513023376465,-4.345752239227295,-4.3123979568481445,-4.281123638153076,-4.251964569091797,-4.224602222442627,-4.1972808837890625,-4.167921543121338,-4.140480995178223,-4.113275051116943,-4.087947845458984,-4.056736469268799,-4.0161848068237305,-3.974663257598877,-3.933563709259033,-3.8917112350463867,-3.8486032485961914,-3.805706024169922,-3.761651039123535,-3.7187845706939697,-3.680593967437744,-3.6465184688568115,-3.6132760047912598,-3.5780534744262695,-3.5400807857513428,-3.4992430210113525,-3.4562599658966064,-3.413254499435425,-3.36923885345459,-3.325310707092285,-3.2822937965393066,-3.238450050354004,-3.19453501701355,-3.151517391204834,-3.108565330505371,-3.0666260719299316,-3.0283045768737793,-2.9953742027282715,-2.961221694946289,-2.9237754344940186,-2.8861804008483887,-2.8449206352233887,-2.801820993423462,-2.7589519023895264,-2.71512770652771,-2.6709330081939697,-2.628032684326172,-2.584336519241333,-2.540177345275879,-2.4972147941589355,-2.4530251026153564,-2.409172534942627,-2.366753578186035,-2.3226253986358643,-2.2787554264068604,-2.2358648777008057,-2.1909713745117188,-2.146488904953003,-2.101339340209961,-2.0556671619415283,-2.0112314224243164,-1.971806526184082,-1.928364634513855,-1.8874762058258057,-1.8451491594314575,-1.799611210823059,-1.7572683095932007,-1.7141950130462646,-1.669294834136963,-1.6228828430175781,-1.5799082517623901,-1.5392036437988281,-1.4950603246688843,-1.4503084421157837,-1.406480073928833,-1.3637422323226929,-1.3236932754516602,-1.2743090391159058,-1.2310271263122559,-1.1857634782791138,-1.140668511390686,-1.0989220142364502,-1.0600842237472534,-1.0160586833953857,-0.9712150692939758,-0.9273902773857117,-0.882949948310852,-0.8386173248291016,-0.7963436245918274,-0.7524607181549072,-0.7072240114212036,-0.6690807342529297,-0.6249389052391052,-0.5753647089004517,-0.5303455591201782,-0.4891096353530884,-0.44957759976387024,-0.40943458676338196,-0.36240145564079285,-0.31445616483688354,-0.27119430899620056,-0.2299613505601883,-0.1947464644908905,-0.15120673179626465,-0.09184905141592026,-0.047540728002786636,-0.02030291222035885,0.02083726041018963,0.08702678233385086,0.12041650712490082,0.16063927114009857,0.21263808012008667,0.2627710998058319,0.32343706488609314,0.3823036253452301,0.4571247696876526,0.4986157715320587,0.5597408413887024,0.6138008236885071,1.1216111183166504],"files":["scales.webp"]},"quats":{"files":["quats.webp"]},