{"version":2,"count":524329,"means":{"mins":[-4.994150989301604,-2.760581751742575,-1.6156614488036793],"maxs":[2.1766127638657364,4.62811790466089,3.16754494496758],"files":["means_l.webp","means_u.webp"]},"scales":{"codebook":[-9.998743057250977,-9.953470230102539,-9.903651237487793,-9.855499267578125,-9.808847427368164,-9.761893272399902,-9.718765258789062,-9.676188468933105,-9.62476921081543,-9.577813148498535,-9.535514831542969,-9.48392105102539,-9.437368392944336,-9.394661903381348,-9.347670555114746,-9.304808616638184,-9.261933326721191,-9.210834503173828,-9.1638822555542,-9.121208190917969,-9.074424743652344,-9.031112670898438,-8.988451957702637,-8.941580772399902,-8.894140243530273,-8.84781265258789,-8.796688079833984,-8.749752044677734,-8.707447052001953,-8.660192489624023,-8.609251022338867,-8.558623313903809,-8.515534400939941,-8.476513862609863,-8.433741569519043,-8.386828422546387,-8.33985424041748,-8.296546936035156,-8.253960609436035,-8.2067232131958,-8.160178184509277,-8.113079071044922,-8.066465377807617,-8.023480415344238,-7.979526996612549,-7.929539680480957,-7.880894660949707,-7.832098007202148,-7.785274505615234,-7.742059230804443,-7.698906421661377,-7.654323577880859,-7.609208583831787,-7.564568042755127,-7.517862319946289,-7.470551490783691,-7.425766468048096,-7.380898475646973,-7.331826686859131,-7.284943103790283,-7.242246150970459,-7.197286128997803,-7.150500774383545,-7.1036200523376465,-7.0582709312438965,-7.013816833496094,-6.9670305252075195,-6.919605255126953,-6.87316370010376,-6.82791805267334,-6.7832350730896,-6.736417770385742,-6.687521934509277,-6.6386308670043945,-6.5937604904174805,-6.550487995147705,-6.505913734436035,-6.4608354568481445,-6.416102409362793,-6.367117404937744,-6.318411350250244,-6.273309707641602,-6.228623867034912,-6.181703567504883,-6.132718563079834,-6.083743572235107,-6.037245273590088,-5.990001201629639,-5.944991111755371,-5.902160167694092,-5.857449531555176,-5.812535285949707,-5.769360542297363,-5.726561069488525,-5.681645393371582,-5.634858131408691,-5.587936878204346,-5.541043281555176,-5.495936393737793,-5.4512810707092285,-5.4043755531311035,-5.357623100280762,-5.310796737670898,-5.265523910522461,-5.220729827880859,-5.173777103424072,-5.129073143005371,-5.084006309509277,-5.037148952484131,-4.990253925323486,-4.943264484405518,-4.8984575271606445,-4.853602409362793,-4.80663537979126,-4.761664390563965,-4.716832637786865,-4.670010089874268,-4.621055603027344,-4.574199676513672,-4.531140327453613,-4.4863481521606445,-4.437312126159668,-4.390556335449219,-4.3475341796875,-4.302878379821777,-4.255765438079834,-4.209076881408691,-4.163918972015381,-4.119178771972656,-4.0721917152404785,-4.027426242828369,-3.9818947315216064,-3.935516119003296,-3.889749765396118,-3.843740224838257,-3.797983407974243,-3.7520318031311035,-3.7062456607818604,-3.6601929664611816,-3.6143245697021484,-3.5683634281158447,-3.5225508213043213,-3.4767236709594727,-3.4310388565063477,-3.3848421573638916,-3.3391101360321045,-3.2932004928588867,-3.2471139430999756,-3.2013256549835205,-3.1556754112243652,-3.109548568725586,-3.0635979175567627,-3.0167903900146484,-2.9699788093566895,-2.9237685203552246,-2.8791351318359375,-2.833209276199341,-2.7874066829681396,-2.7414486408233643,-2.694505453109741,-2.648181200027466,-2.6036217212677,-2.557767152786255,-2.5109710693359375,-2.4644627571105957,-2.4193191528320312,-2.372772455215454,-2.3283426761627197,-2.2823216915130615,-2.235440969467163,-2.1883678436279297,-2.1423087120056152,-2.0970442295074463,-2.0519027709960938,-2.008086919784546,-1.9613816738128662,-1.9152165651321411,-1.8696004152297974,-1.8236443996429443,-1.7774865627288818,-1.7315791845321655,-1.6857542991638184,-1.6397985219955444,-1.5938304662704468,-1.5483020544052124,-1.5026183128356934,-1.456299066543579,-1.4110404253005981,-1.364059329032898,-1.318816065788269,-1.2727175951004028,-1.2255423069000244,-1.1799179315567017,-1.1337361335754395,-1.087632656097412,-1.040820598602295,-0.9977003335952759,-0.9531681537628174,-0.9066139459609985,-0.8633244037628174,-0.8169600367546082,-0.7692316770553589,-0.7223182320594788,-0.6763153076171875,-0.6285250186920166,-0.58186936378479,-0.5363163352012634,-0.4950678050518036,-0.44780880212783813,-0.4020514190196991,-0.3541644215583801,-0.3071417212486267,-0.2602846622467041,-0.21607765555381775,-0.17123611271381378,-0.12657102942466736,-0.08348548412322998,-0.03797793760895729,0.007517195772379637,0.05360300838947296,0.10239604115486145,0.14861248433589935,0.19960080087184906,0.24167832732200623,0.29235613346099854,0.3391847312450409,0.38278496265411377,0.42650943994522095,0.4666336476802826,0.5114171504974365,0.5688596367835999,0.6132329106330872,0.6583453416824341,0.7054381370544434,0.7464922666549683,0.7943174839019775,0.8450535535812378,0.8877542614936829,0.9338675737380981,0.9782314896583557,1.0267385244369507,1.0673272609710693,1.121519923210144,1.1687983274459839,1.2086443901062012,1.25687575340271,1.3051841259002686,1.3437607288360596,1.4042236804962158,1.425289511680603,1.4918731451034546,1.5283288955688477,1.575456976890564,1.6367278099060059,1.681426763534546,1.7139408588409424],"files":["scales.webp"]},"quats":{"files":["quats.webp"]},