{"version":2,"count":529341,"means":{"mins":[2.1766131965479785,-3.41099685063249,-1.1853916773412798],"maxs":[4.60986366789949,3.975066645864469,3.0416588626981547],"files":["means_l.webp","means_u.webp"]},"scales":{"codebook":[-9.997363090515137,-9.956597328186035,-9.91242504119873,-9.867853164672852,-9.825014114379883,-9.78137493133545,-9.738545417785645,-9.695530891418457,-9.6524658203125,-9.605606079101562,-9.56213092803955,-9.519808769226074,-9.473091125488281,-9.429802894592285,-9.386969566345215,-9.343400001525879,-9.301119804382324,-9.257750511169434,-9.215117454528809,-9.17166519165039,-9.128986358642578,-9.08219051361084,-9.038222312927246,-8.999359130859375,-8.957509994506836,-8.910086631774902,-8.867109298706055,-8.824504852294922,-8.781225204467773,-8.738402366638184,-8.695777893066406,-8.652722358703613,-8.605594635009766,-8.558348655700684,-8.51509952545166,-8.476776123046875,-8.433734893798828,-8.38680648803711,-8.340203285217285,-8.296653747558594,-8.257463455200195,-8.21876049041748,-8.176136016845703,-8.128982543945312,-8.082517623901367,-8.038717269897461,-7.9989213943481445,-7.95681619644165,-7.914123058319092,-7.8707804679870605,-7.827573776245117,-7.784748554229736,-7.742046356201172,-7.697265625,-7.652096271514893,-7.609158515930176,-7.566524028778076,-7.523622512817383,-7.4809417724609375,-7.437483787536621,-7.394633769989014,-7.351579666137695,-7.306899547576904,-7.261271953582764,-7.218247890472412,-7.175467014312744,-7.1322808265686035,-7.08989143371582,-7.047267913818359,-7.003828048706055,-6.960507869720459,-6.9164886474609375,-6.871180057525635,-6.827895641326904,-6.785396099090576,-6.742183685302734,-6.699326992034912,-6.6563262939453125,-6.613251209259033,-6.570204257965088,-6.525428295135498,-6.480291843414307,-6.437390327453613,-6.3945631980896,-6.3512773513793945,-6.308465003967285,-6.265246868133545,-6.222580909729004,-6.179567813873291,-6.136709690093994,-6.091821670532227,-6.04654598236084,-6.003942012786865,-5.961041450500488,-5.917782306671143,-5.874902248382568,-5.831779479980469,-5.787188529968262,-5.741734504699707,-5.699240207672119,-5.656190872192383,-5.61263370513916,-5.5702385902404785,-5.527111053466797,-5.484219551086426,-5.441418170928955,-5.398496627807617,-5.3592634201049805,-5.32410192489624,-5.286948204040527,-5.248054027557373,-5.209031105041504,-5.167485237121582,-5.124748706817627,-5.083740234375,-5.044925212860107,-5.001993656158447,-4.9568634033203125,-4.913863658905029,-4.8709001541137695,-4.82808780670166,-4.784947872161865,-4.741962432861328,-4.6991071701049805,-4.656252861022949,-4.61318302154541,-4.570228576660156,-4.527286052703857,-4.484212875366211,-4.441385269165039,-4.396493911743164,-4.3515238761901855,-4.308584213256836,-4.265450477600098,-4.222559928894043,-4.179636478424072,-4.136617660522461,-4.093600273132324,-4.0506672859191895,-4.007272243499756,-3.962702751159668,-3.9177463054656982,-3.8729000091552734,-3.8310399055480957,-3.7949113845825195,-3.7627217769622803,-3.7296934127807617,-3.6932733058929443,-3.655306339263916,-3.6152243614196777,-3.5733792781829834,-3.5292065143585205,-3.484304666519165,-3.4413561820983887,-3.3995161056518555,-3.355668067932129,-3.3114936351776123,-3.26865553855896,-3.2257626056671143,-3.1816887855529785,-3.1377599239349365,-3.0948407649993896,-3.0519464015960693,-3.007967948913574,-2.964181423187256,-2.9210777282714844,-2.8782176971435547,-2.8340022563934326,-2.7901716232299805,-2.7472028732299805,-2.7044241428375244,-2.661163568496704,-2.617363452911377,-2.573636054992676,-2.5304007530212402,-2.4874234199523926,-2.4434967041015625,-2.399545907974243,-2.356644630432129,-2.313770294189453,-2.271474838256836,-2.232454776763916,-2.195439338684082,-2.1602747440338135,-2.124483108520508,-2.088179111480713,-2.0548923015594482,-2.0270698070526123,-2.0018320083618164,-1.9634976387023926,-1.9221323728561401,-1.8796894550323486,-1.8363226652145386,-1.7929625511169434,-1.7503979206085205,-1.7091649770736694,-1.6702152490615845,-1.6320234537124634,-1.597082495689392,-1.5622620582580566,-1.5263131856918335,-1.4878722429275513,-1.4461556673049927,-1.402977466583252,-1.3584797382354736,-1.3147156238555908,-1.2716666460037231,-1.228572130203247,-1.1876318454742432,-1.1468931436538696,-1.1039401292800903,-1.0590784549713135,-1.0160633325576782,-0.9700524806976318,-0.9257175922393799,-0.8825666904449463,-0.8403151035308838,-0.7954366207122803,-0.7511582374572754,-0.7043994665145874,-0.6586132049560547,-0.6200670003890991,-0.5731686949729919,-0.5364440679550171,-0.49362167716026306,-0.4459194839000702,-0.4040372371673584,-0.35884788632392883,-0.3141389787197113,-0.269645094871521,-0.22263941168785095,-0.17823289334774017,-0.14151164889335632,-0.10037136822938919,-0.05702131986618042,-0.020200906321406364,0.029813304543495178,0.07755376398563385,0.12646831572055817,0.16296783089637756,0.20544642210006714,0.2559816539287567,0.3002345860004425,0.33774495124816895,0.375495046377182,0.40889325737953186,0.45255017280578613,0.5102793574333191,0.5529708862304688,0.5977395176887512,0.6746337413787842,0.7989040017127991,0.8359867930412292,0.9205184578895569,0.9615293741226196,1.0720157623291016],"files":["scales.webp"]},"quats":{"files":["quats.webp"]},