{"version":2,"count":525707,"means":{"mins":[2.950824329545937,-3.911531322682345,-0.8395115627786267],"maxs":[4.523740293779467,-1.0704485097379202,3.1647082253980385],"files":["means_l.webp","means_u.webp"]},"scales":{"codebook":[-9.998496055603027,-9.960145950317383,-9.914071083068848,-9.875409126281738,-9.83224105834961,-9.78530502319336,-9.742420196533203,-9.702569961547852,-9.663492202758789,-9.621286392211914,-9.57801342010498,-9.539017677307129,-9.49984073638916,-9.457198143005371,-9.414000511169434,-9.371156692504883,-9.328086853027344,-9.289541244506836,-9.249917984008789,-9.20703125,-9.155915260314941,-9.109304428100586,-9.069986343383789,-9.031034469604492,-8.991690635681152,-8.953154563903809,-8.91035270690918,-8.86698055267334,-8.828330039978027,-8.788548469543457,-8.74610710144043,-8.702957153320312,-8.66381549835205,-8.62121295928955,-8.574357032775879,-8.531557083129883,-8.49219036102295,-8.452919960021973,-8.414173126220703,-8.371374130249023,-8.32838249206543,-8.288666725158691,-8.246294975280762,-8.203134536743164,-8.164375305175781,-8.121110916137695,-8.078238487243652,-8.039310455322266,-7.996833324432373,-7.953307151794434,-7.909789085388184,-7.869210720062256,-7.8278937339782715,-7.7847900390625,-7.7421979904174805,-7.699118614196777,-7.655959129333496,-7.615102767944336,-7.576443195343018,-7.534928798675537,-7.49428129196167,-7.454976558685303,-7.421811103820801,-7.396575927734375,-7.3658270835876465,-7.326314926147461,-7.285164833068848,-7.241940498352051,-7.201275825500488,-7.1601457595825195,-7.117196559906006,-7.0740532875061035,-7.030930995941162,-6.987969398498535,-6.947029113769531,-6.9084882736206055,-6.866878986358643,-6.824011325836182,-6.783417701721191,-6.741766929626465,-6.698966979980469,-6.658263206481934,-6.61918830871582,-6.578256607055664,-6.5351881980896,-6.491945266723633,-6.449158191680908,-6.406020641326904,-6.363321781158447,-6.322103500366211,-6.283231735229492,-6.24167537689209,-6.201303005218506,-6.160069942474365,-6.116944789886475,-6.073980331420898,-6.031002521514893,-5.990467548370361,-5.949077129364014,-5.906118869781494,-5.865337371826172,-5.82401180267334,-5.780933856964111,-5.740241527557373,-5.69924259185791,-5.658312797546387,-5.616968154907227,-5.576208591461182,-5.535005569458008,-5.492229461669922,-5.44924259185791,-5.406160354614258,-5.363116264343262,-5.322030544281006,-5.283412456512451,-5.241964340209961,-5.199155330657959,-5.156057357788086,-5.113184452056885,-5.07235860824585,-5.030914306640625,-4.988057613372803,-4.9452290534973145,-4.902317047119141,-4.859379768371582,-4.816371917724609,-4.7753801345825195,-4.736347198486328,-4.6972975730896,-4.656309127807617,-4.6131768226623535,-4.572403907775879,-4.531085014343262,-4.488213539123535,-4.447421550750732,-4.40615701675415,-4.363147735595703,-4.320206165313721,-4.2773308753967285,-4.2343621253967285,-4.191416263580322,-4.148378849029541,-4.109379291534424,-4.072292327880859,-4.031066417694092,-3.9887855052948,-3.9471852779388428,-3.906134605407715,-3.8651235103607178,-3.823282241821289,-3.780196189880371,-3.738149642944336,-3.6963436603546143,-3.654268980026245,-3.6131787300109863,-3.5723366737365723,-3.530290126800537,-3.488246440887451,-3.4474101066589355,-3.40539288520813,-3.3623294830322266,-3.3202786445617676,-3.2790591716766357,-3.2383322715759277,-3.1972806453704834,-3.1552743911743164,-3.113347053527832,-3.072244167327881,-3.0303165912628174,-2.9874813556671143,-2.9453115463256836,-2.90425443649292,-2.8632686138153076,-2.821439027786255,-2.779463052749634,-2.738426446914673,-2.6963441371917725,-2.6546072959899902,-2.6133315563201904,-2.5717058181762695,-2.529423475265503,-2.4873878955841064,-2.4457054138183594,-2.404449224472046,-2.3626790046691895,-2.3205087184906006,-2.279440402984619,-2.237656354904175,-2.1957249641418457,-2.1545450687408447,-2.1126487255096436,-2.070685625076294,-2.0295333862304688,-1.9906089305877686,-1.9466161727905273,-1.9035189151763916,-1.8618592023849487,-1.8204747438430786,-1.778327226638794,-1.736322283744812,-1.6953749656677246,-1.6535555124282837,-1.6111457347869873,-1.5693583488464355,-1.5285025835037231,-1.4864088296890259,-1.4442071914672852,-1.402035117149353,-1.360700011253357,-1.320257306098938,-1.2777891159057617,-1.2364839315414429,-1.1941720247268677,-1.1527796983718872,-1.1145390272140503,-1.0726454257965088,-1.0291608572006226,-0.9859272837638855,-0.9440404772758484,-0.9040241837501526,-0.8645620942115784,-0.82294762134552,-0.7787940502166748,-0.7371960878372192,-0.6923640966415405,-0.6477621793746948,-0.6086502075195312,-0.5682206153869629,-0.5236893892288208,-0.48558828234672546,-0.4480205774307251,-0.40792736411094666,-0.36785683035850525,-0.3277462422847748,-0.2860031723976135,-0.23962005972862244,-0.18805819749832153,-0.14817261695861816,-0.10799193382263184,-0.07150497287511826,-0.03639109805226326,0.0080086849629879,0.05158643797039986,0.09441671520471573,0.14798317849636078,0.19082212448120117,0.23221410810947418,0.2714589834213257,0.30492928624153137,0.34040647745132446,0.3971763551235199,0.4326552450656891,0.4630102217197418,0.5130138397216797,0.5550941824913025,0.6420949101448059],"files":["scales.webp"]},"quats":{"files":["quats.webp"]},