{"version":2,"count":564008,"means":{"mins":[-1.9337352982579954,-2.7605810278467557,-0.8972479343187276],"maxs":[2.1766106004517174,-1.2182460700153632,0.5490961865242181],"files":["means_l.webp","means_u.webp"]},"scales":{"codebook":[-9.99848747253418,-9.968182563781738,-9.930395126342773,-9.894604682922363,-9.859306335449219,-9.824368476867676,-9.789241790771484,-9.754016876220703,-9.718687057495117,-9.679680824279785,-9.640349388122559,-9.605596542358398,-9.57424545288086,-9.542932510375977,-9.511760711669922,-9.476568222045898,-9.441492080688477,-9.410178184509277,-9.37492561340332,-9.335586547851562,-9.300811767578125,-9.269577026367188,-9.234484672546387,-9.199378967285156,-9.164429664611816,-9.124789237976074,-9.085723876953125,-9.05451774597168,-9.027497291564941,-8.992313385009766,-8.952775955200195,-8.918018341064453,-8.882641792297363,-8.847773551940918,-8.816612243652344,-8.78535270690918,-8.749817848205566,-8.710631370544434,-8.672003746032715,-8.636672973632812,-8.60547161102295,-8.574393272399902,-8.539036750793457,-8.504058837890625,-8.472875595092773,-8.437128067016602,-8.402400016784668,-8.366863250732422,-8.332104682922363,-8.296662330627441,-8.261625289916992,-8.23060131072998,-8.195521354675293,-8.155624389648438,-8.11722183227539,-8.078179359436035,-8.042624473571777,-8.015543937683105,-7.987180233001709,-7.953091621398926,-7.918229103088379,-7.884998321533203,-7.851738452911377,-7.816268444061279,-7.781080722808838,-7.746001243591309,-7.710799217224121,-7.675654888153076,-7.640771865844727,-7.6070637702941895,-7.578398704528809,-7.554381847381592,-7.529382228851318,-7.4979143142700195,-7.467045783996582,-7.439328193664551,-7.417671203613281,-7.392702102661133,-7.361171722412109,-7.330195426940918,-7.296475887298584,-7.26757287979126,-7.2443718910217285,-7.218703269958496,-7.189593315124512,-7.156135082244873,-7.121009826660156,-7.086053371429443,-7.052877902984619,-7.019331932067871,-6.984218120574951,-6.949260711669922,-6.9141035079956055,-6.879045009613037,-6.843637466430664,-6.808774471282959,-6.7756028175354,-6.74191427230835,-6.707151412963867,-6.671528339385986,-6.636735439300537,-6.601449489593506,-6.566511154174805,-6.531198024749756,-6.4959306716918945,-6.460815906524658,-6.425521373748779,-6.390542507171631,-6.355265140533447,-6.320070266723633,-6.285133361816406,-6.252156734466553,-6.2187981605529785,-6.18556022644043,-6.152298927307129,-6.117239952087402,-6.081981182098389,-6.04691219329834,-6.011798858642578,-5.976496696472168,-5.943367004394531,-5.909877300262451,-5.874902725219727,-5.8397932052612305,-5.804583549499512,-5.769357204437256,-5.734421730041504,-5.699224948883057,-5.663814544677734,-5.628821849822998,-5.593675136566162,-5.56068229675293,-5.527320861816406,-5.492119312286377,-5.456865310668945,-5.4218926429748535,-5.386684894561768,-5.353532314300537,-5.320302963256836,-5.285039901733398,-5.2501115798950195,-5.214842796325684,-5.179592609405518,-5.144539833068848,-5.111454010009766,-5.078153610229492,-5.042795658111572,-5.00779390335083,-4.972631931304932,-4.937468528747559,-4.902281761169434,-4.867168426513672,-4.8340959548950195,-4.800861835479736,-4.765466213226318,-4.730477809906006,-4.6953277587890625,-4.6602044105529785,-4.624941349029541,-4.58970308303833,-4.554727554321289,-4.521552085876465,-4.488203525543213,-4.453083515167236,-4.4179253578186035,-4.3829731941223145,-4.3475847244262695,-4.312496662139893,-4.281273365020752,-4.253873348236084,-4.228491306304932,-4.2030134201049805,-4.173923492431641,-4.140649795532227,-4.105690002441406,-4.070511341094971,-4.035248279571533,-4.000614643096924,-3.9659223556518555,-3.931722402572632,-3.900310516357422,-3.8730928897857666,-3.8475124835968018,-3.82145357131958,-3.7920143604278564,-3.7589287757873535,-3.724684476852417,-3.693568468093872,-3.6661109924316406,-3.6416549682617188,-3.6142914295196533,-3.583143711090088,-3.549919605255127,-3.5147581100463867,-3.480353355407715,-3.4464340209960938,-3.411163568496704,-3.376852035522461,-3.3429601192474365,-3.307779312133789,-3.2724649906158447,-3.237616539001465,-3.2031638622283936,-3.1694116592407227,-3.134087562561035,-3.0997555255889893,-3.0656821727752686,-3.030447006225586,-2.995121955871582,-2.9614455699920654,-2.9271974563598633,-2.8913965225219727,-2.856449604034424,-2.8226442337036133,-2.788109064102173,-2.753246307373047,-2.7182836532592773,-2.683863401412964,-2.6496498584747314,-2.614511489868164,-2.5791289806365967,-2.545271396636963,-2.5109944343566895,-2.4758026599884033,-2.4405133724212646,-2.406212568283081,-2.3723926544189453,-2.3372104167938232,-2.301635503768921,-2.2680110931396484,-2.233833074569702,-2.1983184814453125,-2.163342237472534,-2.128730297088623,-2.095823049545288,-2.0626940727233887,-2.0318410396575928,-2.004518985748291,-1.9702112674713135,-1.9315232038497925,-1.8871709108352661,-1.8584152460098267,-1.819195032119751,-1.7868881225585938,-1.744131088256836,-1.7211880683898926,-1.681467056274414,-1.6425162553787231,-1.6137218475341797,-1.5741057395935059,-1.5433852672576904,-1.4253287315368652,-1.4180022478103638,-1.3711645603179932,-1.2355055809020996,-1.1588454246520996],"files":["scales.webp"]},"quats":{"files":["quats.webp"]},