{"version":2,"count":530110,"means":{"mins":[-1.5274266648596602,-3.420278022625857,-0.7836870246611557],"maxs":[2.1765678179780625,-2.970951215680533,2.0240730232612303],"files":["means_l.webp","means_u.webp"]},"scales":{"codebook":[-9.999520301818848,-9.962129592895508,-9.921271324157715,-9.882881164550781,-9.843554496765137,-9.809250831604004,-9.772970199584961,-9.734814643859863,-9.693804740905762,-9.656946182250977,-9.617033958435059,-9.576169967651367,-9.542820930480957,-9.512518882751465,-9.475776672363281,-9.43747615814209,-9.397552490234375,-9.358966827392578,-9.319600105285645,-9.281146049499512,-9.241762161254883,-9.207650184631348,-9.171381950378418,-9.132911682128906,-9.09795093536377,-9.061149597167969,-9.024210929870605,-8.985115051269531,-8.945526123046875,-8.90600872039795,-8.867032051086426,-8.832332611083984,-8.795920372009277,-8.757491111755371,-8.71788501739502,-8.679659843444824,-8.645148277282715,-8.608330726623535,-8.570279121398926,-8.530776023864746,-8.496726036071777,-8.461161613464355,-8.422697067260742,-8.38242244720459,-8.34291934967041,-8.304374694824219,-8.269859313964844,-8.234352111816406,-8.19483470916748,-8.156128883361816,-8.116812705993652,-8.077738761901855,-8.042983055114746,-8.006280899047852,-7.964442253112793,-7.9212727546691895,-7.882813930511475,-7.8475494384765625,-7.81065559387207,-7.76912260055542,-7.726088047027588,-7.68473482131958,-7.648079872131348,-7.6106791496276855,-7.573948860168457,-7.5390238761901855,-7.503866672515869,-7.468491554260254,-7.4334716796875,-7.397844314575195,-7.3629865646362305,-7.326244354248047,-7.285012245178223,-7.241856575012207,-7.203047752380371,-7.167779445648193,-7.132709980010986,-7.097578525543213,-7.060596466064453,-7.021346569061279,-6.984262466430664,-6.948963165283203,-6.913991928100586,-6.878788471221924,-6.84181022644043,-6.802628993988037,-6.765529155731201,-6.730342864990234,-6.693517208099365,-6.654313564300537,-6.617197513580322,-6.580141067504883,-6.543043613433838,-6.505948066711426,-6.468621730804443,-6.431641578674316,-6.3904829025268555,-6.351480960845947,-6.316279888153076,-6.2794413566589355,-6.240164279937744,-6.2031378746032715,-6.167985439300537,-6.130860805511475,-6.091511249542236,-6.052801132202148,-6.015665531158447,-5.980525493621826,-5.9493327140808105,-5.923831462860107,-5.894408226013184,-5.861330032348633,-5.8281683921813965,-5.791090965270996,-5.751857757568359,-5.714706897735596,-5.677785873413086,-5.638712406158447,-5.601433277130127,-5.564516067504883,-5.527286052703857,-5.496269226074219,-5.472757339477539,-5.447330951690674,-5.414184093475342,-5.376984596252441,-5.339789390563965,-5.30278205871582,-5.263675689697266,-5.226419448852539,-5.191512107849121,-5.154307842254639,-5.11514139175415,-5.081934452056885,-5.058540344238281,-5.033341884613037,-5.003906726837158,-4.9766621589660645,-4.953004360198975,-4.931685447692871,-4.906321048736572,-4.878779411315918,-4.853348731994629,-4.834005355834961,-4.810617446899414,-4.777326583862305,-4.740237712860107,-4.703155040740967,-4.6660895347595215,-4.62689208984375,-4.589900016784668,-4.552783966064453,-4.5158371925354,-4.478560924530029,-4.439501762390137,-4.4023261070251465,-4.3652729988098145,-4.3261895179748535,-4.28912878036499,-4.252236843109131,-4.2149763107299805,-4.177828788757324,-4.138782978057861,-4.101608753204346,-4.064597129821777,-4.027525424957275,-3.9908413887023926,-3.953221321105957,-3.9180097579956055,-3.8868815898895264,-3.8593618869781494,-3.831183671951294,-3.798041343688965,-3.7616238594055176,-3.7258777618408203,-3.689500093460083,-3.652634620666504,-3.6172633171081543,-3.5859029293060303,-3.5565896034240723,-3.527254343032837,-3.4970998764038086,-3.4639110565185547,-3.426964282989502,-3.3887579441070557,-3.351576805114746,-3.314448833465576,-3.276442289352417,-3.238454580307007,-3.2013251781463623,-3.1640799045562744,-3.126955986022949,-3.0890347957611084,-3.051213502883911,-3.0139429569244385,-2.976883888244629,-2.9387433528900146,-2.9004125595092773,-2.863734006881714,-2.825617551803589,-2.7870595455169678,-2.750382423400879,-2.713618516921997,-2.6759846210479736,-2.6393091678619385,-2.600966691970825,-2.562443733215332,-2.525803327560425,-2.488341808319092,-2.4506003856658936,-2.4119086265563965,-2.375025987625122,-2.33769154548645,-2.3002851009368896,-2.2623584270477295,-2.224989175796509,-2.1876471042633057,-2.149733066558838,-2.111335039138794,-2.074402332305908,-2.0380239486694336,-2.0002529621124268,-1.963107943534851,-1.927760362625122,-1.8869998455047607,-1.8495749235153198,-1.8093687295913696,-1.7735695838928223,-1.7358472347259521,-1.698490023612976,-1.661758542060852,-1.6242491006851196,-1.5869003534317017,-1.5493520498275757,-1.5100862979888916,-1.473497748374939,-1.4325650930404663,-1.3935248851776123,-1.356297492980957,-1.316551923751831,-1.276657223701477,-1.248840093612671,-1.2087112665176392,-1.1758744716644287,-1.131502628326416,-1.1043814420700073,-1.063881754875183,-1.0206605195999146,-0.982430100440979,-0.940237820148468,-0.893382728099823,-0.869774341583252,-0.8432670831680298,-0.7257688641548157,-0.6755999326705933,-0.4221895933151245],"files":["scales.webp"]},"quats":{"files":["quats.webp"]},