{"version":2,"count":545839,"means":{"mins":[2.1766259605898983,-2.104023987188318,-0.6963054066079116],"maxs":[2.9508188434014695,-1.0704069425927818,1.082816620261275],"files":["means_l.webp","means_u.webp"]},"scales":{"codebook":[-9.997956275939941,-9.967544555664062,-9.93139934539795,-9.890788078308105,-9.851517677307129,-9.81639575958252,-9.785360336303711,-9.749967575073242,-9.71100902557373,-9.676233291625977,-9.6445894241333,-9.60917854309082,-9.570237159729004,-9.53515338897705,-9.504095077514648,-9.468984603881836,-9.433805465698242,-9.398348808288574,-9.359556198120117,-9.324295043945312,-9.293087005615234,-9.257344245910645,-9.218652725219727,-9.183649063110352,-9.152426719665527,-9.117270469665527,-9.077853202819824,-9.042710304260254,-9.011760711669922,-8.976378440856934,-8.937481880187988,-8.898191452026367,-8.859243392944336,-8.820289611816406,-8.781113624572754,-8.746121406555176,-8.714973449707031,-8.683601379394531,-8.648494720458984,-8.61336612701416,-8.578060150146484,-8.539175987243652,-8.50395679473877,-8.468749046325684,-8.429563522338867,-8.398496627807617,-8.371231079101562,-8.336043357849121,-8.296778678894043,-8.261883735656738,-8.230440139770508,-8.199250221252441,-8.1638822555542,-8.125017166137695,-8.08590316772461,-8.04680061340332,-8.015609741210938,-7.98730993270874,-7.952829360961914,-7.918040752410889,-7.882678985595703,-7.847976207733154,-7.812259674072266,-7.777405738830566,-7.742278099060059,-7.70674467086792,-7.671931266784668,-7.636782646179199,-7.601248264312744,-7.566105842590332,-7.5310750007629395,-7.496142864227295,-7.4608612060546875,-7.425624847412109,-7.390573978424072,-7.355462074279785,-7.3204216957092285,-7.285238742828369,-7.249886989593506,-7.214727878570557,-7.177781581878662,-7.140389919281006,-7.105278015136719,-7.070526123046875,-7.0391411781311035,-7.0155930519104,-6.990334510803223,-6.9569549560546875,-6.921789646148682,-6.886625289916992,-6.851446628570557,-6.8202409744262695,-6.793083190917969,-6.767697811126709,-6.742221832275391,-6.712924003601074,-6.681652069091797,-6.648260593414307,-6.6171417236328125,-6.591724395751953,-6.566290378570557,-6.538978099822998,-6.509790420532227,-6.4822306632995605,-6.462896347045898,-6.441382884979248,-6.413973808288574,-6.386636734008789,-6.359367847442627,-6.3301310539245605,-6.296778678894043,-6.261556625366211,-6.226535797119141,-6.191215515136719,-6.156309127807617,-6.121027946472168,-6.08601713180542,-6.050682067871094,-6.013710021972656,-5.976338863372803,-5.9414143562316895,-5.912059783935547,-5.892657279968262,-5.869158744812012,-5.8358917236328125,-5.800731182098389,-5.765706539154053,-5.730574131011963,-5.6953535079956055,-5.660092353820801,-5.625068187713623,-5.589938640594482,-5.554676055908203,-5.519596576690674,-5.484516143798828,-5.4492597579956055,-5.4142069816589355,-5.3789143562316895,-5.343742847442627,-5.3106279373168945,-5.283159255981445,-5.263638019561768,-5.248192310333252,-5.22859525680542,-5.201191425323486,-5.167935371398926,-5.132781982421875,-5.097568988800049,-5.0625319480896,-5.027344226837158,-4.992135047912598,-4.957094192504883,-4.9219584465026855,-4.890620708465576,-4.867173194885254,-4.843722343444824,-4.8183135986328125,-4.796872138977051,-4.771570205688477,-4.740362167358398,-4.7071685791015625,-4.671840667724609,-4.636783123016357,-4.601767063140869,-4.5666399002075195,-4.531301498413086,-4.49608039855957,-4.461053848266602,-4.425913333892822,-4.390873908996582,-4.355311393737793,-4.320300102233887,-4.285286903381348,-4.249990940093994,-4.2148613929748535,-4.179841995239258,-4.144621849060059,-4.109505653381348,-4.074324131011963,-4.03891134262085,-4.003655910491943,-3.9667611122131348,-3.930828094482422,-3.8954617977142334,-3.860495090484619,-3.825025796890259,-3.7900896072387695,-3.755082130432129,-3.719881057739258,-3.6848864555358887,-3.6497018337249756,-3.614210605621338,-3.5791432857513428,-3.54416823387146,-3.5090484619140625,-3.473767042160034,-3.438483953475952,-3.4027509689331055,-3.3674755096435547,-3.3361101150512695,-3.3075668811798096,-3.2815067768096924,-3.253995656967163,-3.2240078449249268,-3.1905288696289062,-3.1558682918548584,-3.120393991470337,-3.085160493850708,-3.050194263458252,-3.0154647827148438,-2.9796316623687744,-2.944596767425537,-2.90954327583313,-2.874659538269043,-2.8390562534332275,-2.8029541969299316,-2.7666847705841064,-2.731673240661621,-2.696735382080078,-2.661996841430664,-2.6265265941619873,-2.590465784072876,-2.556992292404175,-2.52077579498291,-2.48647141456604,-2.4494662284851074,-2.4156854152679443,-2.3801233768463135,-2.3448338508605957,-2.304931402206421,-2.2691378593444824,-2.233419418334961,-2.2021028995513916,-2.1660916805267334,-2.131176471710205,-2.0981509685516357,-2.066401243209839,-2.035327196121216,-2.000502824783325,-1.9576942920684814,-1.9151667356491089,-1.8832612037658691,-1.847965121269226,-1.8136144876480103,-1.7832016944885254,-1.755147933959961,-1.707855463027954,-1.671744704246521,-1.6458120346069336,-1.6023753881454468,-1.5646765232086182,-1.5326024293899536,-1.491477131843567,-1.3360445499420166,-1.1518704891204834,-1.0045161247253418],"files":["scales.webp"]},"quats":{"files":["quats.webp"]},