{"version":2,"count":601427,"means":{"mins":[-1.5274200914261915,-4.045240647208381,-1.1380563047931302],"maxs":[2.1766128720363143,-3.420278147379196,2.7834342468936932],"files":["means_l.webp","means_u.webp"]},"scales":{"codebook":[-9.999431610107422,-9.96657943725586,-9.924205780029297,-9.879545211791992,-9.833658218383789,-9.797015190124512,-9.755378723144531,-9.730703353881836,-9.687545776367188,-9.645039558410645,-9.612358093261719,-9.571640968322754,-9.533312797546387,-9.494421005249023,-9.45481014251709,-9.415061950683594,-9.376090049743652,-9.336702346801758,-9.29320240020752,-9.248991012573242,-9.21042537689209,-9.171510696411133,-9.132868766784668,-9.094779968261719,-9.05483627319336,-9.017654418945312,-8.976821899414062,-8.9368257522583,-8.898232460021973,-8.859465599060059,-8.820453643798828,-8.7811918258667,-8.74219799041748,-8.701752662658691,-8.663430213928223,-8.625344276428223,-8.585588455200195,-8.547258377075195,-8.507843971252441,-8.468509674072266,-8.4298734664917,-8.390599250793457,-8.35145378112793,-8.313029289245605,-8.273340225219727,-8.234511375427246,-8.19548511505127,-8.156230926513672,-8.116779327392578,-8.077508926391602,-8.038484573364258,-7.998908519744873,-7.956350326538086,-7.916008949279785,-7.877016544342041,-7.8379807472229,-7.7982916831970215,-7.759927272796631,-7.718184471130371,-7.675503253936768,-7.636362075805664,-7.601151466369629,-7.5645647048950195,-7.522902011871338,-7.4843268394470215,-7.447409152984619,-7.405920028686523,-7.363080978393555,-7.321476459503174,-7.284963130950928,-7.249651908874512,-7.212896347045898,-7.171749114990234,-7.1288347244262695,-7.085549831390381,-7.044861793518066,-7.00588846206665,-6.964658737182617,-6.921703338623047,-6.880516529083252,-6.843688011169434,-6.808441638946533,-6.773329734802246,-6.737933158874512,-6.701176166534424,-6.659977436065674,-6.617085933685303,-6.5760955810546875,-6.539098739624023,-6.501969814300537,-6.460612773895264,-6.421700954437256,-6.386573791503906,-6.3496503829956055,-6.308379650115967,-6.265446186065674,-6.222479343414307,-6.17957067489624,-6.136722564697266,-6.0975494384765625,-6.062362194061279,-6.0272440910339355,-5.9921956062316895,-5.9551520347595215,-5.915913105010986,-5.877004623413086,-5.835925102233887,-5.792736053466797,-5.751801490783691,-5.714715957641602,-5.679655075073242,-5.642677307128906,-5.603421688079834,-5.564535617828369,-5.525417327880859,-5.484216690063477,-5.445201873779297,-5.408231735229492,-5.3672380447387695,-5.324084281921387,-5.280983924865723,-5.24206018447876,-5.205115795135498,-5.1678338050842285,-5.130895137786865,-5.089793682098389,-5.046802997589111,-5.007713794708252,-4.972635269165039,-4.935559272766113,-4.89450216293335,-4.853505611419678,-4.816343307495117,-4.779299736022949,-4.7422003746032715,-4.712845325469971,-4.689575672149658,-4.660061836242676,-4.623079776763916,-4.583902835845947,-4.544967174530029,-4.507798194885254,-4.476656913757324,-4.4511799812316895,-4.421963691711426,-4.384864330291748,-4.345675468444824,-4.306834697723389,-4.2676849365234375,-4.2287421226501465,-4.18958044052124,-4.150444984436035,-4.111374378204346,-4.072290420532227,-4.033352851867676,-3.994713068008423,-3.956076145172119,-3.917123556137085,-3.8770971298217773,-3.836951494216919,-3.7980315685272217,-3.758754253387451,-3.7197418212890625,-3.680697202682495,-3.641688823699951,-3.6025588512420654,-3.563617706298828,-3.5234944820404053,-3.483485698699951,-3.444401264190674,-3.4053616523742676,-3.3662850856781006,-3.3272619247436523,-3.2882654666900635,-3.249156951904297,-3.21012282371521,-3.1710140705108643,-3.1320157051086426,-3.0917258262634277,-3.0518996715545654,-3.0126006603240967,-2.973675012588501,-2.934474229812622,-2.8956103324890137,-2.856579065322876,-2.8175971508026123,-2.778578281402588,-2.7394180297851562,-2.700636148452759,-2.6614913940429688,-2.6213724613189697,-2.5813519954681396,-2.5421712398529053,-2.503214120864868,-2.4641530513763428,-2.4250106811523438,-2.3858022689819336,-2.346723794937134,-2.30777645111084,-2.268878221511841,-2.228846788406372,-2.188767194747925,-2.1497819423675537,-2.110555410385132,-2.0712995529174805,-2.032790184020996,-1.994003415107727,-1.9549343585968018,-1.9161615371704102,-1.8762222528457642,-1.8368489742279053,-1.7976487874984741,-1.7583078145980835,-1.719784140586853,-1.6802473068237305,-1.6400703191757202,-1.601584553718567,-1.5625349283218384,-1.523478627204895,-1.4843504428863525,-1.4446779489517212,-1.4052925109863281,-1.3651680946350098,-1.32619047164917,-1.2910796403884888,-1.254060983657837,-1.2160640954971313,-1.1719610691070557,-1.1287336349487305,-1.0839499235153198,-1.049542784690857,-1.0125346183776855,-0.9726757407188416,-0.9344918727874756,-0.8970537781715393,-0.8562110066413879,-0.8127676248550415,-0.7811058759689331,-0.7391026616096497,-0.6947177052497864,-0.6554758548736572,-0.6209359169006348,-0.5758852958679199,-0.534810483455658,-0.4919222593307495,-0.451078325510025,-0.42005565762519836,-0.3840166926383972,-0.3497059941291809,-0.3042329251766205,-0.26497575640678406,-0.20139794051647186,-0.11755634099245071,-0.057964175939559937,-0.02203160710632801,0.007509692572057247],"files":["scales.webp"]},"quats":{"files":["quats.webp"]},