{"version":2,"count":524930,"means":{"mins":[-4.611424467139007,-4.823495875608695,-1.5642886992502556],"maxs":[2.176592048984362,-2.7605838027778833,3.6987411554244365],"files":["means_l.webp","means_u.webp"]},"scales":{"codebook":[-9.998997688293457,-9.953412055969238,-9.903426170349121,-9.855781555175781,-9.808940887451172,-9.76176643371582,-9.714457511901855,-9.66854190826416,-9.624754905700684,-9.582082748413086,-9.534571647644043,-9.488686561584473,-9.441454887390137,-9.394359588623047,-9.347871780395508,-9.300653457641602,-9.254079818725586,-9.207528114318848,-9.15633773803711,-9.105133056640625,-9.061857223510742,-9.019789695739746,-8.976858139038086,-8.933650970458984,-8.88232421875,-8.835640907287598,-8.79298210144043,-8.746175765991211,-8.699311256408691,-8.652606010437012,-8.60533618927002,-8.55937671661377,-8.507492065429688,-8.46054458618164,-8.417972564697266,-8.371771812438965,-8.32401180267334,-8.281320571899414,-8.238295555114746,-8.187042236328125,-8.140317916870117,-8.097762107849121,-8.05048656463623,-8.00490665435791,-7.95688533782959,-7.908220291137695,-7.862890720367432,-7.8198347091674805,-7.775458335876465,-7.7282586097717285,-7.681673526763916,-7.634572982788086,-7.588127136230469,-7.5406928062438965,-7.495960235595703,-7.451241970062256,-7.404687881469727,-7.357053756713867,-7.310794830322266,-7.26380729675293,-7.214731216430664,-7.166033744812012,-7.118879318237305,-7.074063777923584,-7.030941009521484,-6.986481666564941,-6.93954610824585,-6.890289783477783,-6.843563079833984,-6.800377368927002,-6.756005764007568,-6.706845283508301,-6.660201072692871,-6.6155171394348145,-6.568520545959473,-6.521426200866699,-6.47463321685791,-6.427510738372803,-6.380912780761719,-6.3357930183410645,-6.291199207305908,-6.244455337524414,-6.199161052703857,-6.1544508934021,-6.107443809509277,-6.0585036277771,-6.011480808258057,-5.96701192855835,-5.920054912567139,-5.871050834655762,-5.819996356964111,-5.769350051879883,-5.722456932067871,-5.679348945617676,-5.6365485191345215,-5.593664169311523,-5.548832893371582,-5.503529071807861,-5.459149360656738,-5.410091400146484,-5.361267566680908,-5.316343784332275,-5.271573066711426,-5.2241716384887695,-5.177910327911377,-5.128546237945557,-5.080057144165039,-5.035157203674316,-4.990302562713623,-4.94319486618042,-4.8982391357421875,-4.855268478393555,-4.81078577041626,-4.761633396148682,-4.710625171661377,-4.659936904907227,-4.613290786743164,-4.568377494812012,-4.51924467086792,-4.468509197235107,-4.419744968414307,-4.37471866607666,-4.331722736358643,-4.2888712882995605,-4.245970249176025,-4.201215744018555,-4.1540422439575195,-4.109081268310547,-4.06617546081543,-4.021657943725586,-3.9743964672088623,-3.925565242767334,-3.878737688064575,-3.833751678466797,-3.7890074253082275,-3.743232250213623,-3.6962387561798096,-3.6503195762634277,-3.6054320335388184,-3.559581756591797,-3.5125844478607178,-3.4668726921081543,-3.4239513874053955,-3.384913444519043,-3.348722457885742,-3.310563087463379,-3.2685670852661133,-3.226487874984741,-3.184649705886841,-3.1405508518218994,-3.0950379371643066,-3.04880428314209,-3.002974271774292,-2.9559333324432373,-2.910120725631714,-2.8672826290130615,-2.8270978927612305,-2.7910783290863037,-2.7550580501556396,-2.714792251586914,-2.672884225845337,-2.62872576713562,-2.5850961208343506,-2.5402493476867676,-2.4933981895446777,-2.4473965167999268,-2.4015679359436035,-2.3549306392669678,-2.3077030181884766,-2.2596797943115234,-2.212804079055786,-2.1670196056365967,-2.1196703910827637,-2.074432373046875,-2.034487009048462,-2.000537395477295,-1.947737216949463,-1.8967654705047607,-1.84750497341156,-1.7991688251495361,-1.7518986463546753,-1.706215500831604,-1.6608517169952393,-1.61456298828125,-1.568668007850647,-1.5209425687789917,-1.474921703338623,-1.428511142730713,-1.382102608680725,-1.3355433940887451,-1.2888200283050537,-1.2428703308105469,-1.1961380243301392,-1.1507084369659424,-1.1046262979507446,-1.0580774545669556,-1.011813759803772,-0.965452253818512,-0.9196774959564209,-0.874186635017395,-0.8279151320457458,-0.7816281318664551,-0.736096978187561,-0.6917067170143127,-0.6461464762687683,-0.5998806357383728,-0.5528120994567871,-0.5068814158439636,-0.45951226353645325,-0.4113073945045471,-0.36598992347717285,-0.3213762640953064,-0.27345338463783264,-0.22222188115119934,-0.17735221982002258,-0.1343294084072113,-0.09106724709272385,-0.04540397599339485,0.0038987677544355392,0.05027732998132706,0.09606988728046417,0.14806479215621948,0.19299639761447906,0.23699364066123962,0.2829810082912445,0.3330160081386566,0.38082483410835266,0.4289415776729584,0.47660043835639954,0.5249050855636597,0.567733883857727,0.6067783832550049,0.6581340432167053,0.7005103230476379,0.7520678043365479,0.794182538986206,0.8410374522209167,0.8875161409378052,0.9351294040679932,0.983320951461792,1.0238382816314697,1.0804346799850464,1.119876742362976,1.162128210067749,1.2063875198364258,1.2602624893188477,1.3062641620635986,1.3296427726745605,1.410936713218689,1.431555151939392,1.541563630104065,1.5780409574508667,1.638482689857483,1.6720492839813232,1.7265416383743286,1.8105672597885132],"files":["scales.webp"]},"quats":{"files":["quats.webp"]},