{"version":2,"count":557594,"means":{"mins":[-1.6445535013179606,-2.7605759605613494,-0.8965619467612422],"maxs":[2.1766126016098473,-1.218258550547584,-0.14548984461282344],"files":["means_l.webp","means_u.webp"]},"scales":{"codebook":[-9.998712539672852,-9.967700004577637,-9.929829597473145,-9.894615173339844,-9.863359451293945,-9.828436851501465,-9.79315185546875,-9.757912635803223,-9.718624114990234,-9.67983627319336,-9.644627571105957,-9.616964340209961,-9.590065002441406,-9.554692268371582,-9.519597053527832,-9.484606742858887,-9.445428848266602,-9.410250663757324,-9.379072189331055,-9.347891807556152,-9.316627502441406,-9.281557083129883,-9.24227523803711,-9.202933311462402,-9.163918495178223,-9.13256549835205,-9.10546875,-9.074235916137695,-9.03926944732666,-9.003711700439453,-8.972843170166016,-8.937323570251465,-8.902344703674316,-8.871146202087402,-8.835855484008789,-8.801058769226074,-8.765702247619629,-8.730631828308105,-8.69926929473877,-8.66425609588623,-8.629093170166016,-8.597702026367188,-8.562519073486328,-8.52736759185791,-8.496208190917969,-8.461121559143066,-8.425797462463379,-8.39053726196289,-8.351346969604492,-8.316351890563965,-8.285175323486328,-8.250031471252441,-8.21078109741211,-8.171913146972656,-8.14058780670166,-8.113435745239258,-8.082108497619629,-8.051041603088379,-8.016318321228027,-7.98244571685791,-7.948950290679932,-7.914064407348633,-7.880921840667725,-7.847419738769531,-7.812572479248047,-7.777310848236084,-7.744228839874268,-7.710989952087402,-7.675706386566162,-7.640623092651367,-7.607475280761719,-7.574324607849121,-7.539314270019531,-7.5037617683410645,-7.468656063079834,-7.43324089050293,-7.39823055267334,-7.36551570892334,-7.331686019897461,-7.296882629394531,-7.2616496086120605,-7.228654861450195,-7.197582244873047,-7.1641106605529785,-7.12902307510376,-7.093652725219727,-7.058626651763916,-7.023341655731201,-6.988037109375,-6.955101013183594,-6.921971321105957,-6.888705730438232,-6.855546951293945,-6.820333957672119,-6.785070896148682,-6.749869346618652,-6.714751720428467,-6.6816816329956055,-6.650455951690674,-6.617243766784668,-6.581792831420898,-6.546921253204346,-6.513726234436035,-6.480350971221924,-6.4452667236328125,-6.409880638122559,-6.374699592590332,-6.339834690093994,-6.306669235229492,-6.273227691650391,-6.23823881149292,-6.20896053314209,-6.187481880187988,-6.1641106605529785,-6.1347808837890625,-6.103531837463379,-6.07021427154541,-6.0351715087890625,-6.001988410949707,-5.968956470489502,-5.9337077140808105,-5.898426532745361,-5.863171577453613,-5.830085277557373,-5.796748161315918,-5.761784553527832,-5.726538181304932,-5.691318035125732,-5.656124591827393,-5.623064041137695,-5.5918049812316895,-5.558485507965088,-5.523386478424072,-5.4882988929748535,-5.455012798309326,-5.425711154937744,-5.400343894958496,-5.373071193695068,-5.341892242431641,-5.312417507171631,-5.283236503601074,-5.249901294708252,-5.214877128601074,-5.1816725730896,-5.14837646484375,-5.113260746002197,-5.07810640335083,-5.042928695678711,-5.009788990020752,-4.9765944480896,-4.941444396972656,-4.908292293548584,-4.874877452850342,-4.839756488800049,-4.804766654968262,-4.76935338973999,-4.734360694885254,-4.701201438903809,-4.667975425720215,-4.634820938110352,-4.60163688659668,-4.566476821899414,-4.531328201293945,-4.498150825500488,-4.464901924133301,-4.429877758026123,-4.394632339477539,-4.3593525886535645,-4.3241071701049805,-4.291044235229492,-4.25795316696167,-4.224747180938721,-4.191542148590088,-4.156286239624023,-4.121406555175781,-4.087968349456787,-4.054832935333252,-4.019643783569336,-3.9847829341888428,-3.951432466506958,-3.9170989990234375,-3.882917881011963,-3.8486855030059814,-3.814700126647949,-3.780398368835449,-3.7463443279266357,-3.7120940685272217,-3.6778974533081055,-3.6438138484954834,-3.6095335483551025,-3.575340747833252,-3.540889024734497,-3.5069899559020996,-3.4730257987976074,-3.4387996196746826,-3.404694080352783,-3.3703837394714355,-3.336278200149536,-3.302032709121704,-3.267706871032715,-3.2334041595458984,-3.199414014816284,-3.1651113033294678,-3.131136894226074,-3.0967085361480713,-3.0626022815704346,-3.02878737449646,-2.993039131164551,-2.958667278289795,-2.925668716430664,-2.8920366764068604,-2.8569843769073486,-2.8221170902252197,-2.789137601852417,-2.7549915313720703,-2.720810651779175,-2.6865835189819336,-2.6525650024414062,-2.618604898452759,-2.584477424621582,-2.5507524013519287,-2.514214038848877,-2.4801979064941406,-2.4467477798461914,-2.412285804748535,-2.378082036972046,-2.343621253967285,-2.310610294342041,-2.276562213897705,-2.242095470428467,-2.208576202392578,-2.1735503673553467,-2.140129804611206,-2.1069488525390625,-2.071645736694336,-2.039562463760376,-2.007560968399048,-1.9742573499679565,-1.9397791624069214,-1.9044272899627686,-1.862916350364685,-1.8359286785125732,-1.808097004890442,-1.7719601392745972,-1.7325295209884644,-1.6961936950683594,-1.661344289779663,-1.6295416355133057,-1.5960203409194946,-1.5588243007659912,-1.537459373474121,-1.4472559690475464,-1.4172101020812988,-1.372457504272461,-1.3273648023605347,-1.2863541841506958],"files":["scales.webp"]},"quats":{"files":["quats.webp"]},