{"version":2,"count":24447,"means":{"mins":[3.0714732981589874,-1.0699535155344286,-1.0210439016128698],"maxs":[4.93498118663607,4.571798210816798,3.2178803038667994],"files":["means_l.webp","means_u.webp"]},"scales":{"codebook":[-9.998734474182129,-9.956464767456055,-9.911494255065918,-9.862038612365723,-9.816853523254395,-9.77341079711914,-9.731636047363281,-9.687131881713867,-9.638903617858887,-9.589245796203613,-9.543502807617188,-9.492984771728516,-9.452816009521484,-9.412508010864258,-9.372243881225586,-9.324441909790039,-9.274209976196289,-9.227141380310059,-9.184493064880371,-9.140501022338867,-9.09908390045166,-9.049612998962402,-9.00793170928955,-8.965266227722168,-8.914739608764648,-8.874095916748047,-8.833380699157715,-8.78554916381836,-8.741509437561035,-8.700047492980957,-8.648151397705078,-8.600065231323242,-8.551504135131836,-8.505586624145508,-8.459732055664062,-8.420650482177734,-8.383657455444336,-8.34119701385498,-8.294462203979492,-8.244833946228027,-8.201621055603027,-8.15620231628418,-8.115798950195312,-8.067977905273438,-8.023014068603516,-7.980101108551025,-7.932495594024658,-7.885288715362549,-7.8439249992370605,-7.800972938537598,-7.756337642669678,-7.71085786819458,-7.666497707366943,-7.621668338775635,-7.573480606079102,-7.530680179595947,-7.486682891845703,-7.44053840637207,-7.397367477416992,-7.355257034301758,-7.310436725616455,-7.26466178894043,-7.21757173538208,-7.177858352661133,-7.1247711181640625,-7.0821003913879395,-7.033642292022705,-6.9879913330078125,-6.944937229156494,-6.901495933532715,-6.85933780670166,-6.814607620239258,-6.769495487213135,-6.726576328277588,-6.679710865020752,-6.637483596801758,-6.591130256652832,-6.547128677368164,-6.5045857429504395,-6.454372882843018,-6.409140110015869,-6.365952014923096,-6.320471286773682,-6.278747081756592,-6.234714508056641,-6.187201499938965,-6.143184661865234,-6.094762325286865,-6.051290988922119,-6.007382392883301,-5.963759899139404,-5.915584087371826,-5.869272708892822,-5.82656717300415,-5.783938407897949,-5.739975929260254,-5.694371223449707,-5.64894962310791,-5.6020355224609375,-5.557358264923096,-5.513923168182373,-5.467513084411621,-5.42449426651001,-5.376144886016846,-5.330630779266357,-5.285538673400879,-5.242496967315674,-5.197848320007324,-5.150674819946289,-5.100588798522949,-5.053678512573242,-5.0107645988464355,-4.966890811920166,-4.9207682609558105,-4.8785576820373535,-4.83608341217041,-4.791036128997803,-4.746201992034912,-4.701726913452148,-4.656680107116699,-4.613462448120117,-4.5695366859436035,-4.528756141662598,-4.482690811157227,-4.436012268066406,-4.390200614929199,-4.34576416015625,-4.3005876541137695,-4.256168842315674,-4.21047306060791,-4.166370868682861,-4.120387077331543,-4.07933235168457,-4.034931182861328,-3.9904568195343018,-3.9451940059661865,-3.9002811908721924,-3.8562207221984863,-3.809816360473633,-3.7655375003814697,-3.7200562953948975,-3.675250768661499,-3.6313087940216064,-3.5853018760681152,-3.5412726402282715,-3.495950222015381,-3.4505858421325684,-3.4071428775787354,-3.3610763549804688,-3.316178798675537,-3.2721197605133057,-3.226388454437256,-3.1827468872070312,-3.1382415294647217,-3.0937018394470215,-3.0493202209472656,-3.0034565925598145,-2.9589109420776367,-2.914644718170166,-2.8692784309387207,-2.8239827156066895,-2.779271364212036,-2.7345058917999268,-2.6889774799346924,-2.644420623779297,-2.6000099182128906,-2.5553715229034424,-2.510249614715576,-2.465287208557129,-2.4192678928375244,-2.37272572517395,-2.327495813369751,-2.2844855785369873,-2.23996639251709,-2.1965115070343018,-2.1494710445404053,-2.1009938716888428,-2.053091526031494,-2.0070362091064453,-1.9713716506958008,-1.930540919303894,-1.8819502592086792,-1.8367345333099365,-1.7913341522216797,-1.7468355894088745,-1.7000786066055298,-1.6559946537017822,-1.6132798194885254,-1.568803310394287,-1.5238829851150513,-1.4798812866210938,-1.4344714879989624,-1.3906034231185913,-1.3516480922698975,-1.302903413772583,-1.2530323266983032,-1.2103735208511353,-1.1640111207962036,-1.1171618700027466,-1.0694063901901245,-1.0308947563171387,-0.9861317276954651,-0.9369387030601501,-0.8878538012504578,-0.8436529636383057,-0.8001264929771423,-0.7616879940032959,-0.7208141088485718,-0.6719352006912231,-0.6292545795440674,-0.5796321034431458,-0.5336113572120667,-0.48930129408836365,-0.4485604763031006,-0.40604671835899353,-0.3618409335613251,-0.3145574927330017,-0.2695167362689972,-0.22569258511066437,-0.18255065381526947,-0.14006276428699493,-0.09301318973302841,-0.04471747204661369,0.003536130767315626,0.045447710901498795,0.09307704120874405,0.1346091330051422,0.1805144101381302,0.22651804983615875,0.26716193556785583,0.3237813115119934,0.3652722239494324,0.4107593595981598,0.4518160820007324,0.49136626720428467,0.5305530428886414,0.5742178559303284,0.627079427242279,0.6696457862854004,0.7084546089172363,0.7589291334152222,0.7999326586723328,0.8488373160362244,0.9041431546211243,0.9435046911239624,0.9857876896858215,1.0298130512237549,1.0682873725891113,1.1216703653335571,1.175072193145752,1.199180245399475,1.2479983568191528,1.309323787689209,1.3323334455490112,1.383925437927246,1.4370179176330566],"files":["scales.webp"]},"quats":{"files":["quats.webp"]},