{"version":2,"count":558067,"means":{"mins":[-3.7001725629373303,-1.218240993144129,-1.5027084673948787],"maxs":[-2.1786379367315676,4.467155141428098,2.9554259646409404],"files":["means_l.webp","means_u.webp"]},"scales":{"codebook":[-9.999342918395996,-9.950644493103027,-9.90628719329834,-9.863543510437012,-9.820205688476562,-9.78120231628418,-9.73851203918457,-9.695943832397461,-9.652395248413086,-9.609271049499512,-9.56663703918457,-9.519793510437012,-9.472835540771484,-9.429692268371582,-9.390480995178223,-9.347765922546387,-9.30067253112793,-9.257691383361816,-9.215113639831543,-9.171869277954102,-9.132525444030762,-9.090031623840332,-9.043131828308105,-8.999890327453613,-8.957127571105957,-8.910174369812012,-8.867329597473145,-8.828070640563965,-8.785257339477539,-8.742053031921387,-8.703054428100586,-8.660505294799805,-8.61721134185791,-8.574509620666504,-8.527348518371582,-8.480815887451172,-8.43687915802002,-8.398261070251465,-8.355701446533203,-8.308591842651367,-8.265555381774902,-8.222963333129883,-8.175618171691895,-8.132603645324707,-8.093610763549805,-8.05465316772461,-8.01262378692627,-7.968840599060059,-7.925899028778076,-7.882752895355225,-7.839873313903809,-7.796725749969482,-7.753933429718018,-7.71115779876709,-7.667728900909424,-7.624905109405518,-7.580280303955078,-7.534873962402344,-7.491941928863525,-7.4497575759887695,-7.406216144561768,-7.363259792327881,-7.320409297943115,-7.277052879333496,-7.233822345733643,-7.191272735595703,-7.148482799530029,-7.105650424957275,-7.062699317932129,-7.0195488929748535,-6.976616382598877,-6.933205604553223,-6.890536785125732,-6.84757661819458,-6.802754878997803,-6.757652759552002,-6.714940547943115,-6.671676158905029,-6.628946781158447,-6.585813045501709,-6.542789936065674,-6.49967622756958,-6.456944465637207,-6.414080619812012,-6.371066093444824,-6.3279829025268555,-6.285145282745361,-6.242382526397705,-6.199006080627441,-6.15650749206543,-6.1131181716918945,-6.068511009216309,-6.023510456085205,-5.98037052154541,-5.937579154968262,-5.894433498382568,-5.851591110229492,-5.808338165283203,-5.765585422515869,-5.722681999206543,-5.679814338684082,-5.636578559875488,-5.593655109405518,-5.550654888153076,-5.506189346313477,-5.460861682891846,-5.417639255523682,-5.374701023101807,-5.331756591796875,-5.2891340255737305,-5.2461042404174805,-5.2028632164001465,-5.1600823402404785,-5.11707067489624,-5.0742106437683105,-5.031181335449219,-4.988157749176025,-4.945127010345459,-4.902150630950928,-4.857464790344238,-4.812404632568359,-4.769514560699463,-4.726160526275635,-4.683518886566162,-4.640527248382568,-4.597568988800049,-4.554393768310547,-4.5115180015563965,-4.468632698059082,-4.425693511962891,-4.384552478790283,-4.347537517547607,-4.314479827880859,-4.281221866607666,-4.244173049926758,-4.202905654907227,-4.160010814666748,-4.117114067077637,-4.0761919021606445,-4.035066604614258,-3.9926843643188477,-3.949148416519165,-3.9052493572235107,-3.8632593154907227,-3.821323871612549,-3.7784321308135986,-3.735358715057373,-3.6913721561431885,-3.647547960281372,-3.6045331954956055,-3.561563491821289,-3.518695831298828,-3.4746060371398926,-3.43068528175354,-3.3877015113830566,-3.344852924346924,-3.3018555641174316,-3.258718490600586,-3.2159385681152344,-3.1728999614715576,-3.1298773288726807,-3.0870256423950195,-3.0428922176361084,-2.9992339611053467,-2.956090211868286,-2.913271427154541,-2.870110273361206,-2.827164649963379,-2.7843430042266846,-2.741365909576416,-2.698444128036499,-2.654566526412964,-2.6105856895446777,-2.567671298980713,-2.525550365447998,-2.4866011142730713,-2.449315309524536,-2.414128303527832,-2.3800320625305176,-2.342960834503174,-2.3026835918426514,-2.2629902362823486,-2.221886396408081,-2.178734064102173,-2.1346845626831055,-2.09053111076355,-2.048330783843994,-2.0078330039978027,-1.9648346900939941,-1.9209072589874268,-1.8778340816497803,-1.8342782258987427,-1.790989637374878,-1.7471981048583984,-1.7052046060562134,-1.6622148752212524,-1.6192158460617065,-1.5756096839904785,-1.5317649841308594,-1.4891139268875122,-1.4464329481124878,-1.4017188549041748,-1.3589283227920532,-1.3159879446029663,-1.2727667093276978,-1.2288025617599487,-1.1860709190368652,-1.143595576286316,-1.1006122827529907,-1.0558453798294067,-1.0151278972625732,-0.9695471525192261,-0.9286100268363953,-0.8825834393501282,-0.8416768908500671,-0.7980452179908752,-0.7538955211639404,-0.7128328680992126,-0.6689409613609314,-0.6262126564979553,-0.5811858773231506,-0.5408366322517395,-0.49465492367744446,-0.4511786997318268,-0.408700168132782,-0.36492636799812317,-0.32275742292404175,-0.27844858169555664,-0.23488041758537292,-0.1911592036485672,-0.14983506500720978,-0.10393847525119781,-0.06558956205844879,-0.022530613467097282,0.023041576147079468,0.06097455322742462,0.11108122766017914,0.15179626643657684,0.19653065502643585,0.23403793573379517,0.268165647983551,0.3103735148906708,0.35145291686058044,0.39865443110466003,0.4265557527542114,0.4847930669784546,0.5240561366081238,0.585160493850708,0.6263240575790405,0.6735638976097107,0.7591374516487122,0.7964707612991333,0.8562332987785339,0.8804692625999451,0.9197177886962891,1.0171080827713013],"files":["scales.webp"]},"quats":{"files":["quats.webp"]},