{"version":2,"count":642740,"means":{"mins":[-1.5510560895721532,-2.9709491627128926,-0.48305724713630865],"maxs":[1.5548447869516178,-2.760582113690288,3.598333555195439],"files":["means_l.webp","means_u.webp"]},"scales":{"codebook":[-9.999320983886719,-9.964040756225586,-9.923013687133789,-9.882765769958496,-9.843923568725586,-9.80488395690918,-9.76601505279541,-9.72657299041748,-9.687520027160645,-9.648270606994629,-9.609761238098145,-9.570042610168457,-9.531423568725586,-9.492070198059082,-9.453141212463379,-9.414115905761719,-9.375743865966797,-9.336138725280762,-9.300931930541992,-9.265331268310547,-9.225921630859375,-9.18728256225586,-9.148262977600098,-9.109389305114746,-9.069991111755371,-9.031543731689453,-8.992249488830566,-8.9527587890625,-8.91367244720459,-8.874666213989258,-8.83572769165039,-8.796703338623047,-8.757365226745605,-8.718381881713867,-8.679327964782715,-8.640620231628418,-8.601906776428223,-8.562261581420898,-8.523319244384766,-8.48418140411377,-8.44517993927002,-8.40605640411377,-8.366734504699707,-8.327756881713867,-8.288762092590332,-8.253878593444824,-8.226656913757324,-8.19511890411377,-8.160249710083008,-8.124497413635254,-8.089944839477539,-8.054620742797852,-8.014490127563477,-7.9725751876831055,-7.9293212890625,-7.886424541473389,-7.843424320220947,-7.8005595207214355,-7.761385917663574,-7.7261762619018555,-7.691194534301758,-7.656008243560791,-7.6209516525268555,-7.585832595825195,-7.552737236022949,-7.521233081817627,-7.48813533782959,-7.4530415534973145,-7.4178147315979,-7.382596015930176,-7.347583293914795,-7.312453746795654,-7.275431156158447,-7.236205101013184,-7.203079700469971,-7.179720878601074,-7.1543474197387695,-7.121048450469971,-7.086005210876465,-7.052646160125732,-7.025437831878662,-6.996029376983643,-6.960823059082031,-6.929603576660156,-6.902359485626221,-6.873049259185791,-6.841811656951904,-6.808541297912598,-6.773462772369385,-6.736379623413086,-6.697348594665527,-6.658364772796631,-6.619195461273193,-6.580097675323486,-6.541183948516846,-6.502033710479736,-6.462934970855713,-6.423863887786865,-6.3828511238098145,-6.343741416931152,-6.306694030761719,-6.265645980834961,-6.22654390335083,-6.193376064300537,-6.164062976837158,-6.138765811920166,-6.109447479248047,-6.074305057525635,-6.043091297149658,-6.019540786743164,-5.994199275970459,-5.959107875823975,-5.920028209686279,-5.88097620010376,-5.841873645782471,-5.802768707275391,-5.76364803314209,-5.7247209548950195,-5.6855340003967285,-5.6465888023376465,-5.609487056732178,-5.578149795532227,-5.552721977233887,-5.529402732849121,-5.507934093475342,-5.482439994812012,-5.451278209686279,-5.416197299957275,-5.37704610824585,-5.339786529541016,-5.310483932495117,-5.285286903381348,-5.2559919357299805,-5.220832824707031,-5.181711196899414,-5.142853260040283,-5.103659629821777,-5.064560890197754,-5.025497913360596,-4.986295223236084,-4.953029632568359,-4.929790496826172,-4.904392242431641,-4.869412899017334,-4.8303327560424805,-4.793050765991211,-4.755986213684082,-4.714696407318115,-4.677640438079834,-4.648648262023926,-4.623080730438232,-4.595810890197754,-4.560561180114746,-4.521617412567139,-4.482799053192139,-4.443280220031738,-4.40452766418457,-4.365342140197754,-4.326241970062256,-4.287262439727783,-4.248231410980225,-4.2071075439453125,-4.166224479675293,-4.1287336349487305,-4.091922283172607,-4.05475378036499,-4.018025875091553,-3.9785573482513428,-3.9382967948913574,-3.9001948833465576,-3.862365245819092,-3.8233821392059326,-3.784522771835327,-3.745056629180908,-3.7061386108398438,-3.6658830642700195,-3.626946210861206,-3.5888843536376953,-3.5507400035858154,-3.512923240661621,-3.473748207092285,-3.434865713119507,-3.395601272583008,-3.356656312942505,-3.3174455165863037,-3.278477907180786,-3.2403907775878906,-3.202422857284546,-3.1634185314178467,-3.1239981651306152,-3.0851900577545166,-3.0462446212768555,-3.007185459136963,-2.9677979946136475,-2.9289703369140625,-2.8902320861816406,-2.850555896759033,-2.812222480773926,-2.7748444080352783,-2.7353899478912354,-2.6961865425109863,-2.657269239425659,-2.6188228130340576,-2.580949068069458,-2.5484206676483154,-2.5209031105041504,-2.493618965148926,-2.4599688053131104,-2.4234986305236816,-2.385775089263916,-2.3472418785095215,-2.3071632385253906,-2.2687113285064697,-2.228431224822998,-2.1866371631622314,-2.1473581790924072,-2.108814001083374,-2.072021245956421,-2.035343885421753,-2.004716396331787,-1.9601621627807617,-1.9190257787704468,-1.8816187381744385,-1.8439505100250244,-1.8010717630386353,-1.7679555416107178,-1.7282001972198486,-1.6856518983840942,-1.6517220735549927,-1.6142481565475464,-1.5694029331207275,-1.5275828838348389,-1.4940485954284668,-1.4652687311172485,-1.4308507442474365,-1.3809078931808472,-1.33637273311615,-1.3066068887710571,-1.2705858945846558,-1.2192373275756836,-1.1832304000854492,-1.148736596107483,-1.1151429414749146,-1.0774781703948975,-1.0150269269943237,-0.9919010996818542,-0.9328180551528931,-0.9211164116859436,-0.8703571557998657,-0.830814003944397,-0.7847689986228943,-0.7459412217140198,-0.619477391242981,-0.448577344417572,-0.40882059931755066,-0.09459279477596283],"files":["scales.webp"]},"quats":{"files":["quats.webp"]},