{"version":2,"count":581032,"means":{"mins":[2.1766130342921595,-2.6200120742627244,-0.8008425076190973],"maxs":[2.9508031827871313,-1.6716843048377505,3.1546102157055187],"files":["means_l.webp","means_u.webp"]},"scales":{"codebook":[-9.998820304870605,-9.965105056762695,-9.92245101928711,-9.882841110229492,-9.843798637390137,-9.804777145385742,-9.765982627868652,-9.726421356201172,-9.687460899353027,-9.648695945739746,-9.609435081481934,-9.570250511169434,-9.531062126159668,-9.491706848144531,-9.453310012817383,-9.414006233215332,-9.375200271606445,-9.335862159729004,-9.296892166137695,-9.257430076599121,-9.21881103515625,-9.179664611816406,-9.140922546386719,-9.101532936096191,-9.062535285949707,-9.02328109741211,-8.984461784362793,-8.944986343383789,-8.906089782714844,-8.867228507995605,-8.828359603881836,-8.789222717285156,-8.749771118164062,-8.710980415344238,-8.671807289123535,-8.63284969329834,-8.593941688537598,-8.554694175720215,-8.515926361083984,-8.476602554321289,-8.437604904174805,-8.398693084716797,-8.359257698059082,-8.320230484008789,-8.281351089477539,-8.242151260375977,-8.203149795532227,-8.16390323638916,-8.12500286102295,-8.085784912109375,-8.046857833862305,-8.007030487060547,-7.966944217681885,-7.925743579864502,-7.884570598602295,-7.847620964050293,-7.810924530029297,-7.771324634552002,-7.732519626617432,-7.693373680114746,-7.654610633850098,-7.61324405670166,-7.574268341064453,-7.5371904373168945,-7.498363494873047,-7.456648826599121,-7.414051055908203,-7.374794006347656,-7.339505195617676,-7.302752494812012,-7.263763904571533,-7.224543571472168,-7.185644149780273,-7.146530628204346,-7.107491493225098,-7.068359851837158,-7.027294635772705,-6.986230373382568,-6.9473066329956055,-6.905910968780518,-6.862990379333496,-6.820263862609863,-6.781081676483154,-6.744184970855713,-6.704967021942139,-6.6678972244262695,-6.6327104568481445,-6.597521781921387,-6.560563087463379,-6.523524284362793,-6.48833703994751,-6.456888198852539,-6.425783157348633,-6.390772819519043,-6.353636264801025,-6.314413547515869,-6.277264595031738,-6.240277290344238,-6.201340675354004,-6.16399621963501,-6.127042293548584,-6.085855484008789,-6.045055389404297,-6.005897045135498,-5.966738700866699,-5.929474830627441,-5.892644882202148,-5.851339340209961,-5.8106536865234375,-5.769449234008789,-5.728305339813232,-5.6914191246032715,-5.656145095825195,-5.61924409866333,-5.580020904541016,-5.541055202484131,-5.501911163330078,-5.462975978851318,-5.4237542152404785,-5.384910583496094,-5.343613147735596,-5.30471134185791,-5.267591953277588,-5.226586818695068,-5.18527364730835,-5.148430347442627,-5.11144495010376,-5.072161674499512,-5.033295154571533,-4.994307994842529,-4.955029487609863,-4.916048049926758,-4.877004146575928,-4.837932586669922,-4.7967143058776855,-4.755862236022949,-4.716736793518066,-4.677795886993408,-4.636620044708252,-4.593517780303955,-4.554577350616455,-4.5194010734558105,-4.484301567077637,-4.447299957275391,-4.408248424530029,-4.367140769958496,-4.326083183288574,-4.292953968048096,-4.269447326660156,-4.248074054718018,-4.22668981552124,-4.2012858390808105,-4.17008638381958,-4.134811878204346,-4.0937180519104,-4.0546979904174805,-4.018129825592041,-3.9792850017547607,-3.9404919147491455,-3.9015755653381348,-3.8624532222747803,-3.823221445083618,-3.784245252609253,-3.745300054550171,-3.706085443496704,-3.667043924331665,-3.6280102729797363,-3.5889997482299805,-3.549924373626709,-3.5108482837677,-3.4716856479644775,-3.432717800140381,-3.3937182426452637,-3.3548359870910645,-3.3156142234802246,-3.276642084121704,-3.2374441623687744,-3.198333501815796,-3.159433126449585,-3.1205530166625977,-3.0814101696014404,-3.0425901412963867,-3.0032315254211426,-2.9641201496124268,-2.925123691558838,-2.8861443996429443,-2.8473026752471924,-2.8080666065216064,-2.7688193321228027,-2.7298314571380615,-2.6906650066375732,-2.6515543460845947,-2.612675428390503,-2.5733482837677,-2.5327863693237305,-2.4939987659454346,-2.456357955932617,-2.4161598682403564,-2.376535415649414,-2.339259386062622,-2.2987236976623535,-2.2594504356384277,-2.221917152404785,-2.182676076889038,-2.1449737548828125,-2.1130173206329346,-2.0844924449920654,-2.055863618850708,-2.027848482131958,-2.002092123031616,-1.9574629068374634,-1.9159387350082397,-1.8755890130996704,-1.8336982727050781,-1.7924063205718994,-1.7537811994552612,-1.7133855819702148,-1.6735987663269043,-1.6353404521942139,-1.5972505807876587,-1.5589455366134644,-1.5219520330429077,-1.4813741445541382,-1.4387127161026,-1.4029840230941772,-1.36469304561615,-1.3229438066482544,-1.2839200496673584,-1.2446762323379517,-1.203387975692749,-1.166662573814392,-1.1275361776351929,-1.0869855880737305,-1.050137996673584,-1.010309100151062,-0.9713130593299866,-0.929294764995575,-0.8940099477767944,-0.8556137681007385,-0.8203408122062683,-0.7792247533798218,-0.7448407411575317,-0.6963600516319275,-0.6591283082962036,-0.6147510409355164,-0.5879501104354858,-0.5426828861236572,-0.5115770697593689,-0.44505277276039124,-0.41069743037223816,-0.3684159815311432,-0.331499844789505,-0.3106864392757416,-0.22957509756088257,-0.16632167994976044,-0.03390046954154968],"files":["scales.webp"]},"quats":{"files":["quats.webp"]},