{"version":2,"count":524993,"means":{"mins":[2.1766166039140926,-2.6200103385266647,-0.2553043665783418],"maxs":[2.9503891349256643,-2.1040301518409557,1.7459053355103724],"files":["means_l.webp","means_u.webp"]},"scales":{"codebook":[-9.998469352722168,-9.967491149902344,-9.93044376373291,-9.890482902526855,-9.855512619018555,-9.820455551147461,-9.781087875366211,-9.74614143371582,-9.71108627319336,-9.672080993652344,-9.632652282714844,-9.597763061523438,-9.562383651733398,-9.523031234741211,-9.488350868225098,-9.457148551940918,-9.421463012695312,-9.38283920288086,-9.347935676574707,-9.312236785888672,-9.27357292175293,-9.238357543945312,-9.20305061340332,-9.163707733154297,-9.124765396118164,-9.089936256408691,-9.058745384216309,-9.023387908935547,-8.988311767578125,-8.953017234802246,-8.914140701293945,-8.874881744384766,-8.839457511901855,-8.80903434753418,-8.773680686950684,-8.7340087890625,-8.699309349060059,-8.663944244384766,-8.6290922164917,-8.593791007995605,-8.554858207702637,-8.515340805053711,-8.476523399353027,-8.437492370605469,-8.402307510375977,-8.371199607849121,-8.335821151733398,-8.296862602233887,-8.26154899597168,-8.230667114257812,-8.19526481628418,-8.156181335449219,-8.12125015258789,-8.085725784301758,-8.050899505615234,-8.016226768493652,-7.980414390563965,-7.943493843078613,-7.906185626983643,-7.869398593902588,-7.832016468048096,-7.7967848777771,-7.761377811431885,-7.726619243621826,-7.689589500427246,-7.652329444885254,-7.617002487182617,-7.582071781158447,-7.544923782348633,-7.50758171081543,-7.472526550292969,-7.435691833496094,-7.398397445678711,-7.363138675689697,-7.328176975250244,-7.292975425720215,-7.257758617401123,-7.220757007598877,-7.183444976806641,-7.14844274520874,-7.113074779510498,-7.076204299926758,-7.0390496253967285,-7.0038533210754395,-6.966801643371582,-6.929659843444824,-6.894502639770508,-6.859390735626221,-6.824150562286377,-6.787232398986816,-6.749892234802246,-6.714890480041504,-6.679754257202148,-6.644418239593506,-6.607463836669922,-6.570275783538818,-6.535031318664551,-6.498173236846924,-6.460841655731201,-6.425757884979248,-6.3904500007629395,-6.355590343475342,-6.320411205291748,-6.283216953277588,-6.246256351470947,-6.210936069488525,-6.175689220428467,-6.138737678527832,-6.101571559906006,-6.066441059112549,-6.029409408569336,-5.99220085144043,-5.95718240737915,-5.921899795532227,-5.886627674102783,-5.85163688659668,-5.81456995010376,-5.777252197265625,-5.742210865020752,-5.706984519958496,-5.669962406158447,-5.632839679718018,-5.597795486450195,-5.56248140335083,-5.525434494018555,-5.488207817077637,-5.453125953674316,-5.416092395782471,-5.378900051116943,-5.343789100646973,-5.308636665344238,-5.271536350250244,-5.23435115814209,-5.198912143707275,-5.163998603820801,-5.128921985626221,-5.091805934906006,-5.05470085144043,-5.01959753036499,-4.9844865798950195,-4.949182987213135,-4.912134170532227,-4.874969005584717,-4.839887619018555,-4.804543495178223,-4.767603874206543,-4.730454444885254,-4.695446968078613,-4.6583356857299805,-4.6210198402404785,-4.585785388946533,-4.550716400146484,-4.515501976013184,-4.480410575866699,-4.443371295928955,-4.406137466430664,-4.369170665740967,-4.331974983215332,-4.296733856201172,-4.26174783706665,-4.226494312286377,-4.191540241241455,-4.1545305252075195,-4.117205619812012,-4.08219051361084,-4.047106742858887,-4.0112433433532715,-3.974616765975952,-3.9374947547912598,-3.901456832885742,-3.865302324295044,-3.829190969467163,-3.7929110527038574,-3.7570292949676514,-3.7218003273010254,-3.6854281425476074,-3.649540424346924,-3.6134860515594482,-3.577263355255127,-3.5412347316741943,-3.5050179958343506,-3.4690001010894775,-3.4328055381774902,-3.3966476917266846,-3.3604776859283447,-3.3246560096740723,-3.288300037384033,-3.2524213790893555,-3.2149200439453125,-3.1790215969085693,-3.1436877250671387,-3.108905792236328,-3.072666645050049,-3.0361814498901367,-3.0001542568206787,-2.962648391723633,-2.927057981491089,-2.891833543777466,-2.855559825897217,-2.818284034729004,-2.7826035022735596,-2.747720956802368,-2.711168050765991,-2.6753644943237305,-2.639191150665283,-2.6015267372131348,-2.565453052520752,-2.5309526920318604,-2.495548725128174,-2.459097385406494,-2.423271894454956,-2.3873610496520996,-2.3514742851257324,-2.316470146179199,-2.2795236110687256,-2.241886615753174,-2.2050986289978027,-2.1688966751098633,-2.134268045425415,-2.0983524322509766,-2.0621790885925293,-2.0249862670898438,-1.9904415607452393,-1.953241229057312,-1.9190418720245361,-1.8810042142868042,-1.8466453552246094,-1.8083992004394531,-1.7672462463378906,-1.735650897026062,-1.7021656036376953,-1.6680723428726196,-1.630346417427063,-1.5949586629867554,-1.557498574256897,-1.5196330547332764,-1.486093521118164,-1.4514524936676025,-1.415236234664917,-1.378129005432129,-1.344566822052002,-1.3001201152801514,-1.2660150527954102,-1.2279260158538818,-1.1962101459503174,-1.1582579612731934,-1.1095325946807861,-1.0882859230041504,-1.0537148714065552,-1.00567626953125,-0.9802111983299255,-0.937228798866272,-0.918673038482666,-0.8787296414375305,-0.8448596596717834,-0.8005649447441101],"files":["scales.webp"]},"quats":{"files":["quats.webp"]},