{"version":2,"count":555437,"means":{"mins":[2.964669394856376,-1.0703916559121358,-1.1577027495463525],"maxs":[3.1351524933587647,3.9243130477572485,2.8204131769677914],"files":["means_l.webp","means_u.webp"]},"scales":{"codebook":[-9.99871826171875,-9.967143058776855,-9.93764877319336,-9.906384468078613,-9.863653182983398,-9.819753646850586,-9.781225204467773,-9.742436408996582,-9.699699401855469,-9.656169891357422,-9.613600730895996,-9.570260047912598,-9.530550956726074,-9.488317489624023,-9.444972038269043,-9.406664848327637,-9.363285064697266,-9.320438385009766,-9.277490615844727,-9.234418869018555,-9.191489219665527,-9.147290229797363,-9.109246253967285,-9.066473960876465,-9.019731521606445,-8.9765625,-8.936785697937012,-8.898212432861328,-8.855599403381348,-8.812816619873047,-8.769622802734375,-8.722354888916016,-8.679486274719238,-8.640436172485352,-8.60129165649414,-8.558652877807617,-8.511146545410156,-8.464884757995605,-8.418122291564941,-8.374378204345703,-8.335762977600098,-8.296915054321289,-8.257731437683105,-8.214967727661133,-8.168050765991211,-8.124706268310547,-8.085627555847168,-8.046647071838379,-8.006390571594238,-7.96463680267334,-7.921752452850342,-7.878600120544434,-7.835981845855713,-7.7927985191345215,-7.750040531158447,-7.70688009262085,-7.663825035095215,-7.6209797859191895,-7.581839084625244,-7.545037746429443,-7.503791809082031,-7.46068811416626,-7.417893409729004,-7.37506628036499,-7.332065105438232,-7.28890323638916,-7.245996952056885,-7.202915191650391,-7.159981727600098,-7.117012023925781,-7.073854446411133,-7.033112525939941,-6.99416446685791,-6.952966690063477,-6.910153388977051,-6.8669843673706055,-6.824117183685303,-6.781267166137695,-6.738286018371582,-6.695245742797852,-6.652233600616455,-6.609347820281982,-6.568387985229492,-6.527225971221924,-6.4862494468688965,-6.453187942504883,-6.423839092254639,-6.386643886566162,-6.3475823402404785,-6.312316417694092,-6.275423049926758,-6.234318733215332,-6.191493988037109,-6.150260925292969,-6.115269184112549,-6.081967353820801,-6.0429253578186035,-6.003805637359619,-5.968681812286377,-5.9316487312316895,-5.890561103820801,-5.847647190093994,-5.806551456451416,-5.765588283538818,-5.724636554718018,-5.6836442947387695,-5.640761375427246,-5.603428363800049,-5.574248313903809,-5.544948101043701,-5.509779453277588,-5.470705032348633,-5.429835796356201,-5.386762619018555,-5.343837738037109,-5.300919055938721,-5.25978422164917,-5.218930244445801,-5.1758036613464355,-5.132928371429443,-5.090114116668701,-5.047051429748535,-5.006073474884033,-4.965092182159424,-4.922083377838135,-4.879070281982422,-4.83618688583374,-4.793190002441406,-4.752108097076416,-4.711100101470947,-4.668129920959473,-4.625033378601074,-4.582234859466553,-4.539360523223877,-4.498355388641357,-4.457263946533203,-4.414283275604248,-4.371291637420654,-4.32838773727417,-4.2853569984436035,-4.2442450523376465,-4.203158378601074,-4.1605353355407715,-4.117620468139648,-4.074488639831543,-4.031426906585693,-3.9900383949279785,-3.9486775398254395,-3.905482292175293,-3.8625307083129883,-3.8190724849700928,-3.7773680686950684,-3.736262559890747,-3.694396734237671,-3.651385545730591,-3.6085033416748047,-3.5653913021087646,-3.5233571529388428,-3.481621503829956,-3.4383254051208496,-3.396462917327881,-3.3558247089385986,-3.3138060569763184,-3.270921468734741,-3.227717399597168,-3.185490608215332,-3.143893241882324,-3.1017353534698486,-3.0601186752319336,-3.0170702934265137,-2.9751150608062744,-2.932887315750122,-2.890069007873535,-2.8475868701934814,-2.8058974742889404,-2.762911319732666,-2.7206547260284424,-2.678950786590576,-2.6364123821258545,-2.5934293270111084,-2.552732467651367,-2.5093905925750732,-2.466369152069092,-2.4220964908599854,-2.3804078102111816,-2.3396475315093994,-2.2986598014831543,-2.25654935836792,-2.2150304317474365,-2.170989513397217,-2.124558210372925,-2.0833284854888916,-2.042977809906006,-2.006787061691284,-1.9602055549621582,-1.915874719619751,-1.8747837543487549,-1.8306158781051636,-1.7889368534088135,-1.7489441633224487,-1.705090880393982,-1.662761926651001,-1.6206066608428955,-1.579157829284668,-1.5362187623977661,-1.492358684539795,-1.4532694816589355,-1.4116755723953247,-1.3685132265090942,-1.3236026763916016,-1.2843499183654785,-1.2406349182128906,-1.197640299797058,-1.15115225315094,-1.1014429330825806,-1.0613579750061035,-1.0245400667190552,-0.9853547215461731,-0.9425328373908997,-0.9015977382659912,-0.8566706776618958,-0.8171248435974121,-0.7790964841842651,-0.7297675609588623,-0.6831670999526978,-0.6512261629104614,-0.6155808568000793,-0.5829970240592957,-0.5327073335647583,-0.4930436909198761,-0.4577679932117462,-0.4015427827835083,-0.37143850326538086,-0.33091872930526733,-0.2738048732280731,-0.22007432579994202,-0.18886137008666992,-0.1298801451921463,-0.0709892138838768,-0.032173141837120056,0.06614448130130768,0.10289432108402252,0.1643659919500351,0.19660624861717224,0.24858607351779938,0.2881253957748413,0.343364417552948,0.35682225227355957,0.40298449993133545,0.45791053771972656,0.4896809756755829,0.5251004695892334,0.5792112350463867,0.6036877632141113,0.7157667279243469,0.7914031147956848],"files":["scales.webp"]},"quats":{"files":["quats.webp"]},