{"version":2,"count":527179,"means":{"mins":[-4.958849849599953,-2.7605788561561546,-1.6158933381805034],"maxs":[2.1766087074606117,4.613639847421982,3.1577717475780736],"files":["means_l.webp","means_u.webp"]},"scales":{"codebook":[-9.99875545501709,-9.954327583312988,-9.90381145477295,-9.851822853088379,-9.80109977722168,-9.754144668579102,-9.707135200500488,-9.660470008850098,-9.609248161315918,-9.5586576461792,-9.512079238891602,-9.46499252319336,-9.418319702148438,-9.367751121520996,-9.316537857055664,-9.269689559936523,-9.222784042358398,-9.176437377929688,-9.125296592712402,-9.075032234191895,-9.02759075164795,-8.976672172546387,-8.92195987701416,-8.871031761169434,-8.827690124511719,-8.785402297973633,-8.738734245300293,-8.687081336975098,-8.636523246765137,-8.589927673339844,-8.542689323425293,-8.496224403381348,-8.44955825805664,-8.397934913635254,-8.347453117370605,-8.301778793334961,-8.25390625,-8.202594757080078,-8.152191162109375,-8.105777740478516,-8.058819770812988,-8.012441635131836,-7.968844890594482,-7.928047180175781,-7.892572402954102,-7.857956886291504,-7.814464092254639,-7.767654895782471,-7.722607135772705,-7.68364143371582,-7.652211666107178,-7.619149208068848,-7.576415061950684,-7.527470588684082,-7.476390838623047,-7.425656318664551,-7.378751754760742,-7.334340572357178,-7.2847795486450195,-7.236435413360596,-7.187158584594727,-7.1363749504089355,-7.085412979125977,-7.038941383361816,-6.994346618652344,-6.94730806350708,-6.897917747497559,-6.850130081176758,-6.800140857696533,-6.752180099487305,-6.702653884887695,-6.654290676116943,-6.607555389404297,-6.558480262756348,-6.509547710418701,-6.463113784790039,-6.414200305938721,-6.36523962020874,-6.316084861755371,-6.265450954437256,-6.2185235023498535,-6.181618690490723,-6.154350757598877,-6.124760150909424,-6.089837074279785,-6.052837371826172,-6.011704444885254,-5.96865177154541,-5.925417423248291,-5.886524200439453,-5.8535542488098145,-5.816198348999023,-5.775579929351807,-5.732479095458984,-5.683291912078857,-5.632711887359619,-5.58574104309082,-5.541214466094971,-5.49185848236084,-5.44130802154541,-5.392322063446045,-5.3459367752075195,-5.2966742515563965,-5.246038913726807,-5.194919109344482,-5.146363735198975,-5.101525783538818,-5.0567708015441895,-5.007571697235107,-4.959047317504883,-4.910065174102783,-4.859270095825195,-4.808166027069092,-4.757551193237305,-4.706860542297363,-4.655749320983887,-4.605095386505127,-4.554464340209961,-4.503579139709473,-4.454762935638428,-4.409834861755371,-4.3669939041137695,-4.323941707611084,-4.279367923736572,-4.232138633728027,-4.185567855834961,-4.136491298675537,-4.087625026702881,-4.046658039093018,-4.012130260467529,-3.9764578342437744,-3.939248561859131,-3.902184247970581,-3.867154359817505,-3.8337864875793457,-3.8007233142852783,-3.7666139602661133,-3.728391170501709,-3.688512086868286,-3.6484272480010986,-3.607485294342041,-3.5673580169677734,-3.531235933303833,-3.495182752609253,-3.455124855041504,-3.41514253616333,-3.377046585083008,-3.3409807682037354,-3.302719831466675,-3.2608323097229004,-3.2188541889190674,-3.1786727905273438,-3.142552137374878,-3.109408378601074,-3.0762531757354736,-3.0438930988311768,-3.0109055042266846,-2.974684715270996,-2.9375410079956055,-2.902345657348633,-2.8662805557250977,-2.825242757797241,-2.7804253101348877,-2.732717990875244,-2.6836442947387695,-2.634955644607544,-2.58634090423584,-2.538254976272583,-2.4903652667999268,-2.441748857498169,-2.3928205966949463,-2.34383225440979,-2.2959115505218506,-2.2481703758239746,-2.1982743740081787,-2.148207902908325,-2.0988075733184814,-2.0504038333892822,-2.0072109699249268,-1.957148551940918,-1.9082894325256348,-1.8595799207687378,-1.8110952377319336,-1.763141393661499,-1.7148382663726807,-1.6662333011627197,-1.6190568208694458,-1.570631504058838,-1.522828221321106,-1.4737814664840698,-1.4268075227737427,-1.3772248029708862,-1.327462077140808,-1.2775386571884155,-1.2294585704803467,-1.181154489517212,-1.1318726539611816,-1.0839054584503174,-1.036362886428833,-0.9910374879837036,-0.943386435508728,-0.8946439623832703,-0.8438529372215271,-0.7975066900253296,-0.748564600944519,-0.698580265045166,-0.6515151262283325,-0.6044557690620422,-0.5561462640762329,-0.5070807337760925,-0.4579951763153076,-0.410566508769989,-0.3640885055065155,-0.31332525610923767,-0.2624037563800812,-0.20759384334087372,-0.16289302706718445,-0.11555176228284836,-0.06771235913038254,-0.02106061950325966,0.02239779196679592,0.07658577710390091,0.12958669662475586,0.18266381323337555,0.22811172902584076,0.26852691173553467,0.31582915782928467,0.3629288971424103,0.4082286059856415,0.4593929946422577,0.5171328186988831,0.5676247477531433,0.6103231310844421,0.6550726294517517,0.7023525238037109,0.7571096420288086,0.8067521452903748,0.8579671382904053,0.9039250016212463,0.9450465440750122,0.9840909242630005,1.0318419933319092,1.0976299047470093,1.1467318534851074,1.182887315750122,1.2529364824295044,1.2782965898513794,1.3106505870819092,1.3752902746200562,1.4476847648620605,1.4801640510559082,1.5197112560272217,1.5700138807296753,1.644108533859253,1.6771520376205444,2.35562801361084],"files":["scales.webp"]},"quats":{"files":["quats.webp"]},