{"version":2,"count":664467,"means":{"mins":[-2.178636425406045,-1.2182368329109867,-1.129940044903405],"maxs":[-0.9611495807502988,2.0566803081364777,0.4115844331085582],"files":["means_l.webp","means_u.webp"]},"scales":{"codebook":[-9.998512268066406,-9.966657638549805,-9.933650970458984,-9.898406982421875,-9.86347770690918,-9.831924438476562,-9.80095386505127,-9.769365310668945,-9.738455772399902,-9.70732307434082,-9.671557426452637,-9.636780738830566,-9.605320930480957,-9.574295997619629,-9.542783737182617,-9.512663841247559,-9.476454734802246,-9.4375581741333,-9.402252197265625,-9.371319770812988,-9.339836120605469,-9.30859375,-9.273408889770508,-9.238571166992188,-9.206987380981445,-9.17920207977295,-9.15299129486084,-9.11694622039795,-9.082061767578125,-9.05099105834961,-9.015549659729004,-8.98441219329834,-8.957033157348633,-8.921760559082031,-8.882763862609863,-8.85132884979248,-8.82437801361084,-8.7930269241333,-8.761808395385742,-8.726598739624023,-8.687272071838379,-8.648497581481934,-8.617291450500488,-8.589938163757324,-8.558806419372559,-8.52744197845459,-8.500035285949707,-8.472661972045898,-8.437443733215332,-8.398033142089844,-8.363253593444824,-8.332043647766113,-8.304598808288574,-8.277406692504883,-8.241974830627441,-8.207300186157227,-8.171730995178223,-8.140534400939941,-8.113296508789062,-8.081886291503906,-8.050841331481934,-8.016606330871582,-7.980372428894043,-7.945248603820801,-7.91011381149292,-7.874682903289795,-7.84187126159668,-7.810720920562744,-7.781245231628418,-7.753615379333496,-7.724707126617432,-7.691109657287598,-7.65619421005249,-7.6210784912109375,-7.5858917236328125,-7.554748058319092,-7.531163215637207,-7.5098419189453125,-7.484233379364014,-7.455145359039307,-7.4257707595825195,-7.396519184112549,-7.363088607788086,-7.327998161315918,-7.292876243591309,-7.257737159729004,-7.222607612609863,-7.189513683319092,-7.15629768371582,-7.122904300689697,-7.0937275886535645,-7.06637716293335,-7.03891658782959,-7.009833812713623,-6.9765305519104,-6.941218852996826,-6.906142234802246,-6.872897148132324,-6.843654632568359,-6.816411972045898,-6.788954734802246,-6.765530586242676,-6.742116451263428,-6.71479606628418,-6.685552597045898,-6.65431547164917,-6.621006965637207,-6.587850570678711,-6.556640625,-6.523410320281982,-6.49027156829834,-6.456948757171631,-6.423832893371582,-6.39251184463501,-6.36137580871582,-6.328138828277588,-6.294882774353027,-6.263782024383545,-6.23040246963501,-6.197251796722412,-6.166017532348633,-6.132884979248047,-6.099666118621826,-6.068498134613037,-6.037193298339844,-6.003997325897217,-5.968742847442627,-5.933552265167236,-5.902259349822998,-5.880858898162842,-5.861355781555176,-5.836005687713623,-5.806734085083008,-5.7755327224731445,-5.744262218475342,-5.710997581481934,-5.6757731437683105,-5.642512321472168,-5.611388683319092,-5.5801568031311035,-5.546868324279785,-5.513818740844727,-5.482456207275391,-5.451283931732178,-5.420018672943115,-5.386759281158447,-5.351608753204346,-5.318397521972656,-5.2869720458984375,-5.255992412567139,-5.222607135772705,-5.18960428237915,-5.15837287902832,-5.1249189376831055,-5.093786716461182,-5.0703582763671875,-5.050826072692871,-5.025539398193359,-4.994219779968262,-4.962953090667725,-4.929738521575928,-4.896512985229492,-4.865347385406494,-4.834068775177002,-4.802940368652344,-4.769754409790039,-4.7364020347595215,-4.7051920890808105,-4.671874523162842,-4.638739109039307,-4.607609272003174,-4.574403762817383,-4.541064739227295,-4.509821891784668,-4.476682662963867,-4.4434990882873535,-4.412293910980225,-4.3791117668151855,-4.345663547515869,-4.314553737640381,-4.281361103057861,-4.248140811920166,-4.216930389404297,-4.185754776000977,-4.152439594268799,-4.119197845458984,-4.088162899017334,-4.054802894592285,-4.0217509269714355,-3.9896817207336426,-3.958112955093384,-3.925842046737671,-3.892552614212036,-3.859304904937744,-3.8271877765655518,-3.796168327331543,-3.763653516769409,-3.730883836746216,-3.697221279144287,-3.663897752761841,-3.632129669189453,-3.600792646408081,-3.5688271522521973,-3.5353009700775146,-3.501999855041504,-3.470048666000366,-3.4388065338134766,-3.406738042831421,-3.3731675148010254,-3.3410110473632812,-3.3086624145507812,-3.2757089138031006,-3.2434463500976562,-3.2114880084991455,-3.179043769836426,-3.1465954780578613,-3.1131248474121094,-3.0813815593719482,-3.0492615699768066,-3.015432596206665,-2.9835095405578613,-2.951007843017578,-2.9185166358947754,-2.886592149734497,-2.8530569076538086,-2.822042942047119,-2.7887990474700928,-2.756431818008423,-2.7222602367401123,-2.6890830993652344,-2.6583669185638428,-2.624812602996826,-2.5910727977752686,-2.5596094131469727,-2.527414321899414,-2.49528169631958,-2.4640796184539795,-2.432054281234741,-2.400120496749878,-2.369013786315918,-2.3276214599609375,-2.2943596839904785,-2.2630374431610107,-2.2336225509643555,-2.2001585960388184,-2.169147253036499,-2.1366589069366455,-2.1059131622314453,-2.067793607711792,-2.04935359954834,-2.0068490505218506,-1.985613226890564,-1.9617767333984375,-1.9025826454162598,-1.8901264667510986,-1.717081069946289],"files":["scales.webp"]},"quats":{"files":["quats.webp"]},