{"version":2,"count":560277,"means":{"mins":[-3.0139140058265967,-2.760577589334459,-0.8289472997214706],"maxs":[-1.9337412972387893,-1.218243531582968,2.915833051781336],"files":["means_l.webp","means_u.webp"]},"scales":{"codebook":[-9.999273300170898,-9.95761489868164,-9.913736343383789,-9.874613761901855,-9.832298278808594,-9.78886890411377,-9.749921798706055,-9.71076488494873,-9.671839714050293,-9.632551193237305,-9.589902877807617,-9.546780586242676,-9.507768630981445,-9.465033531188965,-9.421607971191406,-9.382917404174805,-9.34370231628418,-9.304698944091797,-9.261988639831543,-9.21859359741211,-9.17962646484375,-9.140779495239258,-9.097686767578125,-9.054524421691895,-9.015724182128906,-8.976781845092773,-8.93380355834961,-8.890809059143066,-8.851665496826172,-8.812685012817383,-8.769744873046875,-8.726760864257812,-8.687272071838379,-8.644830703735352,-8.601314544677734,-8.562565803527832,-8.523568153381348,-8.480679512023926,-8.43740177154541,-8.398406028747559,-8.359469413757324,-8.32059383392334,-8.277522087097168,-8.234108924865723,-8.19516658782959,-8.152644157409668,-8.109400749206543,-8.070444107055664,-8.031216621398926,-7.991358757019043,-7.949406147003174,-7.906142711639404,-7.86541223526001,-7.826235771179199,-7.785279750823975,-7.744166374206543,-7.703359127044678,-7.662241458892822,-7.626880645751953,-7.5975728034973145,-7.566316604614258,-7.529297351837158,-7.490113735198975,-7.4511895179748535,-7.410144805908203,-7.3670244216918945,-7.3280229568481445,-7.291105270385742,-7.249835014343262,-7.206946849822998,-7.165863513946533,-7.127092361450195,-7.08793306350708,-7.046997547149658,-7.005921363830566,-6.964634895324707,-6.921680450439453,-6.878655910491943,-6.835806846618652,-6.792803764343262,-6.750061511993408,-6.706727027893066,-6.6638946533203125,-6.621009826660156,-6.57771110534668,-6.536874294281006,-6.495992660522461,-6.455000877380371,-6.413771152496338,-6.372786998748779,-6.335586071014404,-6.300717830657959,-6.265562534332275,-6.234310626983643,-6.20688009262085,-6.175746917724609,-6.140551567077637,-6.103554725646973,-6.062499046325684,-6.019196033477783,-5.976468563079834,-5.9335222244262695,-5.890522003173828,-5.8477277755737305,-5.804593563079834,-5.761696815490723,-5.720559597015381,-5.683538913726807,-5.648226261138916,-5.611453056335449,-5.57030725479126,-5.527378559112549,-5.484280109405518,-5.443256855010986,-5.408088684082031,-5.380875110626221,-5.351500034332275,-5.318371295928955,-5.28333854675293,-5.2441911697387695,-5.204980373382568,-5.169939041137695,-5.14067268371582,-5.11328649520874,-5.086032867431641,-5.060450077056885,-5.033215045928955,-4.998100280761719,-4.957127094268799,-4.9139556884765625,-4.871082782745361,-4.8299665451049805,-4.791165828704834,-4.752047061920166,-4.711023330688477,-4.667911052703857,-4.627041339874268,-4.585776329040527,-4.544915199279785,-4.50600528717041,-4.466787815093994,-4.431543827056885,-4.404451370239258,-4.3770575523376465,-4.343829154968262,-4.312473773956299,-4.28720235824585,-4.257905960083008,-4.226513385772705,-4.2011308670043945,-4.175710201263428,-4.146626949310303,-4.117255210876465,-4.08595085144043,-4.048912048339844,-4.010237693786621,-3.971766233444214,-3.9318573474884033,-3.8907341957092285,-3.8498270511627197,-3.808805227279663,-3.7678232192993164,-3.726686477661133,-3.686570644378662,-3.6465682983398438,-3.6057233810424805,-3.56449031829834,-3.523489475250244,-3.4826040267944336,-3.441826343536377,-3.400653600692749,-3.3595564365386963,-3.318250894546509,-3.277557373046875,-3.236642360687256,-3.195549964904785,-3.1546120643615723,-3.113450050354004,-3.072324275970459,-3.031721591949463,-2.990455150604248,-2.9495534896850586,-2.90881085395813,-2.867309808731079,-2.8268206119537354,-2.7853634357452393,-2.7448198795318604,-2.7034311294555664,-2.662760019302368,-2.621124029159546,-2.58030366897583,-2.5391950607299805,-2.498469829559326,-2.4577362537384033,-2.41621470451355,-2.3750815391540527,-2.334223985671997,-2.2935924530029297,-2.2526183128356934,-2.210951089859009,-2.1702284812927246,-2.128218412399292,-2.087585926055908,-2.046724557876587,-2.0078976154327393,-1.96867036819458,-1.92585289478302,-1.8822742700576782,-1.8458040952682495,-1.8063879013061523,-1.7595844268798828,-1.7163549661636353,-1.6785640716552734,-1.6354706287384033,-1.5945245027542114,-1.5530210733413696,-1.5160815715789795,-1.4688633680343628,-1.4365596771240234,-1.4003592729568481,-1.3614912033081055,-1.318354845046997,-1.278796672821045,-1.2347856760025024,-1.1852335929870605,-1.1407127380371094,-1.1104129552841187,-1.065147876739502,-1.0004796981811523,-0.9658285975456238,-0.9364866018295288,-0.896905243396759,-0.861442506313324,-0.8142973184585571,-0.7366092801094055,-0.6862433552742004,-0.6556068062782288,-0.6092594265937805,-0.5542504787445068,-0.5228003263473511,-0.4767906367778778,-0.44635650515556335,-0.4138569235801697,-0.3836040198802948,-0.3427693545818329,-0.28500932455062866,-0.2154882699251175,-0.03298095613718033,-0.011447016149759293,0.03734574094414711,0.1635374128818512,0.22920340299606323,0.28344839811325073,0.3674514591693878,0.4077214002609253,0.4541018605232239],"files":["scales.webp"]},"quats":{"files":["quats.webp"]},