{"version":2,"count":581274,"means":{"mins":[-2.178634482269874,-1.218240993144129,-1.4479377733418666],"maxs":[1.3131797799167202,4.215374026983622,2.838228741288784],"files":["means_l.webp","means_u.webp"]},"scales":{"codebook":[-9.998809814453125,-9.96217155456543,-9.91069507598877,-9.863248825073242,-9.820180892944336,-9.780919075012207,-9.738455772399902,-9.695304870605469,-9.652480125427246,-9.609284400939941,-9.570135116577148,-9.527419090270996,-9.48443603515625,-9.441537857055664,-9.39495849609375,-9.351383209228516,-9.308598518371582,-9.264970779418945,-9.226506233215332,-9.183619499206543,-9.140743255615234,-9.097696304321289,-9.054661750793457,-9.015463829040527,-8.973038673400879,-8.925679206848145,-8.882816314697266,-8.84378719329834,-8.800790786743164,-8.758050918579102,-8.715140342712402,-8.667929649353027,-8.625039100646973,-8.582273483276367,-8.538981437683105,-8.496514320373535,-8.4533052444458,-8.413863182067871,-8.371243476867676,-8.327960968017578,-8.285377502441406,-8.242072105407715,-8.214655876159668,-8.19140625,-8.156354904174805,-8.116944313049316,-8.074220657348633,-8.031232833862305,-7.989070892333984,-7.945445537567139,-7.902501106262207,-7.859035015106201,-7.81605863571167,-7.77354097366333,-7.72987174987793,-7.689528942108154,-7.648248195648193,-7.605382919311523,-7.562424659729004,-7.519316673278809,-7.476280212402344,-7.433689594268799,-7.3904595375061035,-7.347589492797852,-7.304676055908203,-7.261673927307129,-7.220639228820801,-7.1836347579956055,-7.15240478515625,-7.121111869812012,-7.084071636199951,-7.045018196105957,-7.003693580627441,-6.96039342880249,-6.9178361892700195,-6.874751091003418,-6.8318586349487305,-6.789161682128906,-6.748128890991211,-6.70704460144043,-6.663996696472168,-6.6210527420043945,-6.57797384262085,-6.535167694091797,-6.492099285125732,-6.448916912078857,-6.4060235023498535,-6.363044738769531,-6.320509910583496,-6.277474403381348,-6.234210014343262,-6.1932878494262695,-6.160163879394531,-6.132571220397949,-6.099649429321289,-6.060554504394531,-6.019350528717041,-5.976630210876465,-5.933577060699463,-5.892614364624023,-5.851395130157471,-5.808746337890625,-5.765576362609863,-5.722747325897217,-5.6795125007629395,-5.636467933654785,-5.593520164489746,-5.550703048706055,-5.507797718048096,-5.464780807495117,-5.4217848777771,-5.378789901733398,-5.335916519165039,-5.292796611785889,-5.2498040199279785,-5.206915855407715,-5.163968086242676,-5.120980262756348,-5.078112602233887,-5.035023212432861,-4.994096755981445,-4.956897258758545,-4.92167329788208,-4.884673595428467,-4.8474626541137695,-4.812358379364014,-4.775408744812012,-4.7363600730896,-4.69543981552124,-4.652267932891846,-4.609431743621826,-4.566173076629639,-4.523390769958496,-4.480432987213135,-4.43750524520874,-4.3944525718688965,-4.351649761199951,-4.308481216430664,-4.2656025886535645,-4.222740173339844,-4.185503959655762,-4.156270503997803,-4.127039432525635,-4.091823101043701,-4.05087423324585,-4.008319854736328,-3.9667210578918457,-3.9248104095458984,-3.8819823265075684,-3.8388330936431885,-3.7960093021392822,-3.752939462661743,-3.7101123332977295,-3.667102575302124,-3.624145269393921,-3.5810086727142334,-3.538132667541504,-3.496166467666626,-3.4541728496551514,-3.4114794731140137,-3.3682968616485596,-3.32548189163208,-3.282461166381836,-3.239654779434204,-3.19649076461792,-3.1533446311950684,-3.1106865406036377,-3.068436622619629,-3.0265939235687256,-2.9837725162506104,-2.9406301975250244,-2.8977227210998535,-2.854556083679199,-2.8117287158966064,-2.7689149379730225,-2.7257888317108154,-2.6826863288879395,-2.6399033069610596,-2.597730875015259,-2.556104898452759,-2.5127744674682617,-2.4703330993652344,-2.4272520542144775,-2.384019613265991,-2.341559410095215,-2.2983345985412598,-2.2550301551818848,-2.210855722427368,-2.1677587032318115,-2.126131296157837,-2.082899808883667,-2.0419557094573975,-2.00447940826416,-1.9592828750610352,-1.9154165983200073,-1.8705670833587646,-1.829309344291687,-1.792127251625061,-1.7558478116989136,-1.7206459045410156,-1.6860771179199219,-1.6509509086608887,-1.6156647205352783,-1.5773448944091797,-1.5315062999725342,-1.4865281581878662,-1.4405620098114014,-1.3957253694534302,-1.355040192604065,-1.3166433572769165,-1.2767750024795532,-1.2318952083587646,-1.1859983205795288,-1.1439197063446045,-1.1022688150405884,-1.0604817867279053,-1.0160245895385742,-0.9755070209503174,-0.92872154712677,-0.889807939529419,-0.8449667692184448,-0.8003297448158264,-0.754743754863739,-0.7084755301475525,-0.661369264125824,-0.6205877661705017,-0.5812855958938599,-0.5473338961601257,-0.5102813243865967,-0.47233304381370544,-0.4371279776096344,-0.3909027576446533,-0.3484150767326355,-0.29960909485816956,-0.24837379157543182,-0.1872991919517517,-0.14473427832126617,-0.1059885323047638,-0.06886932998895645,-0.028244327753782272,0.0006098909070715308,0.04236573353409767,0.09090106189250946,0.13545556366443634,0.2296062707901001,0.2721177041530609,0.29937422275543213,0.3609224557876587,0.39521753787994385,0.468414843082428,0.5243292450904846,0.5647969841957092,0.6000957489013672,0.6942701935768127,0.8554256558418274,0.9096053838729858],"files":["scales.webp"]},"quats":{"files":["quats.webp"]},