{"version":2,"count":526324,"means":{"mins":[-3.583036262782845,-4.475124184840554,-1.281665893360793],"maxs":[2.1765942665248095,-2.9709515089612806,2.9242849725875097],"files":["means_l.webp","means_u.webp"]},"scales":{"codebook":[-9.999619483947754,-9.95014476776123,-9.905862808227539,-9.866722106933594,-9.824797630310059,-9.776922225952148,-9.734107971191406,-9.69151782989502,-9.648026466369629,-9.606096267700195,-9.562458992004395,-9.523614883422852,-9.480584144592285,-9.433178901672363,-9.386780738830566,-9.34389877319336,-9.300847053527832,-9.2578763961792,-9.21873950958252,-9.175891876220703,-9.13305950164795,-9.090057373046875,-9.046422958374023,-9.004098892211914,-8.952679634094238,-8.906394958496094,-8.866959571838379,-8.82818603515625,-8.78521728515625,-8.742372512817383,-8.699687957763672,-8.65640640258789,-8.613359451293945,-8.570204734802246,-8.527499198913574,-8.483824729919434,-8.441740989685059,-8.393819808959961,-8.347997665405273,-8.3045654296875,-8.264972686767578,-8.222686767578125,-8.171615600585938,-8.12501049041748,-8.085688591003418,-8.046781539916992,-8.00728702545166,-7.964620113372803,-7.922037601470947,-7.878905296325684,-7.835604190826416,-7.792690753936768,-7.750092029571533,-7.706320762634277,-7.664180278778076,-7.6211323738098145,-7.576284885406494,-7.531128406524658,-7.488132476806641,-7.44509220123291,-7.402200698852539,-7.359221935272217,-7.316394329071045,-7.273376941680908,-7.230245590209961,-7.1873064041137695,-7.144315719604492,-7.099819183349609,-7.054499626159668,-7.011858940124512,-6.968740940093994,-6.925539493560791,-6.882808208465576,-6.840250492095947,-6.796688079833984,-6.753868579864502,-6.710826873779297,-6.668054103851318,-6.625067710876465,-6.581995487213135,-6.537110805511475,-6.49218225479126,-6.449210166931152,-6.4062347412109375,-6.363109111785889,-6.32041597366333,-6.277242183685303,-6.2342424392700195,-6.191468715667725,-6.148323059082031,-6.10554313659668,-6.060568809509277,-6.015597820281982,-5.972668170928955,-5.9297776222229,-5.886837959289551,-5.843782424926758,-5.800697326660156,-5.757650852203369,-5.714751720428467,-5.67191743850708,-5.628791332244873,-5.58611536026001,-5.542965412139893,-5.499988079071045,-5.457048416137695,-5.412165641784668,-5.3671112060546875,-5.324211597442627,-5.28125524520874,-5.238232135772705,-5.195418357849121,-5.152474403381348,-5.109212398529053,-5.066413879394531,-5.023439884185791,-4.980376243591309,-4.935577869415283,-4.890612602233887,-4.847510814666748,-4.8045806884765625,-4.761612415313721,-4.718746662139893,-4.675692558288574,-4.632632255554199,-4.589760780334473,-4.548855781555176,-4.5117621421813965,-4.480469703674316,-4.449244022369385,-4.412323951721191,-4.371204376220703,-4.328201770782471,-4.285184383392334,-4.2441086769104,-4.207100868225098,-4.174004077911377,-4.140392780303955,-4.105435371398926,-4.068399906158447,-4.0272626876831055,-3.9847240447998047,-3.9443137645721436,-3.908055067062378,-3.8760290145874023,-3.841832160949707,-3.8039186000823975,-3.7637970447540283,-3.722510576248169,-3.680875062942505,-3.6368186473846436,-3.592940330505371,-3.5497710704803467,-3.506946325302124,-3.4639153480529785,-3.4208991527557373,-3.3768444061279297,-3.333225965499878,-3.2900567054748535,-3.24700927734375,-3.2042267322540283,-3.160982131958008,-3.1182119846343994,-3.0742924213409424,-3.0303404331207275,-2.987516164779663,-2.944772481918335,-2.900406837463379,-2.8565011024475098,-2.8135855197906494,-2.7707393169403076,-2.7275969982147217,-2.6846446990966797,-2.6418209075927734,-2.5989232063293457,-2.5547194480895996,-2.510793924331665,-2.4679667949676514,-2.4250128269195557,-2.3820595741271973,-2.3389008045196533,-2.2960338592529297,-2.2524306774139404,-2.208200693130493,-2.1651227474212646,-2.1221923828125,-2.078009843826294,-2.035971164703369,-1.99943208694458,-1.952425479888916,-1.90758216381073,-1.864242672920227,-1.821266770362854,-1.7777612209320068,-1.7332578897476196,-1.690236210823059,-1.6463968753814697,-1.6039117574691772,-1.5602856874465942,-1.517600178718567,-1.474820852279663,-1.430904746055603,-1.3869951963424683,-1.3432605266571045,-1.3011711835861206,-1.2571913003921509,-1.213875412940979,-1.1706990003585815,-1.1280025243759155,-1.083820104598999,-1.041453242301941,-1.0020984411239624,-0.9586317539215088,-0.915988028049469,-0.8723211288452148,-0.8302767276763916,-0.7847462892532349,-0.7371140718460083,-0.694638729095459,-0.6503633856773376,-0.609183132648468,-0.5640364289283752,-0.5224961638450623,-0.4784637987613678,-0.43403586745262146,-0.3885771632194519,-0.347409188747406,-0.30850160121917725,-0.26992037892341614,-0.22034837305545807,-0.18192589282989502,-0.14653275907039642,-0.09983358532190323,-0.04658114165067673,-0.0060860649682581425,0.028383757919073105,0.07402755320072174,0.12434707581996918,0.18330836296081543,0.21939052641391754,0.260113388299942,0.3051372468471527,0.3494206368923187,0.38623300194740295,0.4219032824039459,0.4660525321960449,0.5222089290618896,0.5665646195411682,0.6128121614456177,0.644957423210144,0.7028654217720032,0.7614033222198486,0.8184586763381958,0.8547837138175964,0.9981504082679749,1.0366820096969604],"files":["scales.webp"]},"quats":{"files":["quats.webp"]},