{"version":2,"count":524502,"means":{"mins":[-4.917953797388455,-4.823528931891742,-1.6117330594659198],"maxs":[2.17661249343924,4.543553012047085,3.6893789593148045],"files":["means_l.webp","means_u.webp"]},"scales":{"codebook":[-9.998157501220703,-9.954519271850586,-9.904571533203125,-9.856632232666016,-9.809050559997559,-9.762070655822754,-9.715326309204102,-9.668001174926758,-9.621526718139648,-9.574655532836914,-9.523297309875488,-9.472373962402344,-9.42648696899414,-9.378776550292969,-9.332914352416992,-9.28106689453125,-9.230263710021973,-9.187298774719238,-9.145231246948242,-9.09807014465332,-9.050840377807617,-9.003692626953125,-8.957111358642578,-8.910776138305664,-8.863553047180176,-8.816269874572754,-8.769652366638184,-8.72301197052002,-8.676183700561523,-8.629450798034668,-8.582175254821777,-8.535248756408691,-8.483654022216797,-8.433603286743164,-8.38731575012207,-8.339569091796875,-8.293294906616211,-8.246429443359375,-8.198840141296387,-8.152795791625977,-8.101305961608887,-8.054159164428711,-8.012953758239746,-7.964430332183838,-7.915949821472168,-7.87085485458374,-7.826415538787842,-7.777400970458984,-7.7284040451049805,-7.682558536529541,-7.634817600250244,-7.587712287902832,-7.541072845458984,-7.492135047912598,-7.444847583770752,-7.400585651397705,-7.35374116897583,-7.306797504425049,-7.257884502410889,-7.206468105316162,-7.1602911949157715,-7.115592002868652,-7.066070079803467,-7.015202522277832,-6.966695308685303,-6.921369552612305,-6.878368854522705,-6.834066390991211,-6.78514289855957,-6.7364959716796875,-6.6896491050720215,-6.6399407386779785,-6.593310356140137,-6.549089431762695,-6.49995756149292,-6.448732852935791,-6.398159980773926,-6.349635124206543,-6.304440975189209,-6.259980201721191,-6.212518692016602,-6.167511463165283,-6.123061656951904,-6.074092864990234,-6.027226448059082,-5.982851505279541,-5.935675621032715,-5.886626243591309,-5.837612152099609,-5.791143894195557,-5.742105007171631,-5.694876194000244,-5.650454044342041,-5.601517200469971,-5.552779674530029,-5.507815361022949,-5.463035583496094,-5.415705680847168,-5.3691534996032715,-5.3201069831848145,-5.269096374511719,-5.220434665679932,-5.1739912033081055,-5.1269049644470215,-5.081806182861328,-5.037264347076416,-4.988034725189209,-4.941287994384766,-4.896586894989014,-4.847609996795654,-4.796744346618652,-4.746036529541016,-4.694952011108398,-4.64838981628418,-4.603541851043701,-4.554798603057861,-4.5058770179748535,-4.460859298706055,-4.416090965270996,-4.369170665740967,-4.320019721984863,-4.269211769104004,-4.220647811889648,-4.175573348999023,-4.1326422691345215,-4.087904930114746,-4.042855262756348,-3.9973208904266357,-3.949000120162964,-3.902186632156372,-3.856468915939331,-3.808506965637207,-3.7595770359039307,-3.712765693664551,-3.667020082473755,-3.618950605392456,-3.5700619220733643,-3.522247791290283,-3.477451801300049,-3.437344789505005,-3.4003231525421143,-3.3612587451934814,-3.3202505111694336,-3.279001474380493,-3.2373616695404053,-3.193319320678711,-3.147523880004883,-3.1006197929382324,-3.053766965866089,-3.005833387374878,-2.9569976329803467,-2.9091849327087402,-2.8632524013519287,-2.8174729347229004,-2.7695422172546387,-2.722811222076416,-2.679755449295044,-2.641571044921875,-2.606496810913086,-2.5675606727600098,-2.525398015975952,-2.483522415161133,-2.4386093616485596,-2.39170503616333,-2.3450520038604736,-2.2968506813049316,-2.2481627464294434,-2.199075698852539,-2.1500234603881836,-2.1006720066070557,-2.0523321628570557,-2.0069832801818848,-1.9657779932022095,-1.9205126762390137,-1.873542070388794,-1.8255008459091187,-1.7781633138656616,-1.7315484285354614,-1.683628797531128,-1.6363099813461304,-1.589162826538086,-1.54147207736969,-1.4949426651000977,-1.4476734399795532,-1.4002186059951782,-1.3530690670013428,-1.3070553541183472,-1.2588403224945068,-1.2113693952560425,-1.163661241531372,-1.1157830953598022,-1.0693639516830444,-1.0220757722854614,-0.9752644896507263,-0.9277123212814331,-0.8792101144790649,-0.8309349417686462,-0.7865795493125916,-0.7393680214881897,-0.693570077419281,-0.6466306447982788,-0.5984175801277161,-0.5528391599655151,-0.5059973001480103,-0.4568534791469574,-0.40616852045059204,-0.3581027686595917,-0.3132812976837158,-0.2694900333881378,-0.224465012550354,-0.17922399938106537,-0.13125871121883392,-0.08516810834407806,-0.03589695319533348,0.011810580268502235,0.060202594846487045,0.10915158689022064,0.15700866281986237,0.20937228202819824,0.2537599503993988,0.30068284273147583,0.3465766906738281,0.3924907445907593,0.4357988238334656,0.4854837656021118,0.538200855255127,0.5858461260795593,0.633853554725647,0.6833071112632751,0.7223875522613525,0.7720174789428711,0.8192545175552368,0.872036874294281,0.9149891138076782,0.9604867696762085,1.0083143711090088,1.067126989364624,1.104039192199707,1.1590156555175781,1.2067700624465942,1.244881510734558,1.2851159572601318,1.3442378044128418,1.3864152431488037,1.4307279586791992,1.4848030805587769,1.532576322555542,1.5780236721038818,1.6304367780685425,1.6567304134368896,1.7091102600097656,1.7356520891189575,1.8816113471984863,1.907454490661621,1.9852466583251953,2.0491700172424316],"files":["scales.webp"]},"quats":{"files":["quats.webp"]},