{"version":2,"count":584748,"means":{"mins":[-2.9847555391299503,-1.2182386662361993,-1.4145511131025514],"maxs":[-2.1786401497398193,4.188237676599553,2.94914706080102],"files":["means_l.webp","means_u.webp"]},"scales":{"codebook":[-9.999479293823242,-9.959541320800781,-9.910627365112305,-9.866832733154297,-9.824350357055664,-9.781049728393555,-9.741999626159668,-9.699820518493652,-9.651583671569824,-9.609341621398926,-9.569860458374023,-9.531058311462402,-9.488758087158203,-9.441357612609863,-9.398152351379395,-9.359331130981445,-9.316930770874023,-9.273414611816406,-9.234271049499512,-9.195266723632812,-9.152499198913574,-9.105439186096191,-9.061814308166504,-9.02383804321289,-8.984536170959473,-8.941645622253418,-8.898505210876465,-8.855560302734375,-8.812580108642578,-8.773298263549805,-8.730547904968262,-8.687219619750977,-8.644608497619629,-8.597827911376953,-8.554518699645996,-8.515708923339844,-8.472827911376953,-8.425950050354004,-8.3787260055542,-8.335718154907227,-8.296512603759766,-8.25749683380127,-8.218606948852539,-8.179614067077637,-8.137102127075195,-8.09013557434082,-8.046831130981445,-8.006908416748047,-7.964660167694092,-7.921403408050537,-7.880883693695068,-7.841825485229492,-7.800683498382568,-7.757718086242676,-7.714730262756348,-7.6720781326293945,-7.6287407875061035,-7.585688591003418,-7.542839050292969,-7.501960754394531,-7.461137771606445,-7.417545795440674,-7.375067234039307,-7.331923961639404,-7.288538932800293,-7.248155117034912,-7.206845760345459,-7.164036750793457,-7.121113300323486,-7.077890396118164,-7.035079002380371,-6.992196083068848,-6.95119047164917,-6.910064220428467,-6.866902828216553,-6.826228141784668,-6.784827709197998,-6.7419633865356445,-6.699243068695068,-6.656190872192383,-6.613279342651367,-6.572279930114746,-6.531047821044922,-6.488138675689697,-6.445341110229492,-6.40230131149292,-6.359271049499512,-6.318359375,-6.277318477630615,-6.234410285949707,-6.191254615783691,-6.148351192474365,-6.105445861816406,-6.062410831451416,-6.021597862243652,-5.980477809906006,-5.937343120574951,-5.894533157348633,-5.851444721221924,-5.810586929321289,-5.769634246826172,-5.7263665199279785,-5.683764457702637,-5.640715599060059,-5.597603797912598,-5.554596424102783,-5.511575222015381,-5.468655109405518,-5.427797317504883,-5.386820316314697,-5.343940258026123,-5.3007001876831055,-5.257804870605469,-5.214662075042725,-5.173904895782471,-5.132805347442627,-5.089937686920166,-5.0467681884765625,-5.003776550292969,-4.960993766784668,-4.92006254196167,-4.878870010375977,-4.835866451263428,-4.795031547546387,-4.753931522369385,-4.710840702056885,-4.667877197265625,-4.625080585479736,-4.582023620605469,-4.538938045501709,-4.495961666107178,-4.455129623413086,-4.41404390335083,-4.370974063873291,-4.329992294311523,-4.2969512939453125,-4.269514560699463,-4.236393451690674,-4.1992387771606445,-4.162137031555176,-4.126917839050293,-4.097632884979248,-4.068459987640381,-4.033265113830566,-3.9916858673095703,-3.9483225345611572,-3.905322790145874,-3.8623554706573486,-3.820282459259033,-3.7784764766693115,-3.735534191131592,-3.6933374404907227,-3.6514790058135986,-3.609445810317993,-3.567460298538208,-3.524599552154541,-3.482513904571533,-3.4435970783233643,-3.4083311557769775,-3.375059127807617,-3.340866804122925,-3.3046960830688477,-3.2668631076812744,-3.2266409397125244,-3.1854729652404785,-3.143669843673706,-3.101606845855713,-3.059683084487915,-3.016885995864868,-2.974700689315796,-2.932691812515259,-2.889892339706421,-2.847827434539795,-2.8059937953948975,-2.762795925140381,-2.721043109893799,-2.6790382862091064,-2.6359429359436035,-2.594149589538574,-2.551959991455078,-2.5091233253479004,-2.467050552368164,-2.4251532554626465,-2.382230520248413,-2.3399617671966553,-2.298506259918213,-2.255389451980591,-2.2122552394866943,-2.1687262058258057,-2.12679123878479,-2.0853607654571533,-2.0450243949890137,-2.0060410499572754,-1.9641039371490479,-1.920886754989624,-1.8763178586959839,-1.8328475952148438,-1.7897952795028687,-1.7477996349334717,-1.7058011293411255,-1.6634007692337036,-1.6207194328308105,-1.5777279138565063,-1.536550760269165,-1.4943530559539795,-1.4530742168426514,-1.4125852584838867,-1.3712372779846191,-1.328312873840332,-1.283422827720642,-1.2399665117263794,-1.1961933374404907,-1.1550467014312744,-1.1142010688781738,-1.0702462196350098,-1.0295161008834839,-0.9880233407020569,-0.9437726736068726,-0.9002935886383057,-0.8614680767059326,-0.8178573846817017,-0.7790225744247437,-0.7384405136108398,-0.6916128396987915,-0.6486970782279968,-0.6092283725738525,-0.564181387424469,-0.5223007798194885,-0.47625234723091125,-0.43204742670059204,-0.3886188864707947,-0.34573206305503845,-0.3034108579158783,-0.26259520649909973,-0.22267526388168335,-0.18110878765583038,-0.13762123882770538,-0.09806179255247116,-0.062491293996572495,-0.01607625000178814,0.024766871705651283,0.08106008172035217,0.12178660184144974,0.15318991243839264,0.19224165380001068,0.23245549201965332,0.2775200307369232,0.32436686754226685,0.3590065538883209,0.40006107091903687,0.44505926966667175,0.5282053351402283,0.594169557094574,0.6096071600914001,0.7388638854026794,0.790973424911499],"files":["scales.webp"]},"quats":{"files":["quats.webp"]},