{"version":2,"count":524609,"means":{"mins":[-0.7873192070353244,-2.97088004367605,-0.18616776724948497],"maxs":[2.176563707302671,-2.7605820533656784,1.6863549069752821],"files":["means_l.webp","means_u.webp"]},"scales":{"codebook":[-9.998863220214844,-9.964485168457031,-9.926427841186523,-9.890664100646973,-9.851340293884277,-9.812312126159668,-9.773141860961914,-9.74208927154541,-9.71500015258789,-9.679536819458008,-9.644645690917969,-9.609108924865723,-9.57028579711914,-9.53099250793457,-9.491996765136719,-9.457237243652344,-9.421847343444824,-9.386693954467773,-9.355741500854492,-9.319914817810059,-9.28521728515625,-9.253986358642578,-9.218923568725586,-9.179475784301758,-9.144765853881836,-9.109410285949707,-9.06991958618164,-9.03507137298584,-9.003976821899414,-8.968596458435059,-8.929705619812012,-8.89035701751709,-8.851456642150879,-8.811957359313965,-8.78076457977295,-8.753963470458984,-8.718781471252441,-8.683682441711426,-8.648216247558594,-8.609139442443848,-8.570138931274414,-8.535136222839355,-8.5039701461792,-8.468754768371582,-8.433323860168457,-8.402470588684082,-8.366938591003418,-8.32787799835205,-8.293049812316895,-8.2578763961792,-8.21860122680664,-8.183599472045898,-8.148270606994629,-8.109179496765137,-8.073978424072266,-8.043006896972656,-8.008593559265137,-7.974667549133301,-7.939496040344238,-7.902100563049316,-7.866989612579346,-7.831885814666748,-7.796694755554199,-7.761511325836182,-7.7263288497924805,-7.691257476806641,-7.6558709144592285,-7.621026515960693,-7.58571195602417,-7.550692558288574,-7.51546573638916,-7.47852087020874,-7.441425323486328,-7.406101703643799,-7.37080717086792,-7.33394193649292,-7.296718120574951,-7.261719703674316,-7.226338863372803,-7.191290855407715,-7.156229496002197,-7.1211018562316895,-7.085838317871094,-7.050673961639404,-7.015449523925781,-6.980393409729004,-6.945162773132324,-6.910138130187988,-6.874992847442627,-6.8398308753967285,-6.8047614097595215,-6.769631862640381,-6.734285831451416,-6.699361324310303,-6.664151668548584,-6.627199172973633,-6.589851379394531,-6.554725170135498,-6.519540309906006,-6.4843668937683105,-6.449230670928955,-6.41411828994751,-6.378905773162842,-6.343833923339844,-6.308699131011963,-6.273382663726807,-6.238445281982422,-6.201189994812012,-6.164092063903809,-6.128941535949707,-6.093803405761719,-6.0585856437683105,-6.0235443115234375,-5.988387584686279,-5.953220844268799,-5.918029308319092,-5.882835865020752,-5.847681045532227,-5.8107590675354,-5.773479461669922,-5.7382893562316895,-5.702988624572754,-5.668079376220703,-5.632772445678711,-5.597628593444824,-5.562706470489502,-5.527336597442627,-5.492250442504883,-5.457177639007568,-5.422073841094971,-5.384862422943115,-5.347641468048096,-5.312760353088379,-5.277423858642578,-5.242295265197754,-5.207036018371582,-5.171963691711426,-5.136704444885254,-5.10178804397583,-5.066478252410889,-5.029429912567139,-4.9921369552612305,-4.957066535949707,-4.921891689300537,-4.886623382568359,-4.851451396942139,-4.816596984863281,-4.781088829040527,-4.7463459968566895,-4.711049556732178,-4.675858497619629,-4.640652656555176,-4.603532314300537,-4.566525459289551,-4.531628608703613,-4.496213912963867,-4.46098518371582,-4.425902843475342,-4.390530109405518,-4.357660293579102,-4.328082084655762,-4.3047685623168945,-4.2793803215026855,-4.246013641357422,-4.212897300720215,-4.177890300750732,-4.14056921005249,-4.1054582595825195,-4.0703301429748535,-4.0352702140808105,-3.9994778633117676,-3.9639275074005127,-3.9288649559020996,-3.893735647201538,-3.857496500015259,-3.8212733268737793,-3.786363124847412,-3.75136399269104,-3.7161202430725098,-3.679635524749756,-3.6436450481414795,-3.6084227561950684,-3.5735538005828857,-3.538072109222412,-3.50323224067688,-3.4669132232666016,-3.4306490421295166,-3.39557147026062,-3.3606646060943604,-3.3252339363098145,-3.2902779579162598,-3.2541866302490234,-3.2183356285095215,-3.1831283569335938,-3.1476504802703857,-3.1121063232421875,-3.0771899223327637,-3.0414669513702393,-3.0048232078552246,-2.9702112674713135,-2.9348387718200684,-2.8996329307556152,-2.8639609813690186,-2.8271520137786865,-2.792181968688965,-2.757465124130249,-2.7216365337371826,-2.687730550765991,-2.650761604309082,-2.614748477935791,-2.579235076904297,-2.544630289077759,-2.5088844299316406,-2.4749703407287598,-2.4379236698150635,-2.4020490646362305,-2.366706132888794,-2.3305981159210205,-2.296821117401123,-2.2602028846740723,-2.2249391078948975,-2.188621759414673,-2.149975299835205,-2.1165881156921387,-2.0833382606506348,-2.046539783477783,-2.0072097778320312,-1.9732387065887451,-1.9410499334335327,-1.9072660207748413,-1.8643673658370972,-1.8263449668884277,-1.8006854057312012,-1.76069176197052,-1.722874641418457,-1.6916347742080688,-1.655247688293457,-1.618533968925476,-1.5899994373321533,-1.5459030866622925,-1.5122239589691162,-1.472097396850586,-1.4474703073501587,-1.4051896333694458,-1.3575725555419922,-1.3399993181228638,-1.312408685684204,-1.2816084623336792,-1.2411197423934937,-1.21454656124115,-1.1148180961608887,-1.0942604541778564,-1.0607858896255493,-1.0054513216018677,-0.9726565480232239,-0.9471198916435242],"files":["scales.webp"]},"quats":{"files":["quats.webp"]},