{"version":2,"count":552928,"means":{"mins":[2.761844152326639,-1.0703964790077336,-0.4846980385846884],"maxs":[2.9646677224577265,2.393033432400121,1.3350060107685482],"files":["means_l.webp","means_u.webp"]},"scales":{"codebook":[-9.99821662902832,-9.967761039733887,-9.934022903442383,-9.898778915405273,-9.863163948059082,-9.832188606262207,-9.796853065490723,-9.76197338104248,-9.730165481567383,-9.699234962463379,-9.667866706848145,-9.637097358703613,-9.60165023803711,-9.56640338897705,-9.535334587097168,-9.499979972839355,-9.460864067077637,-9.425689697265625,-9.398193359375,-9.371285438537598,-9.339837074279785,-9.308659553527832,-9.273046493530273,-9.238430976867676,-9.203052520751953,-9.164103507995605,-9.124738693237305,-9.089993476867676,-9.058643341064453,-9.027321815490723,-9.000075340270996,-8.972681045532227,-8.94166088104248,-8.91016960144043,-8.878742218017578,-8.8478422164917,-8.81267261505127,-8.777578353881836,-8.745865821838379,-8.714922904968262,-8.679732322692871,-8.6443510055542,-8.613431930541992,-8.577983856201172,-8.538779258728027,-8.503850936889648,-8.476601600646973,-8.449373245239258,-8.417900085449219,-8.386860847473145,-8.351408004760742,-8.316682815551758,-8.28515911102295,-8.253911018371582,-8.2186861038208,-8.179544448852539,-8.144329071044922,-8.11352252960205,-8.078302383422852,-8.046976089477539,-8.019710540771484,-7.98723840713501,-7.953078269958496,-7.9178466796875,-7.882744789123535,-7.849570274353027,-7.818403244018555,-7.789090633392334,-7.759829044342041,-7.726497173309326,-7.693427085876465,-7.662269592285156,-7.628741264343262,-7.593523979187012,-7.558394432067871,-7.525154113769531,-7.494298934936523,-7.462892055511475,-7.429619312286377,-7.396570205688477,-7.365281581878662,-7.331985950469971,-7.298892021179199,-7.265595436096191,-7.232351779937744,-7.201195240020752,-7.167855739593506,-7.132761001586914,-7.099542140960693,-7.068390369415283,-7.035001277923584,-7.001955032348633,-6.968817710876465,-6.935604095458984,-6.902300834655762,-6.867064476013184,-6.83393669128418,-6.802783966064453,-6.771496295928955,-6.738165378570557,-6.70509672164917,-6.671750545501709,-6.636617183685303,-6.6013994216918945,-6.570270538330078,-6.541058540344238,-6.507561683654785,-6.47253942489624,-6.437209606170654,-6.402141094207764,-6.367163181304932,-6.331943988800049,-6.298859119415283,-6.269418239593506,-6.240390300750732,-6.206905364990234,-6.171689987182617,-6.136680603027344,-6.101400852203369,-6.066396713256836,-6.035051345825195,-6.005859851837158,-5.972623348236084,-5.937474250793457,-5.902281284332275,-5.8690876960754395,-5.837944507598877,-5.8085103034973145,-5.781067371368408,-5.751954555511475,-5.718777656555176,-5.68559455871582,-5.652492523193359,-5.619211673736572,-5.585954666137695,-5.552734851837158,-5.521555423736572,-5.488367557525635,-5.455108642578125,-5.42191219329834,-5.388657569885254,-5.357632160186768,-5.324508190155029,-5.291105270385742,-5.257910251617432,-5.224754333496094,-5.191577434539795,-5.158237934112549,-5.127068042755127,-5.093816757202148,-5.060821533203125,-5.027425765991211,-4.994256496429443,-4.961007595062256,-4.9278483390808105,-4.8965373039245605,-4.863109588623047,-4.830109596252441,-4.796817302703857,-4.763832092285156,-4.730742931365967,-4.697511672973633,-4.666172027587891,-4.633083343505859,-4.599883079528809,-4.566465377807617,-4.533250331878662,-4.5002522468566895,-4.466935634613037,-4.4334917068481445,-4.400554180145264,-4.36942195892334,-4.3361334800720215,-4.30281400680542,-4.269733428955078,-4.236416339874268,-4.205252647399902,-4.172024726867676,-4.138876438140869,-4.105748176574707,-4.070328235626221,-4.037147521972656,-4.006392955780029,-3.974855661392212,-3.9414613246917725,-3.9085965156555176,-3.8748998641967773,-3.842864751815796,-3.8105108737945557,-3.7777626514434814,-3.7444193363189697,-3.711081027984619,-3.6780600547790527,-3.6455485820770264,-3.61331844329834,-3.5801596641540527,-3.5470900535583496,-3.5137228965759277,-3.4805660247802734,-3.4474709033966064,-3.4152779579162598,-3.383265495300293,-3.349874496459961,-3.3171417713165283,-3.2836198806762695,-3.2501628398895264,-3.2168004512786865,-3.1846354007720947,-3.1519742012023926,-3.1192312240600586,-3.08613920211792,-3.0536398887634277,-3.020418643951416,-2.987539291381836,-2.9553792476654053,-2.922466278076172,-2.8889265060424805,-2.8557252883911133,-2.8224949836730957,-2.7888548374176025,-2.755941390991211,-2.7239577770233154,-2.692455768585205,-2.6588985919952393,-2.626349449157715,-2.593093156814575,-2.5588366985321045,-2.526437520980835,-2.4935014247894287,-2.458055257797241,-2.423668622970581,-2.3906192779541016,-2.361199140548706,-2.328237771987915,-2.297128200531006,-2.26273250579834,-2.2273433208465576,-2.196331024169922,-2.1635425090789795,-2.1305370330810547,-2.096933603286743,-2.067269802093506,-2.03610897064209,-2.006526231765747,-1.9722797870635986,-1.9316579103469849,-1.8949840068817139,-1.8579219579696655,-1.8400824069976807,-1.8053646087646484,-1.7647712230682373,-1.7303252220153809,-1.7071762084960938,-1.6847749948501587,-1.6380623579025269,-1.6045291423797607],"files":["scales.webp"]},"quats":{"files":["quats.webp"]},