{"version":2,"count":651656,"means":{"mins":[-0.961140507911658,-1.2182202623190836,-0.94735896816904],"maxs":[2.1766122770979903,2.2288612457571992,0.07252268982709768],"files":["means_l.webp","means_u.webp"]},"scales":{"codebook":[-9.99858570098877,-9.96812629699707,-9.930015563964844,-9.890521049499512,-9.85542106628418,-9.8243989944458,-9.789081573486328,-9.753750801086426,-9.723021507263184,-9.687212944030762,-9.64811897277832,-9.609435081481934,-9.570333480834961,-9.535174369812012,-9.507903099060059,-9.480635643005371,-9.453185081481934,-9.433403015136719,-9.410186767578125,-9.375455856323242,-9.33985710144043,-9.304186820983887,-9.265490531921387,-9.23025131225586,-9.19927978515625,-9.167983055114746,-9.132462501525879,-9.097636222839355,-9.066452026367188,-9.03134536743164,-8.996223449707031,-8.960734367370605,-8.925724983215332,-8.894699096679688,-8.85938549041748,-8.824227333068848,-8.789385795593262,-8.750039100646973,-8.710993766784668,-8.679696083068848,-8.652400016784668,-8.617049217224121,-8.582053184509277,-8.546788215637207,-8.511576652526855,-8.480545997619629,-8.445416450500488,-8.410200119018555,-8.3746976852417,-8.339775085449219,-8.308823585510254,-8.27347183227539,-8.238402366638184,-8.203145027160645,-8.164046287536621,-8.124741554260254,-8.089582443237305,-8.058663368225098,-8.027521133422852,-7.995151996612549,-7.960640907287598,-7.925568103790283,-7.890380859375,-7.85531759262085,-7.820304870605469,-7.787025451660156,-7.755954742431641,-7.724641799926758,-7.695310592651367,-7.669915199279785,-7.644626140594482,-7.6153082847595215,-7.581972122192383,-7.546868801116943,-7.511476516723633,-7.478560447692871,-7.445422649383545,-7.410049915313721,-7.377177715301514,-7.343687534332275,-7.308474063873291,-7.273626327514648,-7.238168716430664,-7.202953338623047,-7.1699323654174805,-7.136511325836182,-7.10135555267334,-7.066293716430664,-7.031150817871094,-6.996029853820801,-6.960742473602295,-6.925817966461182,-6.890567302703857,-6.855413436889648,-6.8201904296875,-6.785070419311523,-6.749903678894043,-6.714697360992432,-6.681606769561768,-6.650465965270996,-6.6170454025268555,-6.5818772315979,-6.546701431274414,-6.511536598205566,-6.482372283935547,-6.458995342254639,-6.433525085449219,-6.406102657318115,-6.380836009979248,-6.361380100250244,-6.343636512756348,-6.32027006149292,-6.291062355041504,-6.2577128410339355,-6.226518154144287,-6.197268962860107,-6.163836479187012,-6.130746364593506,-6.099617004394531,-6.066287040710449,-6.031233310699463,-5.996188163757324,-5.960858345031738,-5.925699710845947,-5.890580654144287,-5.855388641357422,-5.822293758392334,-5.788994312286377,-5.7539143562316895,-5.718721866607666,-5.683538913726807,-5.6523637771606445,-5.628882884979248,-5.607486724853516,-5.580106735229492,-5.552638053894043,-5.533134460449219,-5.515690803527832,-5.4921112060546875,-5.466846466064453,-5.4413838386535645,-5.414093017578125,-5.388647556304932,-5.363232612609863,-5.334007263183594,-5.30274772644043,-5.269525051116943,-5.236397743225098,-5.203185558319092,-5.1698737144470215,-5.144660472869873,-5.126993656158447,-5.109348773956299,-5.083993911743164,-5.052773952484131,-5.02165412902832,-4.990287780761719,-4.959211826324463,-4.925882339477539,-4.890687465667725,-4.857526779174805,-4.824334144592285,-4.789093494415283,-4.754152774810791,-4.718718528747559,-4.683629035949707,-4.648442268371582,-4.615316390991211,-4.582057952880859,-4.546809196472168,-4.511880397796631,-4.476480960845947,-4.443390846252441,-4.410315990447998,-4.375093936920166,-4.340132713317871,-4.3046698570251465,-4.273550987243652,-4.248246192932129,-4.222667694091797,-4.195302486419678,-4.166053771972656,-4.132960319519043,-4.097784996032715,-4.062765598297119,-4.0293707847595215,-3.995683431625366,-3.960226535797119,-3.924832820892334,-3.890881299972534,-3.8566393852233887,-3.821735382080078,-3.787008285522461,-3.7531039714813232,-3.7179322242736816,-3.6838200092315674,-3.649602174758911,-3.61409068107605,-3.58036208152771,-3.5463762283325195,-3.5107290744781494,-3.4775941371917725,-3.4482083320617676,-3.4229235649108887,-3.397477626800537,-3.368403911590576,-3.3369650840759277,-3.303879499435425,-3.2698121070861816,-3.2354226112365723,-3.2005739212036133,-3.166494607925415,-3.1322245597839355,-3.09708571434021,-3.0626280307769775,-3.028728723526001,-2.9933104515075684,-2.9594898223876953,-2.9252452850341797,-2.8907511234283447,-2.8559956550598145,-2.822064161300659,-2.7868545055389404,-2.751277208328247,-2.715580463409424,-2.6814188957214355,-2.64902663230896,-2.6145591735839844,-2.5803627967834473,-2.5455737113952637,-2.5094711780548096,-2.4760866165161133,-2.4408814907073975,-2.406013011932373,-2.3737633228302,-2.3373072147369385,-2.303231716156006,-2.2686688899993896,-2.2349331378936768,-2.19887113571167,-2.165860891342163,-2.1285994052886963,-2.094897747039795,-2.0653765201568604,-2.0357134342193604,-2.001136541366577,-1.9594975709915161,-1.9241540431976318,-1.8868361711502075,-1.8562583923339844,-1.8148407936096191,-1.711532711982727,-1.6481397151947021,-1.6161715984344482,-1.5893771648406982,-1.1992589235305786],"files":["scales.webp"]},"quats":{"files":["quats.webp"]},