{"version":2,"count":524381,"means":{"mins":[-4.623933703566653,-3.248033151490699,-1.3558321107212645],"maxs":[2.1764672097525737,-1.2183500696914011,3.7820743160178796],"files":["means_l.webp","means_u.webp"]},"scales":{"codebook":[-9.998858451843262,-9.955814361572266,-9.91096305847168,-9.86380672454834,-9.8164701461792,-9.773356437683105,-9.730581283569336,-9.687324523925781,-9.648306846618652,-9.605622291564941,-9.558292388916016,-9.511970520019531,-9.464646339416504,-9.425674438476562,-9.402199745178223,-9.37912654876709,-9.340066909790039,-9.297050476074219,-9.254377365112305,-9.207212448120117,-9.163980484008789,-9.12191104888916,-9.074060440063477,-9.031351089477539,-8.988760948181152,-8.945371627807617,-8.902355194091797,-8.85539436340332,-8.812308311462402,-8.769723892211914,-8.726510047912598,-8.683701515197754,-8.636528015136719,-8.601556777954102,-8.578383445739746,-8.546753883361816,-8.503938674926758,-8.456788063049316,-8.410276412963867,-8.366959571838379,-8.32812786102295,-8.28892707824707,-8.24616527557373,-8.199007987976074,-8.15626049041748,-8.113445281982422,-8.07005786895752,-8.027416229248047,-7.981644630432129,-7.937349796295166,-7.894179821014404,-7.85127067565918,-7.808582782745361,-7.763866901397705,-7.716226100921631,-7.671999931335449,-7.628839015960693,-7.585602283477783,-7.542773246765137,-7.499892234802246,-7.456943988800049,-7.413842678070068,-7.369280815124512,-7.3240861892700195,-7.281506538391113,-7.238173484802246,-7.195008754730225,-7.15052604675293,-7.1053385734558105,-7.062429428100586,-7.019310474395752,-6.9764485359191895,-6.931737899780273,-6.886687755584717,-6.843569278717041,-6.798870086669922,-6.753758430480957,-6.710901737213135,-6.667842388153076,-6.624979019165039,-6.580192565917969,-6.535223960876465,-6.492193222045898,-6.44907808303833,-6.404346942901611,-6.359166622161865,-6.316243648529053,-6.273334980010986,-6.230379581451416,-6.185683250427246,-6.138582706451416,-6.093703746795654,-6.050694465637207,-6.00762414932251,-5.964766502380371,-5.921785831451416,-5.878833293914795,-5.835951805114746,-5.793154239654541,-5.7481689453125,-5.70304536819458,-5.660233974456787,-5.615482807159424,-5.570182800292969,-5.527063369750977,-5.4826741218566895,-5.437516689300537,-5.394266605377197,-5.351398944854736,-5.308617115020752,-5.265641212463379,-5.222464561462402,-5.17782735824585,-5.130774974822998,-5.085744380950928,-5.042753219604492,-4.999985218048096,-4.956857204437256,-4.91384220123291,-4.870828628540039,-4.829937934875488,-4.79290771484375,-4.7537617683410645,-4.7146830558776855,-4.679652214050293,-4.642589092254639,-4.601263999938965,-4.55846643447876,-4.51570987701416,-4.470412254333496,-4.425549507141113,-4.382606029510498,-4.339779853820801,-4.296797752380371,-4.253946781158447,-4.21088981628418,-4.167931079864502,-4.124895095825195,-4.0820393562316895,-4.039056301116943,-3.995579242706299,-3.954073190689087,-3.9169631004333496,-3.8828580379486084,-3.8476226329803467,-3.8097872734069824,-3.7705273628234863,-3.7295825481414795,-3.6866040229797363,-3.6436808109283447,-3.6016438007354736,-3.5615768432617188,-3.523550033569336,-3.4884533882141113,-3.4541869163513184,-3.4170327186584473,-3.3780505657196045,-3.3370351791381836,-3.293257236480713,-3.249089002609253,-3.2053465843200684,-3.1601717472076416,-3.116455078125,-3.0735890865325928,-3.0305912494659424,-2.9867594242095947,-2.942573308944702,-2.89847469329834,-2.854663848876953,-2.8109118938446045,-2.7672410011291504,-2.723989248275757,-2.6799988746643066,-2.6360721588134766,-2.5919201374053955,-2.546637773513794,-2.5027246475219727,-2.45997953414917,-2.4160385131835938,-2.3721301555633545,-2.328054428100586,-2.284453868865967,-2.240272045135498,-2.1953206062316895,-2.149775505065918,-2.104790687561035,-2.0623562335968018,-2.028015613555908,-2.0010464191436768,-1.9488037824630737,-1.8991594314575195,-1.8497841358184814,-1.802981972694397,-1.7576960325241089,-1.7136472463607788,-1.6716594696044922,-1.6288491487503052,-1.5838649272918701,-1.5403443574905396,-1.496472716331482,-1.453430414199829,-1.4082732200622559,-1.3652030229568481,-1.3216183185577393,-1.2782580852508545,-1.2328218221664429,-1.1899913549423218,-1.1453673839569092,-1.1014533042907715,-1.0578047037124634,-1.0142555236816406,-0.9694985747337341,-0.9268983602523804,-0.8829495310783386,-0.8414363265037537,-0.8002467155456543,-0.757007360458374,-0.7116926312446594,-0.6700512766838074,-0.6270028352737427,-0.5744520425796509,-0.5295681953430176,-0.4869718551635742,-0.4459803104400635,-0.40171992778778076,-0.3545110523700714,-0.3100363612174988,-0.2667042016983032,-0.22458645701408386,-0.18309125304222107,-0.1399579793214798,-0.10002494603395462,-0.06016451120376587,-0.012826619669795036,0.035102859139442444,0.09125981479883194,0.1242045983672142,0.16097711026668549,0.2064749002456665,0.25674253702163696,0.3002661168575287,0.3482762575149536,0.3857235014438629,0.4337058663368225,0.4813173711299896,0.5283939242362976,0.5824101567268372,0.5976547598838806,0.6479446887969971,0.6759130954742432,0.7196483612060547,0.8794993162155151,0.9124886989593506,1.0133916139602661,1.041219711303711,1.1775109767913818],"files":["scales.webp"]},"quats":{"files":["quats.webp"]},