{"version":2,"count":524569,"means":{"mins":[2.1766134669742847,2.854391646403342,-0.8055512514956532],"maxs":[2.7618422243720135,3.0245012697904676,2.7878132230139343],"files":["means_l.webp","means_u.webp"]},"scales":{"codebook":[-9.998438835144043,-9.965239524841309,-9.922476768493652,-9.886998176574707,-9.859392166137695,-9.832401275634766,-9.79726791381836,-9.757795333862305,-9.718982696533203,-9.679457664489746,-9.640131950378418,-9.601492881774902,-9.562503814697266,-9.522992134094238,-9.484345436096191,-9.44541072845459,-9.414042472839355,-9.390435218811035,-9.359709739685059,-9.320304870605469,-9.281086921691895,-9.2422456741333,-9.202890396118164,-9.163965225219727,-9.124917030334473,-9.09362506866455,-9.070124626159668,-9.042998313903809,-9.00761604309082,-8.969008445739746,-8.929769515991211,-8.886777877807617,-8.843395233154297,-8.804878234863281,-8.765939712524414,-8.72623062133789,-8.687082290649414,-8.648510932922363,-8.609349250793457,-8.570621490478516,-8.531109809875488,-8.488306999206543,-8.445135116577148,-8.405858039855957,-8.367019653320312,-8.328097343444824,-8.289071083068848,-8.249675750732422,-8.211129188537598,-8.183548927307129,-8.160160064697266,-8.129146575927734,-8.09373664855957,-8.054571151733398,-8.014512062072754,-7.972468376159668,-7.929632186889648,-7.888494491577148,-7.849693298339844,-7.810135364532471,-7.771488666534424,-7.730082035064697,-7.691033363342285,-7.660094261169434,-7.634839057922363,-7.60355806350708,-7.564494609832764,-7.523375511169434,-7.4843316078186035,-7.449194431304932,-7.414055824279785,-7.377026081085205,-7.33583402633667,-7.294853210449219,-7.256087303161621,-7.216732025146484,-7.1777424812316895,-7.138698577880859,-7.097499370574951,-7.056631565093994,-7.017636299133301,-6.976417064666748,-6.9334821701049805,-6.896444797515869,-6.867152214050293,-6.841855049133301,-6.812531471252441,-6.777277946472168,-6.740373611450195,-6.703076362609863,-6.67183256149292,-6.640565872192383,-6.609391212463379,-6.581881046295166,-6.554588794708252,-6.52323055267334,-6.487979412078857,-6.4513397216796875,-6.412121295928955,-6.371055603027344,-6.330239295959473,-6.291019439697266,-6.253727436065674,-6.218672752380371,-6.181645393371582,-6.140603065490723,-6.101452827453613,-6.06447696685791,-6.025295734405518,-5.986373424530029,-5.945195198059082,-5.904352188110352,-5.8632378578186035,-5.82421875,-5.787121772766113,-5.746044635772705,-5.70508337020874,-5.666206359863281,-5.627024173736572,-5.587741374969482,-5.548923492431641,-5.507627010345459,-5.466761112213135,-5.4316020011901855,-5.404299736022949,-5.376984596252441,-5.343844890594482,-5.306681156158447,-5.267638206481934,-5.226595878601074,-5.185604572296143,-5.148319244384766,-5.111419200897217,-5.072307586669922,-5.033207893371582,-4.992255210876465,-4.951081275939941,-4.912173271179199,-4.873253345489502,-4.832013130187988,-4.790956497192383,-4.752013206481934,-4.712918758392334,-4.67392635345459,-4.634790897369385,-4.5956645011901855,-4.556698799133301,-4.515745639801025,-4.474906921386719,-4.43772029876709,-4.402613162994385,-4.373010635375977,-4.345707893371582,-4.312533378601074,-4.275415420532227,-4.236268997192383,-4.197388648986816,-4.1583356857299805,-4.121273994445801,-4.0899434089660645,-4.0625457763671875,-4.033445835113525,-3.998703718185425,-3.9600627422332764,-3.921992063522339,-3.8858444690704346,-3.8516557216644287,-3.8211312294006348,-3.792107343673706,-3.7590837478637695,-3.7247161865234375,-3.6935346126556396,-3.6669371128082275,-3.642591953277588,-3.618196487426758,-3.5908801555633545,-3.557720899581909,-3.521916627883911,-3.4834136962890625,-3.4438703060150146,-3.4040586948394775,-3.3644330501556396,-3.324387788772583,-3.283252239227295,-3.243176221847534,-3.2045211791992188,-3.1650142669677734,-3.1261751651763916,-3.086325168609619,-3.0464272499084473,-3.007136583328247,-2.9660940170288086,-2.925400972366333,-2.8841676712036133,-2.8447561264038086,-2.80682373046875,-2.76888370513916,-2.7289538383483887,-2.6893229484558105,-2.650207996368408,-2.6093862056732178,-2.568385601043701,-2.530327081680298,-2.491103172302246,-2.451651096343994,-2.412055492401123,-2.373521327972412,-2.333692789077759,-2.2932302951812744,-2.2499516010284424,-2.2106244564056396,-2.169735908508301,-2.1323447227478027,-2.093557834625244,-2.052917718887329,-2.011444091796875,-1.9740151166915894,-1.9340758323669434,-1.8974552154541016,-1.8542633056640625,-1.812653660774231,-1.7765069007873535,-1.731247901916504,-1.6955912113189697,-1.646280288696289,-1.6212050914764404,-1.5906301736831665,-1.5491023063659668,-1.48879075050354,-1.4259263277053833,-1.3808256387710571,-1.335394024848938,-1.2241051197052002,-1.1702907085418701,-1.1460894346237183,-1.0754599571228027,-0.9798902869224548,-0.9142588376998901,-0.8291923999786377,-0.7856265902519226,-0.6589332222938538,-0.5559201240539551,-0.5139807462692261,-0.46245527267456055,-0.42063719034194946,-0.35604333877563477,-0.3022778630256653,-0.27118057012557983,-0.21872802078723907,-0.19859102368354797,-0.14089766144752502,-0.11694076657295227,-0.06674793362617493,-0.0005039572715759277,0.06603766977787018,0.13168452680110931],"files":["scales.webp"]},"quats":{"files":["quats.webp"]},