{"version":2,"count":533131,"means":{"mins":[2.9508230328235974,-3.410935149597908,-0.5224131182733001],"maxs":[3.498201123731691,-1.070409435852754,3.165462766993885],"files":["means_l.webp","means_u.webp"]},"scales":{"codebook":[-9.99837589263916,-9.963308334350586,-9.921475410461426,-9.879093170166016,-9.831999778747559,-9.78917121887207,-9.75000286102295,-9.710647583007812,-9.67158031463623,-9.631500244140625,-9.592891693115234,-9.5546293258667,-9.515084266662598,-9.47591781616211,-9.437360763549805,-9.398563385009766,-9.358302116394043,-9.317049980163574,-9.273195266723633,-9.233911514282227,-9.194953918457031,-9.155962944030762,-9.116555213928223,-9.078550338745117,-9.035417556762695,-8.992058753967285,-8.952808380126953,-8.910338401794434,-8.866954803466797,-8.827652931213379,-8.788980484008789,-8.749985694885254,-8.710633277893066,-8.671426773071289,-8.632482528686523,-8.593616485595703,-8.554929733276367,-8.515359878540039,-8.472733497619629,-8.429320335388184,-8.390729904174805,-8.35125732421875,-8.308639526367188,-8.265522003173828,-8.226078987121582,-8.1876802444458,-8.148517608642578,-8.109519958496094,-8.070441246032715,-8.031466484069824,-7.990746021270752,-7.949334144592285,-7.908452987670898,-7.869146347045898,-7.828178882598877,-7.787211894989014,-7.747799873352051,-7.70920991897583,-7.667680740356445,-7.62509822845459,-7.582021713256836,-7.540952205657959,-7.50195837020874,-7.460753440856934,-7.419793128967285,-7.382645130157471,-7.345856189727783,-7.304361820220947,-7.263592720031738,-7.224842548370361,-7.1832685470581055,-7.140495300292969,-7.099551200866699,-7.0623579025268555,-7.025407314300537,-6.984360218048096,-6.943248748779297,-6.904397964477539,-6.863221645355225,-6.8224287033081055,-6.781219482421875,-6.738087177276611,-6.69891881942749,-6.662149906158447,-6.62093448638916,-6.578115940093994,-6.536980628967285,-6.499864101409912,-6.462926387786865,-6.42184591293335,-6.3808770179748535,-6.339589595794678,-6.29680061340332,-6.253788948059082,-6.212934970855713,-6.1716132164001465,-6.1287736892700195,-6.089852333068848,-6.054717063903809,-6.017603397369385,-5.976489067077637,-5.933586120605469,-5.892590522766113,-5.855359077453613,-5.818413734436035,-5.779390811920166,-5.737954616546631,-5.695160865783691,-5.652211666107178,-5.6110734939575195,-5.572265625,-5.53510046005249,-5.498120307922363,-5.4570136070251465,-5.415939807891846,-5.376977920532227,-5.335761070251465,-5.294795036315918,-5.255930423736572,-5.214674472808838,-5.173887729644775,-5.134738445281982,-5.095788955688477,-5.054715633392334,-5.013641357421875,-4.97468376159668,-4.933498859405518,-4.892446041107178,-4.8536505699157715,-4.812405586242676,-4.771592140197754,-4.730462551116943,-4.69137716293335,-4.654390335083008,-4.613332271575928,-4.57230806350708,-4.533266544342041,-4.492361545562744,-4.451114654541016,-4.412234783172607,-4.373144626617432,-4.3320794105529785,-4.291144847869873,-4.252010822296143,-4.211165904998779,-4.17002010345459,-4.128901481628418,-4.0879926681518555,-4.0488128662109375,-4.010261535644531,-3.9705777168273926,-3.929589033126831,-3.888625383377075,-3.8488056659698486,-3.809694290161133,-3.7696316242218018,-3.729520082473755,-3.6895124912261963,-3.649528980255127,-3.60949969291687,-3.5684919357299805,-3.5272529125213623,-3.4873268604278564,-3.4471254348754883,-3.4074623584747314,-3.3671302795410156,-3.3272480964660645,-3.287250280380249,-3.247126340866089,-3.2070534229278564,-3.165971040725708,-3.1262238025665283,-3.086146354675293,-3.0446224212646484,-3.0049147605895996,-2.966010808944702,-2.9257168769836426,-2.885923385620117,-2.845716714859009,-2.8047783374786377,-2.7646846771240234,-2.7247965335845947,-2.684701442718506,-2.644517421722412,-2.604705810546875,-2.564889430999756,-2.5238542556762695,-2.48364520072937,-2.4432015419006348,-2.4034576416015625,-2.363576889038086,-2.322324752807617,-2.282465934753418,-2.242325782775879,-2.2023427486419678,-2.1625969409942627,-2.1224138736724854,-2.0823686122894287,-2.0410091876983643,-2.0013580322265625,-1.9606871604919434,-1.921089768409729,-1.8813226222991943,-1.8412842750549316,-1.801266074180603,-1.760707139968872,-1.720869541168213,-1.6801073551177979,-1.639963150024414,-1.601822853088379,-1.5628944635391235,-1.523449420928955,-1.4818874597549438,-1.4405043125152588,-1.3997541666030884,-1.3605824708938599,-1.3234975337982178,-1.2820619344711304,-1.2395424842834473,-1.1999311447143555,-1.1576162576675415,-1.1170579195022583,-1.0772627592086792,-1.0372569561004639,-0.9957584738731384,-0.9552891850471497,-0.9145194888114929,-0.8755369186401367,-0.8374584317207336,-0.7988743185997009,-0.7589924335479736,-0.7207526564598083,-0.6801397204399109,-0.640951931476593,-0.6007523536682129,-0.5619620680809021,-0.5185669660568237,-0.4763979911804199,-0.43962371349334717,-0.40141618251800537,-0.3561127781867981,-0.31894803047180176,-0.276393324136734,-0.23896650969982147,-0.19057919085025787,-0.14984193444252014,-0.11271415650844574,-0.07306503504514694,-0.030268074944615364,0.012850573286414146,0.04411481320858002,0.0919739380478859,0.13094352185726166,0.16117198765277863,0.2069903463125229,0.24909088015556335],"files":["scales.webp"]},"quats":{"files":["quats.webp"]},