{"version":2,"count":532375,"means":{"mins":[2.9508218358476377,-4.94131855686828,-1.18396319254766],"maxs":[4.670610428672167,-3.411010575447062,3.380503041447955],"files":["means_l.webp","means_u.webp"]},"scales":{"codebook":[-9.99892520904541,-9.95067024230957,-9.90310001373291,-9.863999366760254,-9.812922477722168,-9.760682106018066,-9.717876434326172,-9.679180145263672,-9.64216136932373,-9.597663879394531,-9.550308227539062,-9.507285118103027,-9.457493782043457,-9.40803050994873,-9.365179061889648,-9.326717376708984,-9.28659725189209,-9.238483428955078,-9.19162654876709,-9.143667221069336,-9.100135803222656,-9.061407089233398,-9.019888877868652,-8.971877098083496,-8.926572799682617,-8.878658294677734,-8.83532428741455,-8.795249938964844,-8.754255294799805,-8.707257270812988,-8.663240432739258,-8.621293067932129,-8.57446575164795,-8.53066635131836,-8.488288879394531,-8.436444282531738,-8.386155128479004,-8.340048789978027,-8.296805381774902,-8.257204055786133,-8.218785285949707,-8.176017761230469,-8.128161430358887,-8.085814476013184,-8.043018341064453,-7.997472286224365,-7.95326566696167,-7.90831184387207,-7.86320686340332,-7.818502426147461,-7.773125171661377,-7.730249881744385,-7.685695648193359,-7.640663146972656,-7.5975165367126465,-7.552886962890625,-7.50715970993042,-7.462922096252441,-7.416158199310303,-7.371034145355225,-7.327306747436523,-7.284550189971924,-7.242032051086426,-7.19943904876709,-7.154491424560547,-7.106664180755615,-7.0621562004089355,-7.019010066986084,-6.976637363433838,-6.9335832595825195,-6.888875484466553,-6.841545104980469,-6.796367168426514,-6.753915309906006,-6.709350109100342,-6.659903049468994,-6.611303329467773,-6.564367294311523,-6.519475936889648,-6.476133346557617,-6.433472156524658,-6.390425682067871,-6.345897197723389,-6.300563812255859,-6.257611274719238,-6.214332103729248,-6.171710014343262,-6.128647804260254,-6.084176540374756,-6.037108421325684,-5.991954326629639,-5.949065208435059,-5.906223773956299,-5.863193988800049,-5.819983959197998,-5.775627136230469,-5.7282633781433105,-5.683539867401123,-5.640542984008789,-5.597496032714844,-5.5545735359191895,-5.50980806350708,-5.464576721191406,-5.420005798339844,-5.370894908905029,-5.324183464050293,-5.281216144561768,-5.238187789916992,-5.195110321044922,-5.152263164520264,-5.1093010902404785,-5.0663743019104,-5.021623134613037,-4.9764909744262695,-4.933661460876465,-4.888679504394531,-4.839505195617676,-4.79287576675415,-4.749941825866699,-4.706930160522461,-4.6621503829956055,-4.615162372589111,-4.570218563079834,-4.527357578277588,-4.4841413497924805,-4.4413251876831055,-4.396691799163818,-4.349422931671143,-4.304441928863525,-4.261569976806641,-4.216802597045898,-4.171800136566162,-4.128929615020752,-4.0857696533203125,-4.042771816253662,-3.999454975128174,-3.9550602436065674,-3.9100053310394287,-3.8662514686584473,-3.8221943378448486,-3.777113199234009,-3.7323200702667236,-3.6874337196350098,-3.6425302028656006,-3.598651647567749,-3.5545804500579834,-3.5097885131835938,-3.4658758640289307,-3.421891212463379,-3.37796950340271,-3.3340086936950684,-3.2890214920043945,-3.2440853118896484,-3.1991803646087646,-3.15425705909729,-3.109254837036133,-3.065504789352417,-3.0215420722961426,-2.9776113033294678,-2.933542013168335,-2.8887429237365723,-2.843702554702759,-2.7999212741851807,-2.7558746337890625,-2.7109830379486084,-2.6660265922546387,-2.6221463680267334,-2.5783751010894775,-2.533355474472046,-2.4884345531463623,-2.444526433944702,-2.4003682136535645,-2.355741500854492,-2.3106465339660645,-2.266895055770874,-2.2228713035583496,-2.177985668182373,-2.1332104206085205,-2.089214563369751,-2.0452914237976074,-2.000580310821533,-1.9559038877487183,-1.9115269184112549,-1.8672759532928467,-1.82253098487854,-1.7782255411148071,-1.7338308095932007,-1.689504623413086,-1.64449143409729,-1.600385069847107,-1.555986762046814,-1.511482834815979,-1.4670026302337646,-1.4224543571472168,-1.3775171041488647,-1.333586573600769,-1.2885820865631104,-1.2451622486114502,-1.2002860307693481,-1.1560643911361694,-1.111634373664856,-1.067104458808899,-1.0225131511688232,-0.978651762008667,-0.9352811574935913,-0.890244722366333,-0.8462126851081848,-0.8011505007743835,-0.7575350403785706,-0.7121241092681885,-0.6676883697509766,-0.6242506504058838,-0.5811022520065308,-0.5377203822135925,-0.4953552484512329,-0.4496016204357147,-0.4018252193927765,-0.35858508944511414,-0.31403160095214844,-0.26565149426460266,-0.2204999178647995,-0.17818409204483032,-0.13393042981624603,-0.09075375646352768,-0.04376775398850441,0.00039820323581807315,0.04339747503399849,0.08642151206731796,0.12866683304309845,0.17177967727184296,0.2166489064693451,0.2607775330543518,0.302033007144928,0.34841597080230713,0.3959406912326813,0.44209781289100647,0.4726833999156952,0.5116685032844543,0.5607020854949951,0.6187748312950134,0.6753129363059998,0.714059591293335,0.7568835616111755,0.7905198335647583,0.8461214900016785,0.8742295503616333,0.9331392049789429,0.9767425060272217,1.0244934558868408,1.0814487934112549,1.1200593709945679,1.1542816162109375,1.201298475265503,1.2447707653045654,1.2906125783920288,1.333040475845337],"files":["scales.webp"]},"quats":{"files":["quats.webp"]},