{"version":2,"count":564145,"means":{"mins":[2.176616333488635,-3.411005287008709,-1.167571378320898],"maxs":[5.027898649534302,1.5335254946553718,3.098450742737332],"files":["means_l.webp","means_u.webp"]},"scales":{"codebook":[-9.998351097106934,-9.96212100982666,-9.915007591247559,-9.871206283569336,-9.824247360229492,-9.781006813049316,-9.741857528686523,-9.699286460876465,-9.652312278747559,-9.609248161315918,-9.570676803588867,-9.527499198913574,-9.48435115814209,-9.441544532775879,-9.394670486450195,-9.351144790649414,-9.309059143066406,-9.265512466430664,-9.226325988769531,-9.1836519241333,-9.136608123779297,-9.093645095825195,-9.050862312316895,-9.007586479187012,-8.96927261352539,-8.925868034362793,-8.883241653442383,-8.840386390686035,-8.793210983276367,-8.749939918518066,-8.711010932922363,-8.668182373046875,-8.621328353881836,-8.573986053466797,-8.531183242797852,-8.492074966430664,-8.449545860290527,-8.40261173248291,-8.359374046325684,-8.32007884979248,-8.281298637390137,-8.238508224487305,-8.19513988494873,-8.15235710144043,-8.10935115814209,-8.066476821899414,-8.023528099060059,-7.98193359375,-7.93710994720459,-7.894649982452393,-7.851319789886475,-7.808651447296143,-7.7652740478515625,-7.722245216369629,-7.679844379425049,-7.63664436340332,-7.593774318695068,-7.5503973960876465,-7.507620334625244,-7.465012073516846,-7.422265529632568,-7.378847599029541,-7.3357110023498535,-7.293071269989014,-7.2499799728393555,-7.2111077308654785,-7.175683975219727,-7.138359546661377,-7.101478576660156,-7.066397666931152,-7.029299736022949,-6.988260269165039,-6.94729471206665,-6.906515121459961,-6.863473415374756,-6.820790767669678,-6.777215957641602,-6.734463214874268,-6.691607475280762,-6.648528575897217,-6.60532283782959,-6.562361717224121,-6.51936149597168,-6.476275444030762,-6.433184623718262,-6.3904595375061035,-6.34735107421875,-6.304527759552002,-6.261387825012207,-6.218621730804443,-6.175599098205566,-6.132541179656982,-6.093707084655762,-6.058533668518066,-6.023312568664551,-5.988101005554199,-5.953042984008789,-5.916019916534424,-5.874998092651367,-5.8319878578186035,-5.789032459259033,-5.746034145355225,-5.70306396484375,-5.660261154174805,-5.6172895431518555,-5.574184894561768,-5.531240463256836,-5.488178730010986,-5.445335388183594,-5.402360916137695,-5.359430313110352,-5.3163580894470215,-5.27336311340332,-5.230579853057861,-5.187520980834961,-5.144613742828369,-5.101531505584717,-5.058528423309326,-5.015655994415283,-4.972503662109375,-4.929712772369385,-4.886743068695068,-4.8436479568481445,-4.800722122192383,-4.7576775550842285,-4.714725494384766,-4.6718316078186035,-4.629012584686279,-4.585849761962891,-4.542862415313721,-4.499907493591309,-4.4569807052612305,-4.414038181304932,-4.371110439300537,-4.328103542327881,-4.285090923309326,-4.2421393394470215,-4.199217319488525,-4.156177997589111,-4.113259315490723,-4.070166110992432,-4.029390811920166,-3.9869325160980225,-3.9425525665283203,-3.8983817100524902,-3.855355739593506,-3.814633369445801,-3.7754321098327637,-3.7402665615081787,-3.7080893516540527,-3.67287278175354,-3.634685516357422,-3.5969324111938477,-3.55672287940979,-3.516664743423462,-3.479465961456299,-3.446497678756714,-3.414039373397827,-3.379969835281372,-3.3438045978546143,-3.308558940887451,-3.277345657348633,-3.2452402114868164,-3.2080438137054443,-3.1679680347442627,-3.126051425933838,-3.0832512378692627,-3.0401132106781006,-2.997053861618042,-2.954254388809204,-2.911454916000366,-2.868276834487915,-2.82535982131958,-2.782437324523926,-2.7395427227020264,-2.696495532989502,-2.6533148288726807,-2.61067533493042,-2.5677130222320557,-2.5246376991271973,-2.481923818588257,-2.4387705326080322,-2.395536184310913,-2.352872848510742,-2.3099427223205566,-2.2664568424224854,-2.2241668701171875,-2.180758476257324,-2.1380157470703125,-2.09477162361145,-2.0513269901275635,-2.0101845264434814,-1.9677780866622925,-1.924618124961853,-1.8819564580917358,-1.8380610942840576,-1.794886589050293,-1.7530642747879028,-1.7117201089859009,-1.669291377067566,-1.6262645721435547,-1.5830270051956177,-1.539932370185852,-1.4952480792999268,-1.4519762992858887,-1.4089927673339844,-1.3664109706878662,-1.324861764907837,-1.2845215797424316,-1.2411274909973145,-1.1960440874099731,-1.1514731645584106,-1.1082433462142944,-1.0655136108398438,-1.022805094718933,-0.9809174537658691,-0.9399768114089966,-0.9015490412712097,-0.852460503578186,-0.8097290396690369,-0.7653451561927795,-0.7212402820587158,-0.6785838007926941,-0.6325715184211731,-0.590225338935852,-0.5480205416679382,-0.5032051801681519,-0.4588877856731415,-0.4157039225101471,-0.3758365511894226,-0.3387276232242584,-0.30381450057029724,-0.2589534521102905,-0.21663892269134521,-0.16875934600830078,-0.12250588834285736,-0.08337602019309998,-0.034547097980976105,0.007224437780678272,0.049204304814338684,0.08812043070793152,0.13756325840950012,0.18672871589660645,0.22403916716575623,0.25830239057540894,0.304269015789032,0.34060239791870117,0.36956602334976196,0.43164753913879395,0.4596604108810425,0.5180427432060242,0.6065707802772522,0.6478683948516846,0.7083455324172974,0.823236346244812,0.9479172229766846],"files":["scales.webp"]},"quats":{"files":["quats.webp"]},