{"version":2,"count":655166,"means":{"mins":[2.1766128720363143,-3.6614352853383454,-0.38905547982429317],"maxs":[2.9508178459174235,-2.104031024194392,3.1716725852244023],"files":["means_l.webp","means_u.webp"]},"scales":{"codebook":[-9.998294830322266,-9.964889526367188,-9.91983413696289,-9.874640464782715,-9.840167045593262,-9.812822341918945,-9.780901908874512,-9.746139526367188,-9.710575103759766,-9.671783447265625,-9.629342079162598,-9.585704803466797,-9.546688079833984,-9.507771492004395,-9.4688081741333,-9.429624557495117,-9.390645027160645,-9.351102828979492,-9.31229019165039,-9.27359390258789,-9.234249114990234,-9.19143009185791,-9.148311614990234,-9.109036445617676,-9.070704460144043,-9.031328201293945,-8.988293647766113,-8.945157051086426,-8.90631103515625,-8.866880416870117,-8.8280668258667,-8.785332679748535,-8.741973876953125,-8.702803611755371,-8.664094924926758,-8.621116638183594,-8.577924728393555,-8.539053916931152,-8.499937057495117,-8.460905075073242,-8.421731948852539,-8.382638931274414,-8.343793869018555,-8.304669380187988,-8.261740684509277,-8.21860408782959,-8.179590225219727,-8.140466690063477,-8.10143756866455,-8.062454223632812,-8.023118019104004,-7.981330871582031,-7.937283992767334,-7.894443511962891,-7.851458549499512,-7.80844783782959,-7.765457630157471,-7.722572326660156,-7.683557510375977,-7.648301124572754,-7.615059852600098,-7.587911605834961,-7.556652069091797,-7.519298553466797,-7.484307765960693,-7.448978424072266,-7.4121198654174805,-7.373212814331055,-7.331845760345459,-7.29082727432251,-7.252020835876465,-7.2107462882995605,-7.169944763183594,-7.128950595855713,-7.085843086242676,-7.046722888946533,-7.009835243225098,-6.9688215255737305,-6.927706241607666,-6.8888421058654785,-6.847684860229492,-6.8044939041137695,-6.7637176513671875,-6.724515438079834,-6.685547351837158,-6.644475936889648,-6.603630542755127,-6.5624284744262695,-6.519449710845947,-6.480296611785889,-6.4433794021606445,-6.402376174926758,-6.3613409996032715,-6.320346832275391,-6.277258396148682,-6.238323211669922,-6.2012104988098145,-6.160003662109375,-6.119232177734375,-6.078013896942139,-6.037254333496094,-5.998051166534424,-5.959081649780273,-5.9178466796875,-5.8770976066589355,-5.835818290710449,-5.794872760772705,-5.756120681762695,-5.716827392578125,-5.675675392150879,-5.634915351867676,-5.595820426940918,-5.554704666137695,-5.511677265167236,-5.468743324279785,-5.429601192474365,-5.392615795135498,-5.351692199707031,-5.310597896575928,-5.269453525543213,-5.228584289550781,-5.1874260902404785,-5.144519329071045,-5.105429172515869,-5.068366050720215,-5.027163505554199,-4.986363410949707,-4.947291374206543,-4.906060695648193,-4.8652825355529785,-4.826293468475342,-4.787112712860107,-4.745936393737793,-4.703041076660156,-4.662155628204346,-4.621044635772705,-4.582056045532227,-4.544936656951904,-4.503698825836182,-4.4629597663879395,-4.421868801116943,-4.380958557128906,-4.341696262359619,-4.302854061126709,-4.261926174163818,-4.218776702880859,-4.17768669128418,-4.1387176513671875,-4.097562313079834,-4.056650161743164,-4.018238067626953,-3.9796226024627686,-3.9395740032196045,-3.898499011993408,-3.8573954105377197,-3.817448139190674,-3.777324914932251,-3.736375570297241,-3.6963398456573486,-3.6563522815704346,-3.61518931388855,-3.574202060699463,-3.534229278564453,-3.494239568710327,-3.454230546951294,-3.4142329692840576,-3.3729870319366455,-3.331927537918091,-3.29203200340271,-3.2518820762634277,-3.2111318111419678,-3.1698851585388184,-3.1288869380950928,-3.0889835357666016,-3.0500192642211914,-3.0099267959594727,-2.968778133392334,-2.928917169570923,-2.8890013694763184,-2.847745180130005,-2.80771803855896,-2.7675838470458984,-2.7267701625823975,-2.6866400241851807,-2.646678924560547,-2.6054742336273193,-2.5644142627716064,-2.5245625972747803,-2.484575033187866,-2.443554639816284,-2.403536081314087,-2.363196849822998,-2.3223447799682617,-2.282376766204834,-2.242161512374878,-2.2015109062194824,-2.161510467529297,-2.1209940910339355,-2.079697370529175,-2.0403764247894287,-2.0024774074554443,-1.960837960243225,-1.9202148914337158,-1.8785269260406494,-1.838227391242981,-1.7984281778335571,-1.7581307888031006,-1.717065691947937,-1.6768335103988647,-1.6359530687332153,-1.595296025276184,-1.5550819635391235,-1.5152088403701782,-1.4748198986053467,-1.4337828159332275,-1.3937621116638184,-1.35463547706604,-1.311334252357483,-1.2702906131744385,-1.2332326173782349,-1.1928592920303345,-1.1508034467697144,-1.1113554239273071,-1.0714092254638672,-1.027397632598877,-0.988285481929779,-0.9453344345092773,-0.9047379493713379,-0.8651138544082642,-0.8225284814834595,-0.7810521125793457,-0.739669144153595,-0.6963922381401062,-0.6543108820915222,-0.619911789894104,-0.5824803709983826,-0.5423607230186462,-0.5047407150268555,-0.4723246991634369,-0.42440298199653625,-0.37793952226638794,-0.3336508870124817,-0.2922424077987671,-0.2563762962818146,-0.22245736420154572,-0.1805267035961151,-0.14261871576309204,-0.1102990061044693,-0.0735207349061966,-0.0338951013982296,0.005400214809924364,0.07014278322458267,0.10506417602300644,0.1378505527973175,0.22482800483703613,0.3034990429878235],"files":["scales.webp"]},"quats":{"files":["quats.webp"]},