{"version":2,"count":527289,"means":{"mins":[2.1766166039140926,-3.41100497221983,-1.1678747169542294],"maxs":[5.027897649691678,2.567880686539962,3.058817352576875],"files":["means_l.webp","means_u.webp"]},"scales":{"codebook":[-9.998809814453125,-9.98136043548584,-9.956405639648438,-9.911670684814453,-9.867907524108887,-9.824788093566895,-9.78134822845459,-9.738492965698242,-9.695579528808594,-9.65242862701416,-9.605939865112305,-9.55871295928955,-9.515507698059082,-9.476573944091797,-9.433808326721191,-9.39016056060791,-9.351346015930176,-9.308815002441406,-9.261734008789062,-9.218746185302734,-9.1759672164917,-9.132701873779297,-9.09334659576416,-9.050926208496094,-9.007795333862305,-8.965032577514648,-8.918096542358398,-8.871315956115723,-8.824106216430664,-8.781233787536621,-8.741697311401367,-8.69926929473877,-8.655770301818848,-8.616897583007812,-8.57421875,-8.53115177154541,-8.488415718078613,-8.445185661315918,-8.402555465698242,-8.359455108642578,-8.3167085647583,-8.269547462463379,-8.226644515991211,-8.187419891357422,-8.144723892211914,-8.097350120544434,-8.054251670837402,-8.014638900756836,-7.9768266677856445,-7.941503524780273,-7.910282611846924,-7.878688812255859,-7.84220552444458,-7.800666809082031,-7.757967472076416,-7.715037822723389,-7.672009468078613,-7.628839492797852,-7.5857253074646,-7.542842388153076,-7.5001912117004395,-7.456904888153076,-7.413989067077637,-7.371338844299316,-7.3278632164001465,-7.283419132232666,-7.2384490966796875,-7.195165157318115,-7.152280330657959,-7.10908842086792,-7.066421031951904,-7.023160934448242,-6.980294704437256,-6.937556743621826,-6.894464015960693,-6.851346492767334,-6.808152675628662,-6.765718936920166,-6.722682952880859,-6.679571628570557,-6.63657283782959,-6.593531131744385,-6.5503621101379395,-6.507824897766113,-6.464585781097412,-6.421634674072266,-6.377119064331055,-6.331813335418701,-6.288997173309326,-6.245778560638428,-6.2025651931762695,-6.15988826751709,-6.116754055023193,-6.07368803024292,-6.031193256378174,-5.988312244415283,-5.94533109664917,-5.902268409729004,-5.859038352966309,-5.816525936126709,-5.773266792297363,-5.730401039123535,-5.68730354309082,-5.644688606262207,-5.601459503173828,-5.558615207672119,-5.515563488006592,-5.470729351043701,-5.42581844329834,-5.382574081420898,-5.339815139770508,-5.296790599822998,-5.253862380981445,-5.210969924926758,-5.167835235595703,-5.125003337860107,-5.082005977630615,-5.039005279541016,-4.9960455894470215,-4.953060626983643,-4.91018009185791,-4.867222309112549,-4.824365615844727,-4.781313419342041,-4.738214015960693,-4.695250034332275,-4.652205944061279,-4.609379768371582,-4.5663580894470215,-4.523380279541016,-4.480433940887451,-4.439445972442627,-4.402335166931152,-4.371100902557373,-4.341827392578125,-4.306641578674316,-4.265534400939941,-4.222750186920166,-4.179625988006592,-4.138449668884277,-4.101630210876465,-4.06827974319458,-4.0351338386535645,-3.9975767135620117,-3.958008050918579,-3.9181175231933594,-3.8760688304901123,-3.8330698013305664,-3.789963722229004,-3.7471680641174316,-3.704235553741455,-3.6601955890655518,-3.616497278213501,-3.573362350463867,-3.5303075313568115,-3.487457036972046,-3.4445273876190186,-3.401686191558838,-3.3584353923797607,-3.315784454345703,-3.272813081741333,-3.2296810150146484,-3.1866374015808105,-3.142792224884033,-3.0989177227020264,-3.0559847354888916,-3.0126917362213135,-2.969919204711914,-2.9267001152038574,-2.883997917175293,-2.8411264419555664,-2.798043966293335,-2.75508975982666,-2.712252140045166,-2.669018030166626,-2.6261143684387207,-2.581987142562866,-2.5381808280944824,-2.495227813720703,-2.452327013015747,-2.410566568374634,-2.3703932762145996,-2.33225154876709,-2.296896457672119,-2.264827013015747,-2.230717658996582,-2.1926169395446777,-2.151642084121704,-2.108924150466919,-2.064791679382324,-2.025178909301758,-1.990404486656189,-1.9414066076278687,-1.8948169946670532,-1.8498057126998901,-1.8060641288757324,-1.7638331651687622,-1.7210506200790405,-1.6781001091003418,-1.6349716186523438,-1.5910592079162598,-1.5472568273544312,-1.5050990581512451,-1.4618170261383057,-1.418505072593689,-1.3754026889801025,-1.3334523439407349,-1.2899943590164185,-1.2461109161376953,-1.2019823789596558,-1.1598761081695557,-1.117404580116272,-1.0753378868103027,-1.030591607093811,-0.9886250495910645,-0.9437170028686523,-0.8992201685905457,-0.8568871021270752,-0.8125547170639038,-0.7709001898765564,-0.7264595031738281,-0.6821814179420471,-0.6382566690444946,-0.5967682600021362,-0.5553109049797058,-0.5143749713897705,-0.4765172302722931,-0.43288326263427734,-0.3947030007839203,-0.34866198897361755,-0.3068910837173462,-0.2565120458602905,-0.2183448076248169,-0.1714794933795929,-0.1272425800561905,-0.07390947639942169,-0.03499643877148628,0.0020147133618593216,0.040745753794908524,0.09055420756340027,0.13149259984493256,0.17968331277370453,0.2257225513458252,0.26296868920326233,0.29846346378326416,0.3511066734790802,0.3958684206008911,0.428809255361557,0.4778904914855957,0.5353468656539917,0.6206935048103333,0.7434265613555908,0.7821992635726929,0.8260345458984375,0.8639976978302002,0.9962505102157593],"files":["scales.webp"]},"quats":{"files":["quats.webp"]},