{"version":2,"count":551515,"means":{"mins":[-3.3185280933546393,-2.760580002326782,-1.287054526422624],"maxs":[-1.9337392975825232,-1.2182431085102756,2.916136707363051],"files":["means_l.webp","means_u.webp"]},"scales":{"codebook":[-9.999307632446289,-9.95942211151123,-9.914206504821777,-9.87192440032959,-9.828353881835938,-9.788961410522461,-9.75018310546875,-9.710806846618652,-9.668024063110352,-9.625166893005371,-9.585895538330078,-9.543261528015137,-9.499892234802246,-9.461068153381348,-9.421769142150879,-9.379380226135254,-9.336249351501465,-9.297135353088379,-9.254019737243652,-9.21070384979248,-9.172186851501465,-9.129039764404297,-9.085801124572754,-9.04675006866455,-9.008011817932129,-8.965201377868652,-8.921422004699707,-8.88232135772705,-8.840060234069824,-8.796846389770508,-8.757865905761719,-8.718954086303711,-8.67590618133545,-8.632588386535645,-8.593711853027344,-8.551047325134277,-8.507855415344238,-8.468616485595703,-8.425799369812012,-8.382987022399902,-8.343754768371582,-8.305042266845703,-8.261848449707031,-8.218827247619629,-8.175934791564941,-8.133158683776855,-8.093655586242676,-8.054203033447266,-8.014716148376465,-7.97216796875,-7.9293107986450195,-7.886551856994629,-7.8458147048950195,-7.806873321533203,-7.765613555908203,-7.722546577453613,-7.681436538696289,-7.642754554748535,-7.601156711578369,-7.558422088623047,-7.515411853790283,-7.472296714782715,-7.429409027099609,-7.386556625366211,-7.345503330230713,-7.306780815124512,-7.26544189453125,-7.224418640136719,-7.185986042022705,-7.144272804260254,-7.101468086242676,-7.058549880981445,-7.015527725219727,-6.972389221191406,-6.931220054626465,-6.894224166870117,-6.857493877410889,-6.8163933753967285,-6.775516510009766,-6.734306335449219,-6.691422462463379,-6.648173809051514,-6.605076313018799,-6.562118053436279,-6.519124984741211,-6.480336666107178,-6.443488121032715,-6.402353286743164,-6.35907506942749,-6.3164262771606445,-6.275485992431641,-6.236414909362793,-6.195146083831787,-6.15434455871582,-6.113168716430664,-6.069952964782715,-6.027183532714844,-5.984297275543213,-5.943222999572754,-5.904513359069824,-5.863089561462402,-5.822269439697266,-5.781139373779297,-5.738210201263428,-5.695301532745361,-5.652059078216553,-5.6091742515563965,-5.566187858581543,-5.527305603027344,-5.490240573883057,-5.449021816253662,-5.40824556350708,-5.367163181304932,-5.324110507965088,-5.283215045928955,-5.241973400115967,-5.201233863830566,-5.1599931716918945,-5.119147300720215,-5.0779595375061035,-5.037143230438232,-4.995965003967285,-4.95292329788208,-4.910121440887451,-4.869009494781494,-4.8302001953125,-4.788973331451416,-4.748078346252441,-4.706809997558594,-4.6640119552612305,-4.623047351837158,-4.587846279144287,-4.560530185699463,-4.537189960479736,-4.513796806335449,-4.484399318695068,-4.44918966293335,-4.412204265594482,-4.370960235595703,-4.331974983215332,-4.295034408569336,-4.254005432128906,-4.210925579071045,-4.1698760986328125,-4.138625621795654,-4.119225978851318,-4.09971809387207,-4.07235860824585,-4.039089202880859,-4.002472877502441,-3.9639017581939697,-3.9230339527130127,-3.880753755569458,-3.8399405479431152,-3.7989704608917236,-3.757866621017456,-3.716857433319092,-3.674912214279175,-3.632999897003174,-3.594658374786377,-3.5615036487579346,-3.5323100090026855,-3.5012624263763428,-3.4639551639556885,-3.4251708984375,-3.3848519325256348,-3.3438332080841064,-3.303708791732788,-3.2677247524261475,-3.2345311641693115,-3.2031006813049316,-3.1710801124572754,-3.1340878009796143,-3.0949196815490723,-3.05496883392334,-3.0137293338775635,-2.9728331565856934,-2.930887222290039,-2.888899564743042,-2.847787380218506,-2.8071134090423584,-2.7657876014709473,-2.7252585887908936,-2.682767152786255,-2.6410598754882812,-2.5996131896972656,-2.559144973754883,-2.5180492401123047,-2.4770631790161133,-2.434746503829956,-2.3930253982543945,-2.352548122406006,-2.3109068870544434,-2.2698917388916016,-2.2287774085998535,-2.186978578567505,-2.1444132328033447,-2.102942943572998,-2.0632858276367188,-2.0281784534454346,-1.9994070529937744,-1.9504783153533936,-1.9042421579360962,-1.8601831197738647,-1.8167388439178467,-1.7768700122833252,-1.7326536178588867,-1.689713478088379,-1.6496044397354126,-1.6078094244003296,-1.5682976245880127,-1.5267130136489868,-1.4815864562988281,-1.445988655090332,-1.4015308618545532,-1.3617914915084839,-1.3139560222625732,-1.273017406463623,-1.240510106086731,-1.2063888311386108,-1.1685149669647217,-1.1165857315063477,-1.0673118829727173,-1.027285099029541,-0.9903498888015747,-0.9440762996673584,-0.8997781276702881,-0.8650529980659485,-0.8328536748886108,-0.78328537940979,-0.7372116446495056,-0.6933359503746033,-0.6435950994491577,-0.6149139404296875,-0.59493088722229,-0.525705873966217,-0.49275684356689453,-0.42986437678337097,-0.3696657419204712,-0.33330148458480835,-0.2855129837989807,-0.24869953095912933,-0.15455494821071625,-0.10309812426567078,-0.06707990914583206,-0.04171023517847061,0.05741037428379059,0.07713162899017334,0.13788984715938568,0.20025880634784698,0.2479439079761505,0.2943415641784668,0.36270594596862793,0.4165171682834625,0.45079126954078674,0.5417884588241577],"files":["scales.webp"]},"quats":{"files":["quats.webp"]},