{"version":2,"count":453031,"means":{"mins":[3.0714354575459435,-1.0703678670833605,-1.1173135139227652],"maxs":[5.012493815811594,4.601455868464869,3.2183200979708433],"files":["means_l.webp","means_u.webp"]},"scales":{"codebook":[-9.99877643585205,-9.95205020904541,-9.902729988098145,-9.855119705200195,-9.80899429321289,-9.761613845825195,-9.715052604675293,-9.664608001708984,-9.609464645385742,-9.558745384216309,-9.515607833862305,-9.47268009185791,-9.425472259521484,-9.379583358764648,-9.327981948852539,-9.277459144592285,-9.226181030273438,-9.1790771484375,-9.1401948928833,-9.097968101501465,-9.046829223632812,-8.9961576461792,-8.949540138244629,-8.902453422546387,-8.855774879455566,-8.804610252380371,-8.761631965637207,-8.734271049499512,-8.703425407409668,-8.664085388183594,-8.621227264404297,-8.573726654052734,-8.527618408203125,-8.476275444030762,-8.429736137390137,-8.386894226074219,-8.339529037475586,-8.301267623901367,-8.265530586242676,-8.226625442504883,-8.183859825134277,-8.140339851379395,-8.097782135009766,-8.050888061523438,-8.004912376403809,-7.959082126617432,-7.909887313842773,-7.859199523925781,-7.812252521514893,-7.767700672149658,-7.720573902130127,-7.67387056350708,-7.624918460845947,-7.575858116149902,-7.529385566711426,-7.48217248916626,-7.435707092285156,-7.38649320602417,-7.337913990020752,-7.291038513183594,-7.242247581481934,-7.1953349113464355,-7.1504292488098145,-7.101496696472168,-7.050528526306152,-7.001819610595703,-6.955223560333252,-6.907797336578369,-6.863266468048096,-6.818404197692871,-6.7710065841674805,-6.724829196929932,-6.67763614654541,-6.631042003631592,-6.5821661949157715,-6.533106803894043,-6.486353874206543,-6.439302921295166,-6.394688129425049,-6.355350494384766,-6.322170257568359,-6.287140846252441,-6.247988224029541,-6.211086750030518,-6.177584171295166,-6.144364833831787,-6.109342098236084,-6.0740814208984375,-6.037143707275391,-5.995880603790283,-5.955124855041504,-5.9139628410339355,-5.8692097663879395,-5.820216178894043,-5.773133277893066,-5.734354019165039,-5.70122766494751,-5.6660003662109375,-5.628818988800049,-5.593752861022949,-5.564338684082031,-5.541049480438232,-5.51370096206665,-5.482532024383545,-5.453091621398926,-5.419971466064453,-5.378880977630615,-5.335838317871094,-5.294827461242676,-5.259640216827393,-5.2305006980896,-5.197516441345215,-5.15596866607666,-5.1113386154174805,-5.064530849456787,-5.0155134201049805,-4.964803695678711,-4.917871952056885,-4.873207092285156,-4.826300144195557,-4.779277324676514,-4.736306190490723,-4.701205253601074,-4.671862602233887,-4.644519329071045,-4.6152496337890625,-4.580282688140869,-4.53912878036499,-4.494198799133301,-4.447432518005371,-4.40032958984375,-4.353626728057861,-4.304772853851318,-4.257887840270996,-4.218918323516846,-4.187475681304932,-4.160147666931152,-4.132960796356201,-4.101698398590088,-4.0645318031311035,-4.022093772888184,-3.9747743606567383,-3.9270358085632324,-3.8788580894470215,-3.8312909603118896,-3.7843496799468994,-3.7365922927856445,-3.6874704360961914,-3.639648914337158,-3.5928547382354736,-3.5458366870880127,-3.4994595050811768,-3.4511234760284424,-3.4036056995391846,-3.3568170070648193,-3.30991268157959,-3.2618629932403564,-3.2128331661224365,-3.165959596633911,-3.1204638481140137,-3.0725741386413574,-3.0246269702911377,-2.977579355239868,-2.9300496578216553,-2.8821418285369873,-2.834028720855713,-2.786245584487915,-2.739192247390747,-2.6925714015960693,-2.6458237171173096,-2.5978493690490723,-2.5498764514923096,-2.5031638145446777,-2.455320358276367,-2.4074480533599854,-2.360407590866089,-2.313624382019043,-2.2655622959136963,-2.2179863452911377,-2.1709954738616943,-2.122847080230713,-2.0744941234588623,-2.0320358276367188,-1.9951494932174683,-1.9409657716751099,-1.8890812397003174,-1.8391995429992676,-1.791974425315857,-1.7447737455368042,-1.6963748931884766,-1.649550437927246,-1.6021047830581665,-1.5557355880737305,-1.5070302486419678,-1.4592688083648682,-1.4129009246826172,-1.3642733097076416,-1.3175312280654907,-1.2706782817840576,-1.2228751182556152,-1.176000714302063,-1.1283442974090576,-1.0801079273223877,-1.0321162939071655,-0.9838656783103943,-0.9374582767486572,-0.8896373510360718,-0.8413242101669312,-0.7934463620185852,-0.7469549775123596,-0.6986827254295349,-0.6522999405860901,-0.6050977110862732,-0.5597703456878662,-0.5129359364509583,-0.4662494957447052,-0.4201866388320923,-0.3689534664154053,-0.32372161746025085,-0.2764683663845062,-0.22703565657138824,-0.18102310597896576,-0.13113254308700562,-0.08176667243242264,-0.038085199892520905,0.008055313490331173,0.05567680299282074,0.10416749864816666,0.14643551409244537,0.19318842887878418,0.23444421589374542,0.28390491008758545,0.3382161259651184,0.38469839096069336,0.4294658601284027,0.48207324743270874,0.5290809869766235,0.581463634967804,0.625897228717804,0.6739845871925354,0.7118331789970398,0.750803530216217,0.7933394908905029,0.8594704866409302,0.9104199409484863,0.9664714336395264,1.0034472942352295,1.0758057832717896,1.1105784177780151,1.151192307472229,1.1949896812438965,1.244639277458191,1.3914904594421387,1.4429994821548462,1.6632431745529175,2.098997116088867],"files":["scales.webp"]},"quats":{"files":["quats.webp"]},