{"version":2,"count":529784,"means":{"mins":[2.176640022481367,-1.070371995425844,-1.1851560705004498],"maxs":[3.1351519956193723,3.9752675550562317,3.042494506133008],"files":["means_l.webp","means_u.webp"]},"scales":{"codebook":[-9.998167991638184,-9.962312698364258,-9.915837287902832,-9.871903419494629,-9.828697204589844,-9.789392471313477,-9.746382713317871,-9.703371047973633,-9.660425186157227,-9.617258071899414,-9.57424259185791,-9.531417846679688,-9.491899490356445,-9.449360847473145,-9.406320571899414,-9.363340377807617,-9.31640338897705,-9.273442268371582,-9.23480224609375,-9.195609092712402,-9.152830123901367,-9.105664253234863,-9.062499046325684,-9.02303695678711,-8.9842529296875,-8.94144058227539,-8.898612022399902,-8.859701156616211,-8.816486358642578,-8.773696899414062,-8.730613708496094,-8.687739372253418,-8.644856452941895,-8.598051071166992,-8.554605484008789,-8.511941909790039,-8.46873950958252,-8.429513931274414,-8.390493392944336,-8.351333618164062,-8.308595657348633,-8.265898704528809,-8.22278118133545,-8.1760892868042,-8.132739067077637,-8.093607902526855,-8.054786682128906,-8.014578819274902,-7.972461223602295,-7.929473876953125,-7.887030124664307,-7.843677997589111,-7.801021099090576,-7.757768154144287,-7.714249134063721,-7.673904895782471,-7.632674217224121,-7.589967250823975,-7.546649932861328,-7.503420829772949,-7.460768699645996,-7.420138359069824,-7.378785133361816,-7.335472106933594,-7.2924065589904785,-7.252377986907959,-7.211224555969238,-7.167768955230713,-7.1248040199279785,-7.081939220428467,-7.041522026062012,-6.999767303466797,-6.956974506378174,-6.913639545440674,-6.871188163757324,-6.827970504760742,-6.787225723266602,-6.745843887329102,-6.703210830688477,-6.659924507141113,-6.61720609664917,-6.576231956481934,-6.535218238830566,-6.49245548248291,-6.449039936065674,-6.4059343338012695,-6.363151550292969,-6.319971561431885,-6.277098178863525,-6.234279155731201,-6.191354751586914,-6.150458812713623,-6.109378814697266,-6.068446636199951,-6.026782035827637,-5.9844512939453125,-5.941239356994629,-5.898192882537842,-5.8552165031433105,-5.8123369216918945,-5.769190788269043,-5.728616237640381,-5.687652111053467,-5.6464972496032715,-5.605093955993652,-5.562366008758545,-5.51942777633667,-5.476330757141113,-5.433257102966309,-5.390374183654785,-5.347366809844971,-5.304617404937744,-5.261385440826416,-5.218484878540039,-5.175570487976074,-5.134805679321289,-5.093610763549805,-5.050694942474365,-5.0098114013671875,-4.968447685241699,-4.925595760345459,-4.882719993591309,-4.8397016525268555,-4.796744346618652,-4.755883693695068,-4.714682102203369,-4.671705722808838,-4.628821849822998,-4.588005542755127,-4.546792984008789,-4.503981590270996,-4.460782527923584,-4.4200263023376465,-4.379077434539795,-4.33590030670166,-4.293030261993408,-4.2520670890808105,-4.210910797119141,-4.167994499206543,-4.125006198883057,-4.082040786743164,-4.038957118988037,-3.9974522590637207,-3.956089735031128,-3.913126230239868,-3.8701705932617188,-3.8271358013153076,-3.785186529159546,-3.7441110610961914,-3.702169418334961,-3.660080909729004,-3.6181724071502686,-3.5752224922180176,-3.533355236053467,-3.4913535118103027,-3.448484420776367,-3.4065020084381104,-3.364323139190674,-3.321538209915161,-3.2793643474578857,-3.2375144958496094,-3.1953556537628174,-3.1563379764556885,-3.1219704151153564,-3.091933250427246,-3.0597035884857178,-3.0226352214813232,-2.982595205307007,-2.9415647983551025,-2.89963436126709,-2.8566436767578125,-2.8148534297943115,-2.772764205932617,-2.730914831161499,-2.688913345336914,-2.646237850189209,-2.6038765907287598,-2.5619521141052246,-2.518970489501953,-2.4770259857177734,-2.434882164001465,-2.39154052734375,-2.3488094806671143,-2.3065438270568848,-2.2652080059051514,-2.2217259407043457,-2.1778199672698975,-2.132467031478882,-2.087092399597168,-2.044701099395752,-2.007117509841919,-1.9693549871444702,-1.9265567064285278,-1.886958360671997,-1.8437784910202026,-1.8022044897079468,-1.7587332725524902,-1.7149338722229004,-1.6725409030914307,-1.6271065473556519,-1.589464545249939,-1.547798991203308,-1.5045946836471558,-1.4606924057006836,-1.4172040224075317,-1.3775484561920166,-1.336094856262207,-1.295019507408142,-1.2536163330078125,-1.2112399339675903,-1.1663753986358643,-1.1258012056350708,-1.0835975408554077,-1.0366499423980713,-0.9974629878997803,-0.9552461504936218,-0.9140902161598206,-0.8722546100616455,-0.8360450863838196,-0.7912378907203674,-0.7472327947616577,-0.7044914364814758,-0.6596218943595886,-0.6154507398605347,-0.5767578482627869,-0.5358633995056152,-0.4870200753211975,-0.4465812146663666,-0.40875545144081116,-0.36852094531059265,-0.3234802186489105,-0.2800663411617279,-0.2384742796421051,-0.18894259631633759,-0.15533038973808289,-0.10814985632896423,-0.07393339276313782,-0.027927828952670097,0.006241859868168831,0.060427770018577576,0.10496935993432999,0.14393696188926697,0.17640791833400726,0.24350139498710632,0.2889278829097748,0.31409382820129395,0.36363154649734497,0.3851003050804138,0.4397031366825104,0.4838762879371643,0.5225382447242737,0.5690343379974365,0.6064066290855408,0.6934557557106018,0.7329464554786682,0.7770094871520996],"files":["scales.webp"]},"quats":{"files":["quats.webp"]},