{"version":2,"count":555551,"means":{"mins":[-4.635270528581906,-2.9709380179578733,-1.5537239670577094],"maxs":[2.17653255216088,-1.2182455059198323,3.698874200653826],"files":["means_l.webp","means_u.webp"]},"scales":{"codebook":[-9.999510765075684,-9.950089454650879,-9.906397819519043,-9.866988182067871,-9.824917793273926,-9.777012825012207,-9.734294891357422,-9.691802024841309,-9.644344329833984,-9.60138988494873,-9.558612823486328,-9.5155611038208,-9.472847938537598,-9.421748161315918,-9.375288963317871,-9.332237243652344,-9.289036750793457,-9.249309539794922,-9.210719108581543,-9.168378829956055,-9.116941452026367,-9.069923400878906,-9.031108856201172,-8.991880416870117,-8.949874877929688,-8.902252197265625,-8.85936164855957,-8.819761276245117,-8.777435302734375,-8.729737281799316,-8.687339782714844,-8.644937515258789,-8.597826957702637,-8.554566383361816,-8.515710830688477,-8.472662925720215,-8.429579734802246,-8.387084007263184,-8.339539527893066,-8.293068885803223,-8.250066757202148,-8.211441040039062,-8.168127059936523,-8.120893478393555,-8.077645301818848,-8.03813648223877,-7.997170925140381,-7.952917575836182,-7.908559799194336,-7.860901832580566,-7.816159725189209,-7.773298740386963,-7.730248928070068,-7.687020778656006,-7.644286155700684,-7.601282119750977,-7.558659076690674,-7.51546049118042,-7.472102642059326,-7.429259777069092,-7.384771347045898,-7.339869499206543,-7.296836853027344,-7.253604888916016,-7.208985328674316,-7.162093639373779,-7.116982936859131,-7.073841571807861,-7.0309624671936035,-6.988128185272217,-6.945318222045898,-6.902197360992432,-6.859208583831787,-6.815962314605713,-6.77313232421875,-6.734215259552002,-6.701286315917969,-6.664013862609863,-6.620972156524658,-6.581965446472168,-6.5469069480896,-6.509788513183594,-6.468833923339844,-6.425816535949707,-6.3808770179748535,-6.335951328277588,-6.2927961349487305,-6.249831199645996,-6.207013130187988,-6.164004325866699,-6.121243000030518,-6.07811975479126,-6.035147666931152,-5.99213981628418,-5.947376728057861,-5.902138710021973,-5.85931921005249,-5.816331386566162,-5.773421764373779,-5.730317115783691,-5.685583114624023,-5.638726711273193,-5.593750476837158,-5.55082368850708,-5.507744312286377,-5.4647650718688965,-5.421686172485352,-5.378585338592529,-5.335906505584717,-5.292834758758545,-5.2500457763671875,-5.205087661743164,-5.159997940063477,-5.116799354553223,-5.074088096618652,-5.031306266784668,-4.988125324249268,-4.9454874992370605,-4.902152061462402,-4.8574748039245605,-4.812418460845947,-4.769667148590088,-4.726611137390137,-4.687485218048096,-4.652364730834961,-4.621049880981445,-4.587891101837158,-4.548834323883057,-4.5076904296875,-4.464888095855713,-4.421879291534424,-4.37898063659668,-4.335942268371582,-4.291126728057861,-4.246161460876465,-4.203105449676514,-4.160195350646973,-4.117130279541016,-4.0743207931518555,-4.031283378601074,-3.986811637878418,-3.9425690174102783,-3.8995113372802734,-3.8555855751037598,-3.811542272567749,-3.7686612606048584,-3.7246971130371094,-3.680877447128296,-3.6378231048583984,-3.5936431884765625,-3.5498650074005127,-3.5057034492492676,-3.4621593952178955,-3.4190168380737305,-3.376051425933838,-3.332102060317993,-3.2879855632781982,-3.2452051639556885,-3.2023749351501465,-3.1581032276153564,-3.1143813133239746,-3.0713675022125244,-3.027350902557373,-2.983548641204834,-2.9405691623687744,-2.8967347145080566,-2.851553201675415,-2.80754017829895,-2.7648324966430664,-2.7217791080474854,-2.6788201332092285,-2.6358401775360107,-2.5916240215301514,-2.547863006591797,-2.505028486251831,-2.4610109329223633,-2.4172475337982178,-2.3741326332092285,-2.3306212425231934,-2.2862203121185303,-2.243500232696533,-2.1994495391845703,-2.1541078090667725,-2.109025001525879,-2.066912889480591,-2.0298798084259033,-1.998062252998352,-1.9497334957122803,-1.9018670320510864,-1.8543790578842163,-1.8084018230438232,-1.7647289037704468,-1.7209678888320923,-1.6779310703277588,-1.634758472442627,-1.590859055519104,-1.5462684631347656,-1.5028620958328247,-1.4593974351882935,-1.4163769483566284,-1.3725123405456543,-1.3284207582473755,-1.2842979431152344,-1.2418726682662964,-1.1975646018981934,-1.155389428138733,-1.110400915145874,-1.067284107208252,-1.023451805114746,-0.9800674915313721,-0.9371267557144165,-0.8962885737419128,-0.8542227149009705,-0.8105236291885376,-0.7679588794708252,-0.7256789803504944,-0.6801532506942749,-0.6355971693992615,-0.5928893685340881,-0.5493932962417603,-0.5087419748306274,-0.46824079751968384,-0.42208176851272583,-0.3793816864490509,-0.32940763235092163,-0.28471994400024414,-0.24724933505058289,-0.20551668107509613,-0.15519429743289948,-0.10826309770345688,-0.0724596157670021,-0.029194941744208336,0.02545991539955139,0.06754522025585175,0.10830617696046829,0.1418701410293579,0.18495602905750275,0.23420652747154236,0.27381595969200134,0.3240845203399658,0.3706863224506378,0.400422066450119,0.45089805126190186,0.4875777065753937,0.5389482975006104,0.5845819711685181,0.6245057582855225,0.6696510910987854,0.7179556488990784,0.7472840547561646,0.7922700643539429,0.8652605414390564,0.8870176076889038,0.927031397819519,1.0050092935562134,1.11174476146698],"files":["scales.webp"]},"quats":{"files":["quats.webp"]},