{"version":2,"count":525427,"means":{"mins":[2.2964471383482876,-4.928375792635444,-0.9348901925888567],"maxs":[4.65331658539151,-1.070403386621082,3.3586235698344926],"files":["means_l.webp","means_u.webp"]},"scales":{"codebook":[-9.997925758361816,-9.953612327575684,-9.907299041748047,-9.864130973815918,-9.816682815551758,-9.76956844329834,-9.726526260375977,-9.683670043945312,-9.636786460876465,-9.590001106262207,-9.547176361083984,-9.504190444946289,-9.45728588104248,-9.410346984863281,-9.366581916809082,-9.32443618774414,-9.277502059936523,-9.230240821838379,-9.187843322753906,-9.144611358642578,-9.093571662902832,-9.042835235595703,-8.999837875366211,-8.95715045928955,-8.910452842712402,-8.867252349853516,-8.828266143798828,-8.785273551940918,-8.738420486450195,-8.691924095153809,-8.644774436950684,-8.597933769226074,-8.550776481628418,-8.507938385009766,-8.464994430541992,-8.421469688415527,-8.379079818725586,-8.332084655761719,-8.284762382507324,-8.242192268371582,-8.19933795928955,-8.152445793151855,-8.105354309082031,-8.062768936157227,-8.02071762084961,-7.974861145019531,-7.929530620574951,-7.885159492492676,-7.839951992034912,-7.794922351837158,-7.747855186462402,-7.702937126159668,-7.659618854522705,-7.6152825355529785,-7.568705081939697,-7.523311138153076,-7.479922771453857,-7.435596942901611,-7.390524864196777,-7.346010208129883,-7.298906326293945,-7.253686904907227,-7.2091546058654785,-7.163964748382568,-7.119426727294922,-7.072433948516846,-7.025270938873291,-6.980453014373779,-6.9371018409729,-6.894627094268799,-6.849613189697266,-6.80475378036499,-6.760104179382324,-6.713143348693848,-6.667853355407715,-6.624603271484375,-6.580243110656738,-6.535160064697266,-6.490402698516846,-6.443346977233887,-6.398487567901611,-6.355438232421875,-6.310670852661133,-6.263576984405518,-6.218472957611084,-6.174036979675293,-6.128779888153076,-6.085775375366211,-6.041107177734375,-5.993792533874512,-5.948922157287598,-5.904664993286133,-5.85743522644043,-5.812225818634033,-5.767796993255615,-5.722837924957275,-5.679632663726807,-5.634829044342041,-5.589715480804443,-5.544952869415283,-5.495726585388184,-5.449014186859131,-5.404301643371582,-5.357326030731201,-5.310563087463379,-5.265636444091797,-5.2225165367126465,-5.179455280303955,-5.13641357421875,-5.091917991638184,-5.04685640335083,-5.003821849822998,-4.960700035095215,-4.920027732849121,-4.8846821784973145,-4.8535590171813965,-4.816364765167236,-4.77151346206665,-4.724459648132324,-4.679622173309326,-4.636670112609863,-4.593584060668945,-4.550685405731201,-4.505928993225098,-4.456943511962891,-4.4080891609191895,-4.3632283210754395,-4.319890022277832,-4.277308940887451,-4.2343010902404785,-4.191267490386963,-4.14817476272583,-4.109433650970459,-4.07423210144043,-4.038915157318115,-4.002348899841309,-3.9619626998901367,-3.9178972244262695,-3.873807191848755,-3.8317975997924805,-3.790055274963379,-3.7459635734558105,-3.7009801864624023,-3.6562728881835938,-3.6110496520996094,-3.566283941268921,-3.5214974880218506,-3.476602792739868,-3.431711196899414,-3.3866896629333496,-3.3416457176208496,-3.296935558319092,-3.2521519660949707,-3.2071588039398193,-3.1620891094207764,-3.117166519165039,-3.071901798248291,-3.0273900032043457,-2.9826879501342773,-2.9375510215759277,-2.8927063941955566,-2.847808361053467,-2.802762269973755,-2.7577924728393555,-2.7130746841430664,-2.667041778564453,-2.6209981441497803,-2.576099157333374,-2.5313522815704346,-2.48634672164917,-2.4415411949157715,-2.3964669704437256,-2.3516781330108643,-2.306684970855713,-2.2618625164031982,-2.216906785964966,-2.172121047973633,-2.127082109451294,-2.0821027755737305,-2.0372910499572754,-1.993952989578247,-1.9474282264709473,-1.902039885520935,-1.857093095779419,-1.8121811151504517,-1.7671923637390137,-1.7224403619766235,-1.677526593208313,-1.6327478885650635,-1.5871104001998901,-1.5421454906463623,-1.496819019317627,-1.4519212245941162,-1.4070987701416016,-1.3621153831481934,-1.3172776699066162,-1.2719453573226929,-1.227372169494629,-1.1826034784317017,-1.1374036073684692,-1.092872142791748,-1.0474590063095093,-1.0026835203170776,-0.9582453370094299,-0.9121307730674744,-0.8676896691322327,-0.8227912783622742,-0.7779881358146667,-0.7327345013618469,-0.6891074776649475,-0.6431401371955872,-0.597385823726654,-0.5528808236122131,-0.5079571008682251,-0.4638301730155945,-0.41938716173171997,-0.3762497007846832,-0.331685870885849,-0.28662148118019104,-0.2435217648744583,-0.19876833260059357,-0.15648424625396729,-0.11052200943231583,-0.06298905611038208,-0.016900429502129555,0.028438173234462738,0.07188671082258224,0.1156364306807518,0.15906710922718048,0.20249582827091217,0.2519867718219757,0.29872050881385803,0.3405449390411377,0.3872531056404114,0.43862053751945496,0.48213738203048706,0.5224478244781494,0.5690485239028931,0.6184147596359253,0.6636069416999817,0.7088848352432251,0.7499277591705322,0.7977645397186279,0.8400492668151855,0.8885409832000732,0.9345600008964539,0.9830442070960999,1.0288984775543213,1.068084955215454,1.107230544090271,1.154974341392517,1.2151107788085938,1.231702208518982,1.2874799966812134,1.3361046314239502,1.4676392078399658],"files":["scales.webp"]},"quats":{"files":["quats.webp"]},