{"version":2,"count":568521,"means":{"mins":[-2.506436689819175,-2.9709507268790962,-0.4559954542001944],"maxs":[-0.7873241978156715,-2.7605853108893967,2.260731843659399],"files":["means_l.webp","means_u.webp"]},"scales":{"codebook":[-9.999483108520508,-9.96574878692627,-9.930672645568848,-9.894855499267578,-9.858770370483398,-9.824049949645996,-9.793451309204102,-9.761906623840332,-9.730231285095215,-9.699665069580078,-9.66381549835205,-9.628157615661621,-9.597776412963867,-9.562421798706055,-9.527475357055664,-9.495767593383789,-9.4652738571167,-9.429903984069824,-9.394759178161621,-9.35893440246582,-9.324394226074219,-9.29345703125,-9.257458686828613,-9.2228422164917,-9.191224098205566,-9.160472869873047,-9.129173278808594,-9.093917846679688,-9.058894157409668,-9.027586936950684,-8.992321968078613,-8.960966110229492,-8.933601379394531,-8.898276329040527,-8.859268188476562,-8.824341773986816,-8.792814254760742,-8.761918067932129,-8.730740547180176,-8.699321746826172,-8.664074897766113,-8.625039100646973,-8.590006828308105,-8.558637619018555,-8.527494430541992,-8.491974830627441,-8.45300579071045,-8.413915634155273,-8.379021644592285,-8.351777076721191,-8.32801342010498,-8.30092716217041,-8.265426635742188,-8.226283073425293,-8.187286376953125,-8.14838981628418,-8.11345100402832,-8.081938743591309,-8.050851821899414,-8.023282051086426,-7.995059013366699,-7.960700511932373,-7.925652503967285,-7.892258167266846,-7.861419677734375,-7.828142166137695,-7.792757511138916,-7.757632732391357,-7.724658966064453,-7.691196441650391,-7.658228874206543,-7.62871789932251,-7.603369235992432,-7.580093860626221,-7.55057954788208,-7.5153727531433105,-7.480356693267822,-7.449080944061279,-7.421858310699463,-7.394376277923584,-7.367040634155273,-7.345574855804443,-7.326262950897217,-7.29885196685791,-7.267543792724609,-7.236410140991211,-7.203042507171631,-7.1678619384765625,-7.132630348205566,-7.099529266357422,-7.072210311889648,-7.05273962020874,-7.0312700271606445,-7.002005577087402,-6.9686760902404785,-6.935410022735596,-6.904336929321289,-6.870960712432861,-6.8358893394470215,-6.8027262687683105,-6.773441791534424,-6.749907493591309,-6.726534366607666,-6.699238300323486,-6.66994047164917,-6.636721611022949,-6.6015119552612305,-6.568413257598877,-6.535162448883057,-6.501860618591309,-6.474660873413086,-6.453128337860107,-6.427818298339844,-6.398406982421875,-6.369182586669922,-6.337984085083008,-6.304630279541016,-6.269567489624023,-6.234344005584717,-6.201135635375977,-6.170042514801025,-6.136703968048096,-6.103549003601074,-6.070169448852539,-6.037163257598877,-6.004090309143066,-5.970773696899414,-5.937463760375977,-5.902312278747559,-5.869229793548584,-5.8379225730896,-5.8047871589660645,-5.771542072296143,-5.740348815917969,-5.7128400802612305,-5.693370342254639,-5.670090675354004,-5.63878870010376,-5.6055588722229,-5.57607889175415,-5.554845809936523,-5.531381607055664,-5.501964092254639,-5.470748424530029,-5.4395551681518555,-5.4063215255737305,-5.373081207275391,-5.339793682098389,-5.3067169189453125,-5.273555278778076,-5.238359451293945,-5.208940505981445,-5.189543724060059,-5.167896270751953,-5.138673305511475,-5.105513572692871,-5.072437763214111,-5.039032459259033,-5.005923748016357,-4.972663879394531,-4.9375410079956055,-4.904550075531006,-4.873202323913574,-4.839902400970459,-4.80682897567749,-4.773613452911377,-4.740528583526611,-4.707197666168213,-4.673859596252441,-4.640666961669922,-4.605450630187988,-4.572359561920166,-4.541199684143066,-4.5080084800720215,-4.472543716430664,-4.439487457275391,-4.405939102172852,-4.373133182525635,-4.340143203735352,-4.304671764373779,-4.271350860595703,-4.2402544021606445,-4.207155227661133,-4.171917915344238,-4.138770580291748,-4.107851505279541,-4.074265003204346,-4.039186954498291,-4.006429195404053,-3.974790334701538,-3.941270112991333,-3.908238410949707,-3.8749942779541016,-3.8417999744415283,-3.808565139770508,-3.775428533554077,-3.7424116134643555,-3.7089579105377197,-3.6758065223693848,-3.6424953937530518,-3.6092259883880615,-3.576535940170288,-3.5431251525878906,-3.509575128555298,-3.4768972396850586,-3.4434683322906494,-3.4104137420654297,-3.377267837524414,-3.343147039413452,-3.3091042041778564,-3.2757537364959717,-3.2426388263702393,-3.20922589302063,-3.176042318344116,-3.1420412063598633,-3.1099424362182617,-3.076329469680786,-3.0429577827453613,-3.0097475051879883,-2.976252794265747,-2.9406707286834717,-2.9093642234802246,-2.8775196075439453,-2.8445491790771484,-2.811656951904297,-2.77742862701416,-2.7447314262390137,-2.713078260421753,-2.6801061630249023,-2.6423075199127197,-2.60943865776062,-2.575961112976074,-2.5433826446533203,-2.509892225265503,-2.4826695919036865,-2.4548909664154053,-2.4161367416381836,-2.377410650253296,-2.3398218154907227,-2.306067943572998,-2.2745187282562256,-2.245666265487671,-2.2070510387420654,-2.1749532222747803,-2.142238140106201,-2.1107003688812256,-2.077838182449341,-2.0387275218963623,-2.0054938793182373,-1.9802665710449219,-1.948485255241394,-1.8712095022201538,-1.8488610982894897,-1.816689133644104,-1.7114753723144531,-1.5120422840118408],"files":["scales.webp"]},"quats":{"files":["quats.webp"]},