{"version":2,"count":526280,"means":{"mins":[-0.9611412373891647,2.5577460495560715,-1.2010372865275876],"maxs":[2.176611195391039,3.2326948483237223,2.760307659389716],"files":["means_l.webp","means_u.webp"]},"scales":{"codebook":[-9.998900413513184,-9.964408874511719,-9.918591499328613,-9.875059127807617,-9.835977554321289,-9.796727180480957,-9.758195877075195,-9.71895980834961,-9.679201126098633,-9.640278816223145,-9.597893714904785,-9.554333686828613,-9.515679359436035,-9.47629451751709,-9.43766975402832,-9.398275375366211,-9.355598449707031,-9.31253719329834,-9.273773193359375,-9.234378814697266,-9.1953125,-9.15235710144043,-9.109272956848145,-9.06981086730957,-9.031136512756348,-8.99178409576416,-8.953330993652344,-8.914042472839355,-8.875016212463379,-8.832167625427246,-8.788985252380371,-8.749579429626465,-8.710990905761719,-8.672273635864258,-8.632830619812012,-8.593562126159668,-8.551116943359375,-8.507558822631836,-8.468711853027344,-8.429262161254883,-8.39055061340332,-8.351569175720215,-8.308916091918945,-8.265392303466797,-8.226078987121582,-8.187275886535645,-8.14841365814209,-8.109260559082031,-8.070856094360352,-8.031250953674316,-7.989060878753662,-7.947165489196777,-7.908375263214111,-7.867359638214111,-7.8240461349487305,-7.783027172088623,-7.744184494018555,-7.7051286697387695,-7.665555477142334,-7.629150390625,-7.597606182098389,-7.572387218475342,-7.543059349060059,-7.506061553955078,-7.464954853057861,-7.421813488006592,-7.378882884979248,-7.339512825012207,-7.30274772644043,-7.263766765594482,-7.222554683685303,-7.1816816329956055,-7.142564296722412,-7.1037492752075195,-7.062494277954102,-7.0213117599487305,-6.982513427734375,-6.941313743591309,-6.898190498352051,-6.855100631713867,-6.816255569458008,-6.779323577880859,-6.740323543548584,-6.699034214019775,-6.6558661460876465,-6.613173007965088,-6.572197437286377,-6.535147666931152,-6.498110294342041,-6.458840370178223,-6.41992712020874,-6.378884792327881,-6.335903644561768,-6.292977809906006,-6.253702163696289,-6.216982841491699,-6.175712585449219,-6.1346354484558105,-6.09570837020874,-6.054558753967285,-6.011547565460205,-5.970544815063477,-5.933473110198975,-5.896505832672119,-5.8551788330078125,-5.812221050262451,-5.769176959991455,-5.726288318634033,-5.685494422912598,-5.646485805511475,-5.60519552230835,-5.566285133361816,-5.53303861618042,-5.503838539123535,-5.470795631408691,-5.433565139770508,-5.398314476013184,-5.363137722015381,-5.326175689697266,-5.284997463226318,-5.242132663726807,-5.199080467224121,-5.156149387359619,-5.115235805511475,-5.075961112976074,-5.038915157318115,-5.003703594207764,-4.968593120574951,-4.931663990020752,-4.894385814666748,-4.861349105834961,-4.826120376586914,-4.78898811340332,-4.753868579864502,-4.718778133392334,-4.683570861816406,-4.646557331085205,-4.607449531555176,-4.568495750427246,-4.529320240020752,-4.4901909828186035,-4.4532270431518555,-4.4220476150512695,-4.392512321472168,-4.361472129821777,-4.326307773590088,-4.287188529968262,-4.246257305145264,-4.205227851867676,-4.166243553161621,-4.1290082931518555,-4.0938286781311035,-4.062618255615234,-4.033292770385742,-3.999643564224243,-3.9630188941955566,-3.9248812198638916,-3.8857593536376953,-3.8457958698272705,-3.804948091506958,-3.7658028602600098,-3.729644536972046,-3.69537615776062,-3.664045810699463,-3.633841037750244,-3.600752115249634,-3.563791036605835,-3.5235414505004883,-3.483537435531616,-3.443620443344116,-3.4026148319244385,-3.362522840499878,-3.3220131397247314,-3.282327175140381,-3.2424087524414062,-3.2012712955474854,-3.1612274646759033,-3.1211228370666504,-3.0812392234802246,-3.041002035140991,-3.000262975692749,-2.9600133895874023,-2.9199891090393066,-2.88016414642334,-2.839733600616455,-2.7988674640655518,-2.7588798999786377,-2.7190558910369873,-2.6792244911193848,-2.639080047607422,-2.598843574523926,-2.5589916706085205,-2.5176446437835693,-2.4777143001556396,-2.437464714050293,-2.396134376525879,-2.3569977283477783,-2.3162100315093994,-2.275501012802124,-2.235980272293091,-2.1963086128234863,-2.155959367752075,-2.114548683166504,-2.0735814571380615,-2.0355284214019775,-2.0037426948547363,-1.9602575302124023,-1.915331482887268,-1.8725990056991577,-1.833726406097412,-1.7951284646987915,-1.7600860595703125,-1.726641297340393,-1.6773842573165894,-1.6396558284759521,-1.6063684225082397,-1.5630145072937012,-1.510000228881836,-1.4670048952102661,-1.4263638257980347,-1.3943063020706177,-1.3612127304077148,-1.3116027116775513,-1.2732255458831787,-1.23043692111969,-1.1903098821640015,-1.1406915187835693,-1.120164155960083,-1.0601491928100586,-1.0384427309036255,-0.9877145886421204,-0.9649305939674377,-0.855061411857605,-0.787991464138031,-0.7645898461341858,-0.7292298674583435,-0.6596197485923767,-0.6352622509002686,-0.5770816802978516,-0.49799323081970215,-0.4165136516094208,-0.3705741763114929,-0.33295220136642456,-0.29558974504470825,-0.24692729115486145,-0.22614705562591553,-0.19295555353164673,-0.16083742678165436,-0.1239040195941925,-0.07471528649330139,0.015765277668833733,0.056301549077034,0.08210399001836777,0.13558083772659302,0.1699444055557251,0.24762333929538727],"files":["scales.webp"]},"quats":{"files":["quats.webp"]},