{"version":2,"count":115790,"means":{"mins":[3.2688499511962004,-1.0703938222206633,-1.0676226730427134],"maxs":[5.013572666870454,4.609053854866579,3.2182447511492738],"files":["means_l.webp","means_u.webp"]},"scales":{"codebook":[-9.999663352966309,-9.949816703796387,-9.902936935424805,-9.855871200561523,-9.808942794799805,-9.762125015258789,-9.71351432800293,-9.668643951416016,-9.61950969696045,-9.574379920959473,-9.527410507202148,-9.479819297790527,-9.43386173248291,-9.382039070129395,-9.33152961730957,-9.286210060119629,-9.241806983947754,-9.199570655822754,-9.152557373046875,-9.101812362670898,-9.05544662475586,-9.011869430541992,-8.960378646850586,-8.909974098205566,-8.866910934448242,-8.825004577636719,-8.774105072021484,-8.722009658813477,-8.679165840148926,-8.636920928955078,-8.585454940795898,-8.539639472961426,-8.502952575683594,-8.476127624511719,-8.445542335510254,-8.402544975280762,-8.35873794555664,-8.317706108093262,-8.270150184631348,-8.223276138305664,-8.171910285949707,-8.12484073638916,-8.082258224487305,-8.034345626831055,-7.9880266189575195,-7.9388108253479,-7.892711162567139,-7.84569787979126,-7.799850940704346,-7.752285480499268,-7.702563285827637,-7.655667781829834,-7.612218379974365,-7.56558895111084,-7.52194356918335,-7.472329616546631,-7.423886299133301,-7.378490447998047,-7.334196090698242,-7.286996841430664,-7.2404913902282715,-7.19309139251709,-7.146660804748535,-7.100157737731934,-7.052844047546387,-7.005162239074707,-6.959024429321289,-6.911645412445068,-6.865250587463379,-6.818361282348633,-6.772116184234619,-6.725264549255371,-6.67778205871582,-6.631249904632568,-6.581824779510498,-6.53513765335083,-6.490331172943115,-6.443451404571533,-6.396525859832764,-6.349148750305176,-6.303303241729736,-6.257657527923584,-6.218645095825195,-6.185701370239258,-6.150727272033691,-6.109578609466553,-6.066451072692871,-6.023703098297119,-5.978522300720215,-5.929059028625488,-5.882569313049316,-5.837903022766113,-5.791162014007568,-5.744381904602051,-5.69683837890625,-5.650541305541992,-5.601380348205566,-5.552331447601318,-5.5075297355651855,-5.463159561157227,-5.416373252868652,-5.368903636932373,-5.328056812286377,-5.295309066772461,-5.261343002319336,-5.224831581115723,-5.185500621795654,-5.1501007080078125,-5.115419387817383,-5.075893402099609,-5.037320613861084,-4.994163990020752,-4.947046756744385,-4.9004411697387695,-4.851643085479736,-4.800935745239258,-4.754011631011963,-4.710908889770508,-4.673742771148682,-4.644484519958496,-4.611485481262207,-4.569659233093262,-4.525557041168213,-4.478971481323242,-4.431571960449219,-4.385056018829346,-4.339771747589111,-4.295302391052246,-4.2458086013793945,-4.194911003112793,-4.148367881774902,-4.104844093322754,-4.06085729598999,-4.01447057723999,-3.9678730964660645,-3.920855760574341,-3.8743979930877686,-3.826159954071045,-3.7771849632263184,-3.7301411628723145,-3.685389280319214,-3.639946937561035,-3.5928306579589844,-3.5448081493377686,-3.4955718517303467,-3.448873281478882,-3.4041450023651123,-3.3584606647491455,-3.3100709915161133,-3.2635467052459717,-3.2187039852142334,-3.173534870147705,-3.1257669925689697,-3.0791499614715576,-3.032006025314331,-2.9879953861236572,-2.950161933898926,-2.9142751693725586,-2.873975992202759,-2.8311309814453125,-2.7878100872039795,-2.7437903881073,-2.698962688446045,-2.6540374755859375,-2.6085150241851807,-2.5612943172454834,-2.515517234802246,-2.46991229057312,-2.4237773418426514,-2.3802144527435303,-2.338560104370117,-2.3027491569519043,-2.266848087310791,-2.2273244857788086,-2.188769578933716,-2.1505093574523926,-2.1154890060424805,-2.0831801891326904,-2.0528578758239746,-2.022533655166626,-1.989662766456604,-1.9497649669647217,-1.9071874618530273,-1.8632123470306396,-1.8174185752868652,-1.7702102661132812,-1.7238447666168213,-1.6773507595062256,-1.6333885192871094,-1.5913238525390625,-1.5515971183776855,-1.513662576675415,-1.4757835865020752,-1.4347673654556274,-1.3897783756256104,-1.3452343940734863,-1.3015700578689575,-1.2555447816848755,-1.2087054252624512,-1.1618744134902954,-1.1153143644332886,-1.0682662725448608,-1.0211048126220703,-0.9753177762031555,-0.927847683429718,-0.8815837502479553,-0.8356837630271912,-0.7895238995552063,-0.7428101301193237,-0.6934850215911865,-0.648091733455658,-0.6006658673286438,-0.5521412491798401,-0.5071894526481628,-0.4597475826740265,-0.4135149121284485,-0.36474767327308655,-0.3180030584335327,-0.2687664330005646,-0.22321203351020813,-0.1782650649547577,-0.13056819140911102,-0.08624405413866043,-0.042135242372751236,0.00458914740011096,0.053367890417575836,0.09773638099431992,0.14483875036239624,0.1887449026107788,0.23004694283008575,0.27193865180015564,0.32330426573753357,0.3730568289756775,0.4293719232082367,0.4804302155971527,0.5160157680511475,0.5709872245788574,0.6136538982391357,0.6578808426856995,0.6964013576507568,0.7427124977111816,0.8009308576583862,0.8425097465515137,0.8946564793586731,0.9424690008163452,0.9781020283699036,1.0289318561553955,1.0685758590698242,1.1133958101272583,1.180226445198059,1.2175090312957764,1.2694156169891357,1.3212910890579224,1.3861935138702393,1.5744613409042358,1.924080491065979],"files":["scales.webp"]},"quats":{"files":["quats.webp"]},