{"version":2,"count":524496,"means":{"mins":[3.7537086248613867,-3.411007679400952,-0.8423415632279955],"maxs":[4.006041457756953,-1.0704554987342358,3.0419327225578447],"files":["means_l.webp","means_u.webp"]},"scales":{"codebook":[-9.99958324432373,-9.958011627197266,-9.914069175720215,-9.874384880065918,-9.833669662475586,-9.788909912109375,-9.749466896057129,-9.707409858703613,-9.664031982421875,-9.62352466583252,-9.586407661437988,-9.54401969909668,-9.499938011169434,-9.461662292480469,-9.418536186218262,-9.374268531799316,-9.332234382629395,-9.288272857666016,-9.250163078308105,-9.207707405090332,-9.162647247314453,-9.124788284301758,-9.085885047912598,-9.046887397766113,-9.004542350769043,-8.961130142211914,-8.921460151672363,-8.879371643066406,-8.835314750671387,-8.79344654083252,-8.749515533447266,-8.710402488708496,-8.668353080749512,-8.624574661254883,-8.585283279418945,-8.54689884185791,-8.507729530334473,-8.464884757995605,-8.422009468078613,-8.379137992858887,-8.332383155822754,-8.285262107849121,-8.241860389709473,-8.202465057373047,-8.163806915283203,-8.124747276306152,-8.085742950439453,-8.04638385772705,-8.006591796875,-7.964460372924805,-7.924001216888428,-7.882184982299805,-7.842123508453369,-7.800817012786865,-7.757028102874756,-7.716946125030518,-7.67579460144043,-7.634915828704834,-7.593592643737793,-7.5506978034973145,-7.5099639892578125,-7.468388080596924,-7.425451755523682,-7.385032653808594,-7.343717098236084,-7.302963733673096,-7.261369705200195,-7.218586444854736,-7.17579460144043,-7.1325578689575195,-7.09144401550293,-7.052748203277588,-7.011712551116943,-6.968417167663574,-6.925656318664551,-6.88462495803833,-6.845827579498291,-6.804262638092041,-6.76125955581665,-6.718573093414307,-6.67566442489624,-6.632503986358643,-6.5894904136657715,-6.546330451965332,-6.503421783447266,-6.460639476776123,-6.421566009521484,-6.384830951690674,-6.343518257141113,-6.300615310668945,-6.257643699645996,-6.218646049499512,-6.181717872619629,-6.140492916107178,-6.099616050720215,-6.058430194854736,-6.015583515167236,-5.97240686416626,-5.929600238800049,-5.8864922523498535,-5.843601703643799,-5.8006415367126465,-5.759776592254639,-5.718725681304932,-5.675755023956299,-5.632739543914795,-5.589657783508301,-5.546713352203369,-5.503881454467773,-5.464820861816406,-5.4294962882995605,-5.392596244812012,-5.351495742797852,-5.308454990386963,-5.267466068267822,-5.228598594665527,-5.1872878074646,-5.144545555114746,-5.103600978851318,-5.062487602233887,-5.019469261169434,-4.976548671722412,-4.935567378997803,-4.894416809082031,-4.853555202484131,-4.812511920928955,-4.771620273590088,-4.730579853057861,-4.687397003173828,-4.6466169357299805,-4.605563640594482,-4.562423229217529,-4.521536827087402,-4.480551242828369,-4.439478874206543,-4.398422718048096,-4.357538223266602,-4.316400527954102,-4.27364444732666,-4.236258506774902,-4.20704984664917,-4.17775821685791,-4.144524097442627,-4.109413146972656,-4.076321125030518,-4.046871662139893,-4.01771879196167,-3.9820187091827393,-3.9414849281311035,-3.900217294692993,-3.8594019412994385,-3.818462371826172,-3.77638578414917,-3.734445810317993,-3.6934447288513184,-3.6523361206054688,-3.6104745864868164,-3.56852126121521,-3.527524948120117,-3.4863977432250977,-3.444349765777588,-3.402489185333252,-3.3612844944000244,-3.320319175720215,-3.2785894870758057,-3.2364370822906494,-3.1951377391815186,-3.1539971828460693,-3.113288164138794,-3.075183868408203,-3.0410876274108887,-3.0098626613616943,-2.977595090866089,-2.941622018814087,-2.9036529064178467,-2.863368511199951,-2.822437286376953,-2.7813220024108887,-2.7394986152648926,-2.697460412979126,-2.656461477279663,-2.6154487133026123,-2.5733611583709717,-2.5312891006469727,-2.4904277324676514,-2.4493308067321777,-2.4077353477478027,-2.365640878677368,-2.3247628211975098,-2.2844879627227783,-2.246401786804199,-2.2113940715789795,-2.17952561378479,-2.1477160453796387,-2.111488103866577,-2.073256731033325,-2.033482551574707,-1.9941320419311523,-1.951362133026123,-1.9104467630386353,-1.8687173128128052,-1.8265323638916016,-1.785225510597229,-1.7434511184692383,-1.7018852233886719,-1.661403775215149,-1.6203892230987549,-1.5782634019851685,-1.5353455543518066,-1.4950976371765137,-1.4538908004760742,-1.411097764968872,-1.369889497756958,-1.3291317224502563,-1.2877577543258667,-1.2439216375350952,-1.2027320861816406,-1.162760853767395,-1.1207212209701538,-1.080281376838684,-1.040692925453186,-0.9999163746833801,-0.9541152119636536,-0.9147380590438843,-0.8731544613838196,-0.830132007598877,-0.7905861735343933,-0.7500582933425903,-0.7090940475463867,-0.6715657114982605,-0.6288744807243347,-0.5844897627830505,-0.5399178862571716,-0.49952933192253113,-0.4605077803134918,-0.42175692319869995,-0.3783949613571167,-0.33715590834617615,-0.2913051247596741,-0.2519366145133972,-0.21122054755687714,-0.16972993314266205,-0.12251865863800049,-0.08448345959186554,-0.03917502239346504,0.005111987702548504,0.0393492616713047,0.0775827169418335,0.11777136474847794,0.1606723666191101,0.18662798404693604,0.23505261540412903,0.2721984386444092,0.33235427737236023,0.3744732737541199,0.5798311829566956],"files":["scales.webp"]},"quats":{"files":["quats.webp"]},