{"version":2,"count":588676,"means":{"mins":[-0.9611450215451907,1.5926483157092828,-1.0815530371878872],"maxs":[2.1378053089082445,2.557740655578669,2.8064464436728067],"files":["means_l.webp","means_u.webp"]},"scales":{"codebook":[-9.99853515625,-9.965941429138184,-9.923257827758789,-9.88305950164795,-9.843978881835938,-9.808774948120117,-9.773484230041504,-9.734338760375977,-9.695281982421875,-9.656164169311523,-9.617273330688477,-9.578274726867676,-9.539005279541016,-9.4998779296875,-9.46103286743164,-9.425812721252441,-9.390676498413086,-9.35181713104248,-9.312553405761719,-9.273359298706055,-9.234375953674316,-9.194825172424316,-9.156004905700684,-9.121201515197754,-9.085943222045898,-9.046751976013184,-9.007800102233887,-8.968487739562988,-8.929814338684082,-8.890385627746582,-8.851324081420898,-8.816636085510254,-8.781309127807617,-8.742213249206543,-8.703446388244629,-8.664068222045898,-8.625167846679688,-8.585855484008789,-8.546799659729004,-8.507811546325684,-8.468655586242676,-8.42946720123291,-8.39060115814209,-8.35566234588623,-8.32032585144043,-8.281311988830566,-8.24177360534668,-8.203137397766113,-8.168136596679688,-8.132533073425293,-8.093486785888672,-8.05460262298584,-8.014791488647461,-7.9748053550720215,-7.937066555023193,-7.900416374206543,-7.861286640167236,-7.822473526000977,-7.7846574783325195,-7.7482757568359375,-7.709022045135498,-7.669854164123535,-7.630969524383545,-7.594094753265381,-7.556690216064453,-7.517695903778076,-7.478240489959717,-7.441450119018555,-7.404383182525635,-7.365023612976074,-7.326295375823975,-7.287046432495117,-7.248359203338623,-7.210752010345459,-7.174001216888428,-7.134613990783691,-7.095975399017334,-7.058298110961914,-7.021690845489502,-6.982171058654785,-6.945228576660156,-6.908237457275391,-6.868802070617676,-6.8301897048950195,-6.790820121765137,-6.753713607788086,-6.717038631439209,-6.677639484405518,-6.642571926116943,-6.613239765167236,-6.581974029541016,-6.548834800720215,-6.515562534332275,-6.48026180267334,-6.447277545928955,-6.412192344665527,-6.372708797454834,-6.339766502380371,-6.312320232391357,-6.281146049499512,-6.246044158935547,-6.212894916534424,-6.179524898529053,-6.142603874206543,-6.103527069091797,-6.062315464019775,-6.021434307098389,-5.984255313873291,-5.949018955230713,-5.9121198654174805,-5.871024131774902,-5.829914093017578,-5.793022155761719,-5.761654376983643,-5.736347198486328,-5.708871364593506,-5.677748680114746,-5.642587184906006,-5.603405475616455,-5.566421985626221,-5.531048774719238,-5.494150638580322,-5.454995632171631,-5.417871475219727,-5.380945682525635,-5.341692924499512,-5.302778720855713,-5.263627052307129,-5.226399898529053,-5.191425323486328,-5.160073280334473,-5.132760047912598,-5.103536128997803,-5.0683794021606445,-5.031180381774902,-4.995982646942139,-4.960988521575928,-4.923885345458984,-4.882810592651367,-4.845648288726807,-4.81638240814209,-4.791048526763916,-4.76167631149292,-4.7265520095825195,-4.689455986022949,-4.652374267578125,-4.617237567901611,-4.580173969268799,-4.541110038757324,-4.5019330978393555,-4.464860439300537,-4.427876949310303,-4.388831615447998,-4.349726676940918,-4.312710762023926,-4.277441024780273,-4.246241569519043,-4.218820095062256,-4.189539909362793,-4.15633487701416,-4.121150493621826,-4.08423376083374,-4.044844627380371,-4.0076165199279785,-3.9698376655578613,-3.93182110786438,-3.893690824508667,-3.8547043800354004,-3.8163299560546875,-3.778618574142456,-3.7403812408447266,-3.7024405002593994,-3.664112091064453,-3.626105785369873,-3.5880844593048096,-3.5500032901763916,-3.5119516849517822,-3.4737062454223633,-3.4348714351654053,-3.396352529525757,-3.3594093322753906,-3.3213603496551514,-3.2822232246398926,-3.2441842555999756,-3.206073522567749,-3.1681997776031494,-3.1302430629730225,-3.0910556316375732,-3.052781343460083,-3.015061378479004,-2.9763987064361572,-2.939993381500244,-2.9017765522003174,-2.863389730453491,-2.8255715370178223,-2.7863354682922363,-2.7478537559509277,-2.7091827392578125,-2.671969413757324,-2.634066343307495,-2.596133232116699,-2.5581440925598145,-2.51953387260437,-2.482203483581543,-2.443537473678589,-2.4059841632843018,-2.3672492504119873,-2.328237771987915,-2.29016375541687,-2.2512662410736084,-2.2105278968811035,-2.1714577674865723,-2.1344704627990723,-2.0969173908233643,-2.061229944229126,-2.029071569442749,-2.002872943878174,-1.9592745304107666,-1.915708303451538,-1.870124340057373,-1.8273742198944092,-1.7931069135665894,-1.7583260536193848,-1.6986401081085205,-1.679124116897583,-1.6588588953018188,-1.5505051612854004,-1.532120704650879,-1.4670146703720093,-1.4470469951629639,-1.4067020416259766,-1.3767497539520264,-1.3339015245437622,-1.283212423324585,-1.1824105978012085,-1.1474930047988892,-1.1086457967758179,-1.071216106414795,-1.0303529500961304,-0.9916862845420837,-0.9633068442344666,-0.929252028465271,-0.8723676800727844,-0.8268355131149292,-0.7905712127685547,-0.7625552415847778,-0.6859821081161499,-0.6453499794006348,-0.5753816962242126,-0.5329611897468567,-0.5109335780143738,-0.46199285984039307,-0.39791977405548096,-0.34344807267189026,-0.3131678104400635,-0.2682197690010071],"files":["scales.webp"]},"quats":{"files":["quats.webp"]},