{"version":2,"count":532439,"means":{"mins":[2.176613521059537,-1.070400566358674,-0.4496750262569751],"maxs":[2.7618433690955206,2.5678818568566637,0.5260735237073424],"files":["means_l.webp","means_u.webp"]},"scales":{"codebook":[-9.997502326965332,-9.967392921447754,-9.934664726257324,-9.898934364318848,-9.863393783569336,-9.828524589538574,-9.792749404907227,-9.761767387390137,-9.730709075927734,-9.699132919311523,-9.668020248413086,-9.636751174926758,-9.601811408996582,-9.566629409790039,-9.5310640335083,-9.499748229980469,-9.472768783569336,-9.437350273132324,-9.40241527557373,-9.371183395385742,-9.340217590332031,-9.308663368225098,-9.273443222045898,-9.238479614257812,-9.207168579101562,-9.175963401794434,-9.144559860229492,-9.109737396240234,-9.070170402526855,-9.035177230834961,-8.999772071838379,-8.965007781982422,-8.937239646911621,-8.910351753234863,-8.874957084655762,-8.839804649353027,-8.80876350402832,-8.773451805114746,-8.742231369018555,-8.715011596679688,-8.683701515197754,-8.648236274719238,-8.613224029541016,-8.582053184509277,-8.550602912902832,-8.5197172164917,-8.484537124633789,-8.445201873779297,-8.410146713256836,-8.38279914855957,-8.355853080749512,-8.320286750793457,-8.28097915649414,-8.24234390258789,-8.210905075073242,-8.183852195739746,-8.148189544677734,-8.117022514343262,-8.089990615844727,-8.058733940124512,-8.023236274719238,-7.987310409545898,-7.95698881149292,-7.927789211273193,-7.894614219665527,-7.859402656555176,-7.826175212860107,-7.795273303985596,-7.76162052154541,-7.728285789489746,-7.697451591491699,-7.663949966430664,-7.628739356994629,-7.593501091003418,-7.562476634979248,-7.533339500427246,-7.50003719329834,-7.464701175689697,-7.431339263916016,-7.400479793548584,-7.367147445678711,-7.331959247589111,-7.298728942871094,-7.267655849456787,-7.234373092651367,-7.19925594329834,-7.168033123016357,-7.1387038230896,-7.105446815490723,-7.07024621963501,-7.03700065612793,-7.005863666534424,-6.9746575355529785,-6.94133186340332,-6.906027317047119,-6.872926235198975,-6.841984272003174,-6.808600902557373,-6.775297164916992,-6.7442498207092285,-6.710662841796875,-6.67575216293335,-6.642660617828369,-6.611374378204346,-6.5777812004089355,-6.543020725250244,-6.507694244384766,-6.472383499145508,-6.437365531921387,-6.404380798339844,-6.372900009155273,-6.341818809509277,-6.312352657318115,-6.283224582672119,-6.249862194061279,-6.214768409729004,-6.179628372192383,-6.1484599113464355,-6.11914587020874,-6.086028575897217,-6.05074405670166,-6.015477657318115,-5.982361793518066,-5.9511799812316895,-5.919889450073242,-5.8886823654174805,-5.855332851409912,-5.822271347045898,-5.7891526222229,-5.755949020385742,-5.722646713256836,-5.687381267547607,-5.654372692108154,-5.623068809509277,-5.591614723205566,-5.560621738433838,-5.52720832824707,-5.492099761962891,-5.459022045135498,-5.4256367683410645,-5.3906168937683105,-5.359431266784668,-5.330100059509277,-5.296907901763916,-5.263733863830566,-5.230588912963867,-5.197266101837158,-5.166137218475342,-5.132937431335449,-5.099706172943115,-5.0664591789245605,-5.033286094665527,-5.000020980834961,-4.966886520385742,-4.9355645179748535,-4.902451515197754,-4.869172096252441,-4.835923194885254,-4.802753925323486,-4.769600868225098,-4.736287593841553,-4.705125331878662,-4.671847820281982,-4.636711120605469,-4.603517055511475,-4.572273254394531,-4.538914680480957,-4.505923271179199,-4.474636554718018,-4.441428184509277,-4.408254623413086,-4.375095367431641,-4.341911792755127,-4.310609340667725,-4.2774763107299805,-4.242170333862305,-4.209029197692871,-4.1757731437683105,-4.140569686889648,-4.109274864196777,-4.0801873207092285,-4.046841621398926,-4.014240264892578,-3.982563018798828,-3.9493117332458496,-3.916161298751831,-3.8829641342163086,-3.849609613418579,-3.817495346069336,-3.7852723598480225,-3.7521533966064453,-3.7190537452697754,-3.685622215270996,-3.653355598449707,-3.6212196350097656,-3.5880649089813232,-3.5548856258392334,-3.521777868270874,-3.4883415699005127,-3.455031156539917,-3.4231960773468018,-3.390737533569336,-3.357478618621826,-3.3244876861572266,-3.2912864685058594,-3.2579503059387207,-3.225897789001465,-3.1937170028686523,-3.160649538040161,-3.126986265182495,-3.0940489768981934,-3.061577796936035,-3.029362440109253,-2.9967310428619385,-2.963209629058838,-2.930072546005249,-2.8965420722961426,-2.8637261390686035,-2.8313424587249756,-2.7988123893737793,-2.766040325164795,-2.732989549636841,-2.6990609169006348,-2.6667914390563965,-2.6326708793640137,-2.6011698246002197,-2.569216251373291,-2.535402297973633,-2.501723527908325,-2.468594789505005,-2.435626745223999,-2.4033617973327637,-2.370493173599243,-2.335084915161133,-2.3042023181915283,-2.27304744720459,-2.238046407699585,-2.2053868770599365,-2.1748743057250977,-2.138965129852295,-2.1061079502105713,-2.0681166648864746,-2.039660930633545,-2.009066343307495,-1.9803470373153687,-1.9435629844665527,-1.9121220111846924,-1.883226990699768,-1.8567955493927002,-1.817163109779358,-1.7807908058166504,-1.7495588064193726,-1.7149930000305176,-1.6764004230499268,-1.649747610092163,-1.618924617767334],"files":["scales.webp"]},"quats":{"files":["quats.webp"]},