{"version":2,"count":97293,"means":{"mins":[3.0714378447297372,-1.0703157912801091,-1.1171523520467013],"maxs":[5.010131423685295,4.57185626700874,3.2182074191618217],"files":["means_l.webp","means_u.webp"]},"scales":{"codebook":[-9.998809814453125,-9.953060150146484,-9.903724670410156,-9.851801872253418,-9.800824165344238,-9.750174522399902,-9.698928833007812,-9.653745651245117,-9.605213165283203,-9.558807373046875,-9.507243156433105,-9.457630157470703,-9.41047477722168,-9.359017372131348,-9.312384605407715,-9.269538879394531,-9.218790054321289,-9.163695335388184,-9.113870620727539,-9.069966316223145,-9.027731895446777,-8.977885246276855,-8.925653457641602,-8.879182815551758,-8.83149242401123,-8.785231590270996,-8.73481559753418,-8.683904647827148,-8.632505416870117,-8.582064628601074,-8.534574508666992,-8.48882007598877,-8.441263198852539,-8.39519214630127,-8.34383487701416,-8.289125442504883,-8.241471290588379,-8.19959545135498,-8.152578353881836,-8.101408004760742,-8.051230430603027,-8.009459495544434,-7.976278305053711,-7.94391393661499,-7.90481424331665,-7.862297058105469,-7.812851905822754,-7.761603355407715,-7.713235855102539,-7.666559219360352,-7.616860866546631,-7.568760395050049,-7.521867752075195,-7.473029136657715,-7.421619892120361,-7.37284517288208,-7.326390266418457,-7.280384063720703,-7.230310916900635,-7.1793904304504395,-7.130308151245117,-7.0842437744140625,-7.036987781524658,-6.986024379730225,-6.939737796783447,-6.89263391494751,-6.84952449798584,-6.816630840301514,-6.783375263214111,-6.7402544021606445,-6.693417549133301,-6.644240856170654,-6.596188545227051,-6.546895503997803,-6.4981889724731445,-6.4489336013793945,-6.401716709136963,-6.36417818069458,-6.32787561416626,-6.291574001312256,-6.2482075691223145,-6.202828407287598,-6.158442974090576,-6.109084606170654,-6.060409069061279,-6.0142974853515625,-5.964561939239502,-5.918297290802002,-5.87877893447876,-5.84588623046875,-5.809060573577881,-5.763906955718994,-5.718477725982666,-5.674143314361572,-5.624416351318359,-5.5766520500183105,-5.5327348709106445,-5.500118255615234,-5.468260765075684,-5.435091495513916,-5.4061598777771,-5.374659538269043,-5.339668273925781,-5.303846836090088,-5.267635822296143,-5.226648807525635,-5.183570861816406,-5.14046049118042,-5.101393699645996,-5.066298961639404,-5.028886795043945,-4.990495681762695,-4.947329998016357,-4.898582935333252,-4.85004997253418,-4.806623458862305,-4.769831657409668,-4.740170478820801,-4.7186150550842285,-4.6991987228393555,-4.677950859069824,-4.646783828735352,-4.604029178619385,-4.554789066314697,-4.5060200691223145,-4.459103107452393,-4.410024166107178,-4.359176158905029,-4.3082475662231445,-4.257533073425293,-4.2090840339660645,-4.160176753997803,-4.11110782623291,-4.066070556640625,-4.0233073234558105,-3.982729911804199,-3.945207357406616,-3.9102296829223633,-3.8748037815093994,-3.838752508163452,-3.80745792388916,-3.779080629348755,-3.7491812705993652,-3.713932991027832,-3.672858238220215,-3.629725217819214,-3.5863254070281982,-3.5418760776519775,-3.5017807483673096,-3.4664628505706787,-3.4315662384033203,-3.396681070327759,-3.36539626121521,-3.334152936935425,-3.2999696731567383,-3.265437364578247,-3.229740619659424,-3.1885621547698975,-3.143737554550171,-3.0974814891815186,-3.051785707473755,-3.0044262409210205,-2.9557089805603027,-2.908337354660034,-2.866208553314209,-2.8281965255737305,-2.793130874633789,-2.7600462436676025,-2.726792335510254,-2.692690849304199,-2.6535134315490723,-2.61088228225708,-2.5663228034973145,-2.523857593536377,-2.4827067852020264,-2.442451238632202,-2.4014768600463867,-2.3590571880340576,-2.3143491744995117,-2.2685601711273193,-2.221414804458618,-2.1749093532562256,-2.126119613647461,-2.0793046951293945,-2.037449598312378,-2.0014729499816895,-1.9436514377593994,-1.8889940977096558,-1.8378405570983887,-1.790419101715088,-1.7425851821899414,-1.6924917697906494,-1.6445541381835938,-1.5955926179885864,-1.5457454919815063,-1.4965310096740723,-1.4458945989608765,-1.3990824222564697,-1.353318214416504,-1.3045631647109985,-1.2560569047927856,-1.2068374156951904,-1.1568608283996582,-1.110984444618225,-1.0626634359359741,-1.0137404203414917,-0.966823399066925,-0.9171931147575378,-0.8683939576148987,-0.8213996887207031,-0.7701667547225952,-0.7228621244430542,-0.6761574745178223,-0.626650869846344,-0.5805721879005432,-0.5315836668014526,-0.4780351519584656,-0.4271540641784668,-0.37545597553253174,-0.3300096392631531,-0.2860998511314392,-0.23563574254512787,-0.18527372181415558,-0.13417331874370575,-0.08663497120141983,-0.03864222764968872,0.010630291886627674,0.06258921325206757,0.10774824023246765,0.1533014476299286,0.19800309836864471,0.24254709482192993,0.29456400871276855,0.3378105163574219,0.39002808928489685,0.4402289390563965,0.49533358216285706,0.5546789765357971,0.6079167723655701,0.6491629481315613,0.681643009185791,0.7335454225540161,0.7851847410202026,0.831744372844696,0.8907692432403564,0.9128316640853882,0.9685642719268799,1.0293588638305664,1.091996431350708,1.137414574623108,1.1750743389129639,1.271681785583496,1.3712153434753418,1.4804767370224,1.7360961437225342,2.3877744674682617],"files":["scales.webp"]},"quats":{"files":["quats.webp"]},