{"version":2,"count":533122,"means":{"mins":[-3.0844389582516984,-2.9709507268790962,-1.144227920591438],"maxs":[0.33127397943260045,-2.76058247563787,3.5986368073922574],"files":["means_l.webp","means_u.webp"]},"scales":{"codebook":[-9.999368667602539,-9.963693618774414,-9.922351837158203,-9.882460594177246,-9.84375,-9.80422592163086,-9.765462875366211,-9.726029396057129,-9.687626838684082,-9.648210525512695,-9.609375953674316,-9.570611000061035,-9.531586647033691,-9.491979598999023,-9.452510833740234,-9.414222717285156,-9.374436378479004,-9.335783004760742,-9.296902656555176,-9.257842063903809,-9.219019889831543,-9.179527282714844,-9.140716552734375,-9.101140975952148,-9.062498092651367,-9.023500442504883,-8.984569549560547,-8.94528865814209,-8.90636920928955,-8.866737365722656,-8.828312873840332,-8.789534568786621,-8.75007152557373,-8.710493087768555,-8.671852111816406,-8.633017539978027,-8.593596458435059,-8.554823875427246,-8.515710830688477,-8.476240158081055,-8.437655448913574,-8.398370742797852,-8.359387397766113,-8.31971263885498,-8.281258583068848,-8.241996765136719,-8.203157424926758,-8.163886070251465,-8.125164985656738,-8.08580207824707,-8.046876907348633,-8.006680488586426,-7.966835975646973,-7.925642490386963,-7.886785984039307,-7.849737167358398,-7.808510780334473,-7.7673115730285645,-7.728590965270996,-7.687251567840576,-7.648369312286377,-7.611508369445801,-7.570008754730225,-7.5270843505859375,-7.486219882965088,-7.447299480438232,-7.406121730804443,-7.363192558288574,-7.322308540344238,-7.285217761993408,-7.249917984008789,-7.2147064208984375,-7.179620742797852,-7.144499778747559,-7.111000061035156,-7.081959247589111,-7.052553176879883,-7.021548748016357,-6.990177154541016,-6.9629130363464355,-6.935550212860107,-6.902223587036133,-6.867130279541016,-6.8301100730896,-6.790937423706055,-6.755871295928955,-6.726541996002197,-6.695293426513672,-6.660211563110352,-6.6230788230896,-6.584047794342041,-6.54691219329834,-6.5115814208984375,-6.476374626159668,-6.439552307128906,-6.398371696472168,-6.359251022338867,-6.322440147399902,-6.283204078674316,-6.242055892944336,-6.20287561416626,-6.1660661697387695,-6.12492036819458,-6.083986759185791,-6.046879768371582,-6.009781360626221,-5.970483779907227,-5.931726455688477,-5.892683506011963,-5.853301048278809,-5.814570903778076,-5.773300647735596,-5.730375289916992,-5.691329479217529,-5.6543402671813965,-5.615211486816406,-5.583903789520264,-5.560606956481934,-5.531217575073242,-5.498088359832764,-5.462989807128906,-5.423854351043701,-5.382583141326904,-5.343752384185791,-5.306673049926758,-5.26749849319458,-5.228519916534424,-5.187530994415283,-5.146486759185791,-5.107455253601074,-5.068389892578125,-5.029238700866699,-4.992071628570557,-4.955090522766113,-4.916075706481934,-4.87700891494751,-4.837975978851318,-4.7968034744262695,-4.755884170532227,-4.716821193695068,-4.679563045501709,-4.642683029174805,-4.60352087020874,-4.564589500427246,-4.523379802703857,-4.48244571685791,-4.4452924728393555,-4.408210754394531,-4.367146015167236,-4.329970359802246,-4.300756454467773,-4.2734832763671875,-4.2441911697387695,-4.209011554718018,-4.171920299530029,-4.134871959686279,-4.095626354217529,-4.0566792488098145,-4.017952919006348,-3.978440761566162,-3.9383177757263184,-3.901384115219116,-3.8681349754333496,-3.839858055114746,-3.811554193496704,-3.7784106731414795,-3.7423174381256104,-3.7041232585906982,-3.6651017665863037,-3.626150608062744,-3.586956024169922,-3.5479462146759033,-3.5089187622070312,-3.469780921936035,-3.4308576583862305,-3.3919360637664795,-3.3527183532714844,-3.3134663105010986,-3.2747507095336914,-3.2354612350463867,-3.1964592933654785,-3.157388925552368,-3.1184797286987305,-3.0794196128845215,-3.040149211883545,-3.001232862472534,-2.9619128704071045,-2.923099994659424,-2.88395619392395,-2.844831943511963,-2.806265354156494,-2.7668559551239014,-2.7274954319000244,-2.688699245452881,-2.649693489074707,-2.610649347305298,-2.5716476440429688,-2.5332462787628174,-2.497048854827881,-2.4650208950042725,-2.4354758262634277,-2.4047250747680664,-2.3702101707458496,-2.3337697982788086,-2.293475866317749,-2.25584077835083,-2.2177836894989014,-2.1788532733917236,-2.138629913330078,-2.098114013671875,-2.061049461364746,-2.028935432434082,-2.0027430057525635,-1.951577067375183,-1.90572988986969,-1.865269660949707,-1.8309515714645386,-1.7868626117706299,-1.7503294944763184,-1.7130846977233887,-1.672074317932129,-1.6350212097167969,-1.5935614109039307,-1.5496209859848022,-1.5198971033096313,-1.4811508655548096,-1.4363172054290771,-1.399766206741333,-1.3630529642105103,-1.3253473043441772,-1.2836358547210693,-1.2393639087677002,-1.2078957557678223,-1.1723583936691284,-1.1172422170639038,-1.0933619737625122,-1.0455389022827148,-1.0074985027313232,-0.979952335357666,-0.939396858215332,-0.889508068561554,-0.8490113615989685,-0.8070368766784668,-0.7610557675361633,-0.7359567284584045,-0.6405956745147705,-0.6243371367454529,-0.5043907761573792,-0.4602656066417694,-0.3829522132873535,-0.3440808057785034,-0.3010134696960449,-0.26570528745651245,-0.11600355058908463,-0.0863582119345665,-0.030138716101646423],"files":["scales.webp"]},"quats":{"files":["quats.webp"]},