{"version":2,"count":553579,"means":{"mins":[-2.58006110846185,-1.2182132109200967,-1.5276928784817232],"maxs":[-0.9611601124346318,4.105390269304769,2.789208408107231],"files":["means_l.webp","means_u.webp"]},"scales":{"codebook":[-9.99942684173584,-9.95923900604248,-9.913846969604492,-9.875292778015137,-9.837027549743652,-9.793619155883789,-9.749533653259277,-9.711358070373535,-9.668171882629395,-9.620965003967285,-9.57800579071045,-9.539067268371582,-9.500494956970215,-9.46043586730957,-9.421529769897461,-9.378908157348633,-9.335386276245117,-9.296697616577148,-9.254268646240234,-9.206899642944336,-9.163813591003418,-9.124731063842773,-9.082139015197754,-9.034963607788086,-8.991872787475586,-8.952698707580566,-8.914000511169434,-8.875077247619629,-8.835700988769531,-8.796589851379395,-8.757621765136719,-8.718680381774902,-8.675787925720215,-8.628539085388184,-8.585600852966309,-8.547151565551758,-8.50390625,-8.457223892211914,-8.41407585144043,-8.374592781066895,-8.335686683654785,-8.29714298248291,-8.25406551361084,-8.210877418518066,-8.171501159667969,-8.132649421691895,-8.093517303466797,-8.054558753967285,-8.014448165893555,-7.972486972808838,-7.929561614990234,-7.888094902038574,-7.849626541137695,-7.808201313018799,-7.76544189453125,-7.72235107421875,-7.681643486022949,-7.64034366607666,-7.597609996795654,-7.556516170501709,-7.517641544342041,-7.476550579071045,-7.433318138122559,-7.390287399291992,-7.3475189208984375,-7.304664611816406,-7.261604309082031,-7.222461223602295,-7.185566425323486,-7.144433975219727,-7.101315975189209,-7.058478832244873,-7.015514850616455,-6.976426601409912,-6.945450782775879,-6.9160847663879395,-6.878960132598877,-6.8399128913879395,-6.804562091827393,-6.7694807052612305,-6.73246955871582,-6.6912994384765625,-6.648282527923584,-6.605388164520264,-6.564578056335449,-6.5254669189453125,-6.484375476837158,-6.4413228034973145,-6.398404121398926,-6.357383728027344,-6.318551063537598,-6.277189254760742,-6.234293460845947,-6.19342565536499,-6.152273178100586,-6.109251976013184,-6.068124294281006,-6.029364585876465,-5.988222599029541,-5.945186138153076,-5.902374267578125,-5.859319686889648,-5.822013854980469,-5.792784214019775,-5.761711120605469,-5.726425647735596,-5.693390846252441,-5.658330917358398,-5.617315769195557,-5.5741047859191895,-5.531142711639404,-5.490424156188965,-5.4491095542907715,-5.4082136154174805,-5.367249488830566,-5.324069976806641,-5.2832512855529785,-5.2420878410339355,-5.199121475219727,-5.158259868621826,-5.116992950439453,-5.074177265167236,-5.031182765960693,-4.99030065536499,-4.9510393142700195,-4.912123203277588,-4.870957374572754,-4.830173015594482,-4.789009094238281,-4.748177528381348,-4.7071309089660645,-4.664024353027344,-4.621081829071045,-4.579992771148682,-4.54110050201416,-4.499929428100586,-4.45909309387207,-4.418173313140869,-4.375016689300537,-4.334060192108154,-4.292896270751953,-4.252068996429443,-4.211071491241455,-4.168183326721191,-4.1307806968688965,-4.101448059082031,-4.072303295135498,-4.038989543914795,-4.002376079559326,-3.962928295135498,-3.9217920303344727,-3.880894422531128,-3.83891224861145,-3.796837568283081,-3.7560248374938965,-3.7148826122283936,-3.6738784313201904,-3.6321280002593994,-3.5899887084960938,-3.548851490020752,-3.5076589584350586,-3.4669666290283203,-3.425830364227295,-3.3838562965393066,-3.3419127464294434,-3.300856113433838,-3.259955883026123,-3.2190768718719482,-3.177683115005493,-3.135913372039795,-3.093928337097168,-3.052825450897217,-3.0119593143463135,-2.9708902835845947,-2.929957151412964,-2.887890338897705,-2.8455474376678467,-2.8049817085266113,-2.7638285160064697,-2.7230148315429688,-2.681772232055664,-2.639979600906372,-2.598060131072998,-2.557188034057617,-2.5157456398010254,-2.4752182960510254,-2.4337637424468994,-2.392200231552124,-2.349747657775879,-2.30859112739563,-2.267580509185791,-2.2270798683166504,-2.1849377155303955,-2.1425044536590576,-2.100649118423462,-2.0560495853424072,-2.012968063354492,-1.9754430055618286,-1.934515118598938,-1.8944979906082153,-1.8550786972045898,-1.8125070333480835,-1.7715131044387817,-1.7299046516418457,-1.6890366077423096,-1.6469314098358154,-1.6071375608444214,-1.565627932548523,-1.5246411561965942,-1.4810420274734497,-1.440662145614624,-1.399227499961853,-1.3586411476135254,-1.3151054382324219,-1.2740232944488525,-1.2336739301681519,-1.1942790746688843,-1.149333119392395,-1.1081721782684326,-1.067143440246582,-1.0285464525222778,-0.9855121970176697,-0.9449961185455322,-0.9022688865661621,-0.8639298677444458,-0.8277933597564697,-0.7888463735580444,-0.7441750168800354,-0.6968855261802673,-0.6566723585128784,-0.6134663224220276,-0.5695445537567139,-0.535912036895752,-0.4967181086540222,-0.44924867153167725,-0.40281689167022705,-0.35828375816345215,-0.3187093436717987,-0.28606778383255005,-0.24250736832618713,-0.1972801387310028,-0.15955524146556854,-0.1129782497882843,-0.07949468493461609,-0.0501871295273304,-0.01328976359218359,0.030810734257102013,0.08508765697479248,0.10907689481973648,0.1726151704788208,0.2246883660554886,0.25134217739105225,0.29561111330986023,0.36327213048934937,0.40219661593437195,0.5340696573257446],"files":["scales.webp"]},"quats":{"files":["quats.webp"]},