{"version":2,"count":533052,"means":{"mins":[2.950822833327704,-4.072218046908252,-0.5401728314388372],"maxs":[4.611137074600226,-3.411008246019329,3.386162848895281],"files":["means_l.webp","means_u.webp"]},"scales":{"codebook":[-9.998506546020508,-9.952530860900879,-9.907569885253906,-9.85702896118164,-9.814363479614258,-9.769935607910156,-9.735393524169922,-9.694547653198242,-9.657279014587402,-9.61373233795166,-9.566085815429688,-9.520444869995117,-9.474716186523438,-9.430415153503418,-9.389602661132812,-9.350008964538574,-9.30998706817627,-9.261744499206543,-9.218674659729004,-9.177775382995605,-9.140295028686523,-9.098133087158203,-9.049544334411621,-9.005644798278809,-8.965011596679688,-8.920934677124023,-8.883671760559082,-8.839932441711426,-8.786296844482422,-8.741886138916016,-8.700118064880371,-8.656233787536621,-8.616484642028809,-8.57735538482666,-8.539301872253418,-8.499992370605469,-8.45736312866211,-8.410645484924316,-8.368035316467285,-8.324235916137695,-8.2814302444458,-8.242910385131836,-8.199243545532227,-8.148038864135742,-8.101431846618652,-8.061423301696777,-8.023443222045898,-7.983034610748291,-7.940821170806885,-7.898151874542236,-7.855341911315918,-7.812589168548584,-7.770525932312012,-7.726020812988281,-7.685768127441406,-7.644044399261475,-7.601465225219727,-7.5585174560546875,-7.515244007110596,-7.472589015960693,-7.428957462310791,-7.3872575759887695,-7.343749523162842,-7.300734043121338,-7.25822639465332,-7.214705944061279,-7.171265602111816,-7.128753662109375,-7.085853576660156,-7.043229579925537,-6.999598503112793,-6.956589698791504,-6.9139251708984375,-6.870625972747803,-6.82790470123291,-6.784886360168457,-6.74226188659668,-6.698890686035156,-6.656005859375,-6.613295078277588,-6.570033550262451,-6.527202129364014,-6.484316349029541,-6.441298961639404,-6.398159980773926,-6.355387210845947,-6.312366485595703,-6.269482135772705,-6.226597309112549,-6.1834564208984375,-6.140657901763916,-6.097501277923584,-6.054618835449219,-6.011682033538818,-5.968687057495117,-5.925680160522461,-5.882663249969482,-5.839817523956299,-5.798799514770508,-5.757769584655762,-5.7148661613464355,-5.671622276306152,-5.628631591796875,-5.589817047119141,-5.558552265167236,-5.527203559875488,-5.492034435272217,-5.455211639404297,-5.414111614227295,-5.371078968048096,-5.328008651733398,-5.285375595092773,-5.242098808288574,-5.199069023132324,-5.16209077835083,-5.134833812713623,-5.103548049926758,-5.062306880950928,-5.0194902420043945,-4.976418972015381,-4.933557987213135,-4.89251708984375,-4.853705883026123,-4.812310695648193,-4.7694501876831055,-4.726592063903809,-4.683647155761719,-4.640496253967285,-4.6015214920043945,-4.570338249206543,-4.539048194885254,-4.501962661743164,-4.460892200469971,-4.421795845031738,-4.3847975730896,-4.343784809112549,-4.304772853851318,-4.275351047515869,-4.248048782348633,-4.213017463684082,-4.173825263977051,-4.138839244842529,-4.109385013580322,-4.076180934906006,-4.037048816680908,-3.9975717067718506,-3.9562253952026367,-3.913003921508789,-3.8701303005218506,-3.827177047729492,-3.784144878387451,-3.74127197265625,-3.6982860565185547,-3.6553382873535156,-3.6122443675994873,-3.5712814331054688,-3.5341176986694336,-3.502005100250244,-3.469836711883545,-3.432637929916382,-3.3936004638671875,-3.3533923625946045,-3.3125016689300537,-3.2706024646759033,-3.227531671524048,-3.184685707092285,-3.1416099071502686,-3.098662853240967,-3.055696725845337,-3.0126898288726807,-2.9708099365234375,-2.9305858612060547,-2.8926265239715576,-2.8574883937835693,-2.82419490814209,-2.7881901264190674,-2.749964952468872,-2.711994171142578,-2.671020746231079,-2.628154754638672,-2.5850894451141357,-2.542271375656128,-2.499258041381836,-2.456251621246338,-2.4142911434173584,-2.3750691413879395,-2.3389382362365723,-2.3055524826049805,-2.27354097366333,-2.239555835723877,-2.205315113067627,-2.1731903553009033,-2.1395950317382812,-2.1048107147216797,-2.0678188800811768,-2.0279247760772705,-1.9851731061935425,-1.9422881603240967,-1.8993306159973145,-1.8568929433822632,-1.8144677877426147,-1.7712364196777344,-1.7285001277923584,-1.6857284307479858,-1.6425912380218506,-1.5992332696914673,-1.5567259788513184,-1.512796401977539,-1.4713233709335327,-1.4285880327224731,-1.3856984376907349,-1.3422200679779053,-1.3000396490097046,-1.256392240524292,-1.2137376070022583,-1.1707923412322998,-1.1272841691970825,-1.0858056545257568,-1.04159414768219,-0.9979813098907471,-0.9554210305213928,-0.9144008159637451,-0.8726233839988708,-0.8287361860275269,-0.7839602828025818,-0.7363263964653015,-0.6948140263557434,-0.6535804867744446,-0.6104838848114014,-0.5676848292350769,-0.5277903079986572,-0.48759350180625916,-0.4432271122932434,-0.4053367078304291,-0.3638135492801666,-0.3238489031791687,-0.27935928106307983,-0.23711027204990387,-0.19097039103507996,-0.14859655499458313,-0.1011095941066742,-0.053482867777347565,-0.019246401265263557,0.015741566196084023,0.06800126284360886,0.10589037090539932,0.1541767418384552,0.1983465999364853,0.23621247708797455,0.26083970069885254,0.3194657862186432,0.3669053912162781,0.4132838845252991,0.5367845892906189,0.7187486290931702,0.9289548993110657],"files":["scales.webp"]},"quats":{"files":["quats.webp"]},