{"version":2,"count":525035,"means":{"mins":[-2.5800594464964375,-1.218235986759755,-1.528738416144431],"maxs":[-0.961147301150343,3.8559294379691336,2.812695739545044],"files":["means_l.webp","means_u.webp"]},"scales":{"codebook":[-9.998773574829102,-9.963136672973633,-9.915240287780762,-9.871519088745117,-9.828340530395508,-9.789078712463379,-9.746417999267578,-9.703492164611816,-9.660337448120117,-9.616734504699707,-9.578216552734375,-9.535276412963867,-9.492122650146484,-9.44946575164795,-9.40596866607666,-9.36712646484375,-9.328222274780273,-9.285497665405273,-9.238554954528809,-9.195356369018555,-9.156586647033691,-9.117016792297363,-9.074726104736328,-9.031147956848145,-8.988605499267578,-8.94519329071045,-8.902713775634766,-8.85911750793457,-8.82006549835205,-8.77765941619873,-8.730278968811035,-8.687131881713867,-8.64795970916748,-8.609265327453613,-8.566494941711426,-8.523242950439453,-8.484410285949707,-8.441763877868652,-8.397832870483398,-8.3593111038208,-8.3203763961792,-8.277546882629395,-8.234284400939941,-8.191741943359375,-8.148321151733398,-8.109267234802246,-8.066607475280762,-8.022951126098633,-7.9837260246276855,-7.941280841827393,-7.898210525512695,-7.855682373046875,-7.814453601837158,-7.773564338684082,-7.730350017547607,-7.6874098777771,-7.644347667694092,-7.601345062255859,-7.558614253997803,-7.5171709060668945,-7.4787445068359375,-7.437562465667725,-7.394312381744385,-7.350933074951172,-7.310647487640381,-7.269462585449219,-7.226621627807617,-7.185515880584717,-7.1484785079956055,-7.119134426116943,-7.095814228057861,-7.070402145385742,-7.0389275550842285,-7.003668308258057,-6.966912269592285,-6.925588607788086,-6.884710788726807,-6.845905780792236,-6.804447650909424,-6.761422634124756,-6.72074556350708,-6.679688453674316,-6.636620998382568,-6.595932960510254,-6.554662227630615,-6.511353492736816,-6.46856164932251,-6.425590515136719,-6.38485860824585,-6.343557357788086,-6.3009562492370605,-6.259779453277588,-6.218584060668945,-6.175786018371582,-6.1327667236328125,-6.091986656188965,-6.050703048706055,-6.007966995239258,-5.964760780334473,-5.92181921005249,-5.880880355834961,-5.8418049812316895,-5.804727077484131,-5.775383472442627,-5.748237133026123,-5.712916374206543,-5.671811103820801,-5.628990650177002,-5.588010311126709,-5.5466461181640625,-5.503911018371582,-5.460961818695068,-5.417764663696289,-5.377123832702637,-5.336274147033691,-5.292881488800049,-5.2520880699157715,-5.2167463302612305,-5.1894965171813965,-5.160064697265625,-5.123124122619629,-5.0840325355529785,-5.042783260345459,-4.999882221221924,-4.956862449645996,-4.913756370544434,-4.870784759521484,-4.827958106994629,-4.788867473602295,-4.755734920501709,-4.726485729217529,-4.6933722496032715,-4.652152061462402,-4.609200477600098,-4.5681867599487305,-4.531162261962891,-4.494226932525635,-4.453073024749756,-4.410080432891846,-4.3691816329956055,-4.332071304321289,-4.298720836639404,-4.265543460845947,-4.2305216789245605,-4.195303916931152,-4.1583356857299805,-4.1171417236328125,-4.074185848236084,-4.03118371963501,-3.988701820373535,-3.94720196723938,-3.9061923027038574,-3.865285634994507,-3.8234152793884277,-3.7813332080841064,-3.7393617630004883,-3.696537733078003,-3.654310941696167,-3.6135241985321045,-3.571291923522949,-3.5293421745300293,-3.487577199935913,-3.4452953338623047,-3.403440475463867,-3.3614487648010254,-3.3194661140441895,-3.2776682376861572,-3.2357752323150635,-3.1934146881103516,-3.151453733444214,-3.1096384525299072,-3.0695114135742188,-3.031327247619629,-2.9963390827178955,-2.9640696048736572,-2.9297146797180176,-2.8926849365234375,-2.854768753051758,-2.8146817684173584,-2.7729692459106445,-2.730818033218384,-2.6886990070343018,-2.646772861480713,-2.6049325466156006,-2.5629477500915527,-2.520747423171997,-2.4788217544555664,-2.4365437030792236,-2.3945796489715576,-2.352715015411377,-2.3104135990142822,-2.268742084503174,-2.226086378097534,-2.1815199851989746,-2.1367483139038086,-2.0923352241516113,-2.0502469539642334,-2.0090246200561523,-1.97162663936615,-1.931337833404541,-1.8901920318603516,-1.8485779762268066,-1.8071929216384888,-1.764696717262268,-1.722906231880188,-1.680411696434021,-1.638587474822998,-1.5964051485061646,-1.5545130968093872,-1.5132960081100464,-1.4705545902252197,-1.4290424585342407,-1.3867751359939575,-1.3433195352554321,-1.300628662109375,-1.2622754573822021,-1.2201697826385498,-1.1788305044174194,-1.1350237131118774,-1.0923100709915161,-1.0507994890213013,-1.009433627128601,-0.9629336595535278,-0.9191844463348389,-0.8780062198638916,-0.840404748916626,-0.7990426421165466,-0.7558184266090393,-0.7134212851524353,-0.6687844395637512,-0.6267338991165161,-0.5815609693527222,-0.5381455421447754,-0.5046060085296631,-0.47302424907684326,-0.42775896191596985,-0.38861343264579773,-0.33364638686180115,-0.29311832785606384,-0.24580316245555878,-0.2086445838212967,-0.1724075824022293,-0.13331308960914612,-0.0955142006278038,-0.042230669409036636,-0.007609975058585405,0.041304122656583786,0.07716835290193558,0.12232564389705658,0.17272645235061646,0.2003423422574997,0.2387256920337677,0.2909891605377197,0.4008912444114685,0.5551887154579163,0.7138517498970032],"files":["scales.webp"]},"quats":{"files":["quats.webp"]},