{"version":2,"count":529372,"means":{"mins":[2.964667919210654,-1.070393985715456,-1.157969104079441],"maxs":[3.1351495069186956,3.9174762490785686,2.836198261048224],"files":["means_l.webp","means_u.webp"]},"scales":{"codebook":[-9.998150825500488,-9.963651657104492,-9.91515827178955,-9.871614456176758,-9.827878952026367,-9.789115905761719,-9.749942779541016,-9.710769653320312,-9.668272972106934,-9.621010780334473,-9.577771186828613,-9.539033889770508,-9.500452041625977,-9.457146644592285,-9.413931846618652,-9.37110710144043,-9.328071594238281,-9.28908920288086,-9.250452995300293,-9.211048126220703,-9.168092727661133,-9.120960235595703,-9.077932357788086,-9.038905143737793,-8.999671936035156,-8.957148551940918,-8.914201736450195,-8.87489128112793,-8.83608341217041,-8.796623229980469,-8.753949165344238,-8.710938453674316,-8.671838760375977,-8.628962516784668,-8.585904121398926,-8.542984962463379,-8.500114440917969,-8.460588455200195,-8.418006896972656,-8.375065803527832,-8.3357515335083,-8.296923637390137,-8.257942199707031,-8.215043067932129,-8.17154312133789,-8.133017539978027,-8.089914321899414,-8.046695709228516,-8.00706958770752,-7.967138290405273,-7.925609111785889,-7.8828325271606445,-7.839801788330078,-7.798971176147461,-7.759957790374756,-7.718721866607666,-7.675891399383545,-7.635066986083984,-7.593900203704834,-7.552906036376953,-7.5118937492370605,-7.468948841094971,-7.42780065536499,-7.386528491973877,-7.346020221710205,-7.304409027099609,-7.261849880218506,-7.218679428100586,-7.177775859832764,-7.136561393737793,-7.095752716064453,-7.054259300231934,-7.011591911315918,-6.96856689453125,-6.925676345825195,-6.882885932922363,-6.8396077156066895,-6.800513744354248,-6.7637553215026855,-6.722684383392334,-6.679476737976074,-6.636739730834961,-6.593627452850342,-6.550787448883057,-6.507658958435059,-6.468532562255859,-6.431701183319092,-6.390361309051514,-6.3476738929748535,-6.30855131149292,-6.273261070251465,-6.2342143058776855,-6.193254470825195,-6.154147148132324,-6.115200519561768,-6.077910900115967,-6.042821407318115,-6.005882740020752,-5.964707374572754,-5.921656131744385,-5.880758762359619,-5.839656352996826,-5.800704479217529,-5.765626430511475,-5.730430603027344,-5.69720983505249,-5.667958736419678,-5.640546798706055,-5.613208770751953,-5.581998825073242,-5.546850204467773,-5.511682510375977,-5.474667549133301,-5.435394287109375,-5.396510124206543,-5.3554368019104,-5.314523696899414,-5.2735395431518555,-5.230468273162842,-5.189610004425049,-5.148525714874268,-5.105471134185791,-5.064536094665527,-5.023501396179199,-4.984412670135498,-4.955034255981445,-4.927778244018555,-4.894617080688477,-4.85754919052124,-4.816619396209717,-4.777336120605469,-4.744223117828369,-4.714897155761719,-4.6857147216796875,-4.650457382202148,-4.6151838302612305,-4.587926387786865,-4.560624599456787,-4.525557518005371,-4.484643936157227,-4.4436140060424805,-4.402583599090576,-4.359436988830566,-4.31625509262085,-4.275568962097168,-4.2364115715026855,-4.195376396179199,-4.152443885803223,-4.111344337463379,-4.070403575897217,-4.027488708496094,-3.9886796474456787,-3.955150604248047,-3.923715829849243,-3.8916847705841064,-3.85465931892395,-3.8143794536590576,-3.7752835750579834,-3.737305164337158,-3.697381019592285,-3.6560616493225098,-3.6144027709960938,-3.5725836753845215,-3.5312676429748535,-3.4902613162994385,-3.448615789413452,-3.4065945148468018,-3.3655662536621094,-3.3242642879486084,-3.2834362983703613,-3.241499185562134,-3.199573278427124,-3.15826416015625,-3.11749529838562,-3.075394868850708,-3.033445119857788,-2.992178201675415,-2.9511959552764893,-2.91019606590271,-2.8684792518615723,-2.826756477355957,-2.7855775356292725,-2.74418568611145,-2.7024803161621094,-2.660571336746216,-2.6198604106903076,-2.578481912612915,-2.536729335784912,-2.4946281909942627,-2.4543631076812744,-2.4125289916992188,-2.371610403060913,-2.3296544551849365,-2.287008285522461,-2.246278762817383,-2.204190492630005,-2.159789562225342,-2.1169207096099854,-2.075657606124878,-2.039304733276367,-2.005889654159546,-1.9647799730300903,-1.918068289756775,-1.873154640197754,-1.8317160606384277,-1.7876440286636353,-1.7476718425750732,-1.7075681686401367,-1.6642675399780273,-1.6256309747695923,-1.5848748683929443,-1.5441116094589233,-1.5024933815002441,-1.4621514081954956,-1.424105167388916,-1.3814866542816162,-1.3312456607818604,-1.2947245836257935,-1.2562609910964966,-1.2102515697479248,-1.1738669872283936,-1.1234606504440308,-1.0859318971633911,-1.0370802879333496,-1.0001928806304932,-0.9584440588951111,-0.9272319078445435,-0.8834729790687561,-0.8356724977493286,-0.7997804880142212,-0.752303957939148,-0.7085009217262268,-0.6670082211494446,-0.6251621842384338,-0.5889054536819458,-0.5528072714805603,-0.506660521030426,-0.4647798240184784,-0.42211517691612244,-0.3887925446033478,-0.36089545488357544,-0.3053733706474304,-0.2578524649143219,-0.21523547172546387,-0.17011424899101257,-0.11808694899082184,-0.07388637959957123,-0.028785258531570435,-0.012750688008964062,0.02711518295109272,0.06686380505561829,0.3000008463859558,0.4095548987388611,0.4391777813434601,0.549168586730957,0.5712417960166931],"files":["scales.webp"]},"quats":{"files":["quats.webp"]},