{"version":2,"count":541520,"means":{"mins":[2.176615305871228,-1.0703843803510358,-1.184981935000943],"maxs":[2.96466555817297,4.013823006008445,2.78799102182463],"files":["means_l.webp","means_u.webp"]},"scales":{"codebook":[-9.998465538024902,-9.962218284606934,-9.914521217346191,-9.871472358703613,-9.828424453735352,-9.785359382629395,-9.738308906555176,-9.695354461669922,-9.656258583068848,-9.617279052734375,-9.57429313659668,-9.530970573425293,-9.492136001586914,-9.449315071105957,-9.406222343444824,-9.363367080688477,-9.320594787597656,-9.277469635009766,-9.234079360961914,-9.195218086242676,-9.152386665344238,-9.109439849853516,-9.06658935546875,-9.019399642944336,-8.976540565490723,-8.937165260314941,-8.89826774597168,-8.855483055114746,-8.812653541564941,-8.77330207824707,-8.73050308227539,-8.683452606201172,-8.640580177307129,-8.601662635803223,-8.55862808227539,-8.515763282775879,-8.472722053527832,-8.429885864257812,-8.390457153320312,-8.348052978515625,-8.300660133361816,-8.257796287536621,-8.218670845031738,-8.175919532775879,-8.128984451293945,-8.085768699645996,-8.046622276306152,-8.007110595703125,-7.966848373413086,-7.925599575042725,-7.882706642150879,-7.8396453857421875,-7.79681396484375,-7.753911018371582,-7.7130866050720215,-7.671616077423096,-7.62912130355835,-7.585779190063477,-7.542697906494141,-7.499981880187988,-7.456914901733398,-7.416301250457764,-7.375294208526611,-7.331932067871094,-7.288848876953125,-7.246036052703857,-7.202702522277832,-7.162173271179199,-7.121048450469971,-7.078091144561768,-7.03501558303833,-6.992069721221924,-6.951286792755127,-6.909974098205566,-6.8671956062316895,-6.8262410163879395,-6.784931182861328,-6.741910457611084,-6.6989617347717285,-6.656351566314697,-6.613125801086426,-6.570228576660156,-6.527158260345459,-6.4843339920043945,-6.443451404571533,-6.40217399597168,-6.359283924102783,-6.316196441650391,-6.2754807472229,-6.234202861785889,-6.191300868988037,-6.1482157707214355,-6.105384349822998,-6.062313079833984,-6.019296169281006,-5.976445198059082,-5.933354377746582,-5.890442371368408,-5.8494744300842285,-5.810668468475342,-5.769397735595703,-5.726759910583496,-5.6836771965026855,-5.640448570251465,-5.5976104736328125,-5.554413318634033,-5.51151704788208,-5.468585014343262,-5.427797317504883,-5.386666774749756,-5.3437886238098145,-5.302745819091797,-5.261702537536621,-5.2185821533203125,-5.176013469696045,-5.132617473602295,-5.089755535125732,-5.048863410949707,-5.007874965667725,-4.964783668518066,-4.921856880187988,-4.8790106773376465,-4.835988521575928,-4.794993877410889,-4.754001617431641,-4.711126327514648,-4.667982578277588,-4.6250996589660645,-4.581932544708252,-4.539032459259033,-4.498189449310303,-4.458920955657959,-4.425792217254639,-4.398402214050293,-4.369210720062256,-4.337954521179199,-4.308586597442627,-4.277361869812012,-4.240338325500488,-4.201200485229492,-4.160198211669922,-4.117280960083008,-4.074408531188965,-4.0312676429748535,-3.9898457527160645,-3.949404001235962,-3.9103379249572754,-3.875131607055664,-3.841921806335449,-3.807868003845215,-3.772566318511963,-3.7355141639709473,-3.6945412158966064,-3.65152907371521,-3.6095192432403564,-3.5675084590911865,-3.5249009132385254,-3.4823801517486572,-3.440549612045288,-3.3977904319763184,-3.35542893409729,-3.313753843307495,-3.2705864906311035,-3.229166269302368,-3.1867599487304688,-3.143709659576416,-3.1018407344818115,-3.0599820613861084,-3.0169713497161865,-2.9750170707702637,-2.933763265609741,-2.894911289215088,-2.8592915534973145,-2.8260295391082764,-2.7923030853271484,-2.7558679580688477,-2.7183568477630615,-2.6776773929595947,-2.636334180831909,-2.594012498855591,-2.5520360469818115,-2.509660005569458,-2.4669973850250244,-2.425071954727173,-2.3823471069335938,-2.338646411895752,-2.2966842651367188,-2.254992723464966,-2.213214874267578,-2.1713550090789795,-2.1280722618103027,-2.084407091140747,-2.0420079231262207,-2.0045266151428223,-1.9603034257888794,-1.9159066677093506,-1.8748624324798584,-1.8329486846923828,-1.7909122705459595,-1.749009132385254,-1.705794095993042,-1.6629127264022827,-1.6220213174819946,-1.5782668590545654,-1.536930799484253,-1.492691159248352,-1.451485514640808,-1.4121562242507935,-1.3683584928512573,-1.3262418508529663,-1.2825911045074463,-1.2407810688018799,-1.1985012292861938,-1.1572315692901611,-1.1166126728057861,-1.0747044086456299,-1.0292752981185913,-0.987572968006134,-0.9435929656028748,-0.902047872543335,-0.8601256608963013,-0.8138585090637207,-0.7696226239204407,-0.7244680523872375,-0.6917359828948975,-0.6497660279273987,-0.6033127307891846,-0.5649855732917786,-0.5243017077445984,-0.4645593464374542,-0.4254947900772095,-0.39008623361587524,-0.3495686650276184,-0.3066268563270569,-0.28012919425964355,-0.22009092569351196,-0.184609517455101,-0.13285885751247406,-0.0941072329878807,-0.06028079241514206,-0.0203943382948637,0.03447997570037842,0.06644708663225174,0.10784691572189331,0.15315622091293335,0.19653426110744476,0.23779958486557007,0.2779601812362671,0.33381763100624084,0.3802986741065979,0.39859652519226074,0.43574953079223633,0.4934860169887543,0.5336276292800903,0.5769625902175903,0.790631890296936],"files":["scales.webp"]},"quats":{"files":["quats.webp"]},