{"version":2,"count":636504,"means":{"mins":[2.7618445740662176,-1.0703507812867052,-1.1845967465737501],"maxs":[3.0714354575459435,3.9743717117327075,2.814972092545637],"files":["means_l.webp","means_u.webp"]},"scales":{"codebook":[-9.998230934143066,-9.9631986618042,-9.911073684692383,-9.867058753967285,-9.827995300292969,-9.785269737243652,-9.742125511169434,-9.70312786102295,-9.660646438598633,-9.613059997558594,-9.569839477539062,-9.53107738494873,-9.492531776428223,-9.44951057434082,-9.402363777160645,-9.359439849853516,-9.320443153381348,-9.27755069732666,-9.23447036743164,-9.19162368774414,-9.148428916931152,-9.108845710754395,-9.066410064697266,-9.019415855407715,-8.972702980041504,-8.929476737976074,-8.890449523925781,-8.851334571838379,-8.812396049499512,-8.773219108581543,-8.730500221252441,-8.683412551879883,-8.640227317810059,-8.597658157348633,-8.550426483154297,-8.504080772399902,-8.460851669311523,-8.42162799835205,-8.382822036743164,-8.343562126159668,-8.304455757141113,-8.26174545288086,-8.21885871887207,-8.179638862609863,-8.136820793151855,-8.089873313903809,-8.046839714050293,-8.006957054138184,-7.964893341064453,-7.92134952545166,-7.8789520263671875,-7.8377180099487305,-7.7989068031311035,-7.757518768310547,-7.714529991149902,-7.671990871429443,-7.6305036544799805,-7.597530364990234,-7.572320461273193,-7.5410332679748535,-7.50200080871582,-7.460892200469971,-7.4177937507629395,-7.374877452850342,-7.331923007965088,-7.288875102996826,-7.246150493621826,-7.2030534744262695,-7.159815311431885,-7.1170759201049805,-7.076147079467773,-7.037116527557373,-6.996170997619629,-6.9529337882995605,-6.911959648132324,-6.879014015197754,-6.84965705871582,-6.8163743019104,-6.779329776763916,-6.738064765930176,-6.697278022766113,-6.656196117401123,-6.61312198638916,-6.572301387786865,-6.531110763549805,-6.490091800689697,-6.453000068664551,-6.421861171722412,-6.390549182891846,-6.355288028717041,-6.3184332847595215,-6.277270317077637,-6.236298561096191,-6.199236869812012,-6.167900562286377,-6.136577129364014,-6.101400375366211,-6.068229675292969,-6.04089879989624,-6.015474319458008,-5.988198757171631,-5.96299409866333,-5.933346748352051,-5.900409698486328,-5.869077205657959,-5.83404016494751,-5.794955253601074,-5.753859043121338,-5.714785575866699,-5.677797794342041,-5.638672828674316,-5.5976176261901855,-5.5546088218688965,-5.513692855834961,-5.472722053527832,-5.429749011993408,-5.388674259185791,-5.3476881980896,-5.3047027587890625,-5.261688232421875,-5.21878719329834,-5.175835132598877,-5.134919166564941,-5.0938496589660645,-5.050839424133301,-5.007840156555176,-4.964920997619629,-4.921951770782471,-4.880951881408691,-4.839860439300537,-4.800869464874268,-4.769631862640381,-4.740250587463379,-4.709039688110352,-4.67786169052124,-4.6484599113464355,-4.619299411773682,-4.584009170532227,-4.547124862670898,-4.511991024017334,-4.480447292327881,-4.449447154998779,-4.412293434143066,-4.373208045959473,-4.332309246063232,-4.289292335510254,-4.2461256980896,-4.203090667724609,-4.1659955978393555,-4.140666484832764,-4.119239807128906,-4.095623016357422,-4.0685648918151855,-4.033348560333252,-3.9948842525482178,-3.9571704864501953,-3.9227583408355713,-3.8917484283447266,-3.8577561378479004,-3.8193392753601074,-3.779517412185669,-3.738295793533325,-3.696542739868164,-3.6533586978912354,-3.611398220062256,-3.5696794986724854,-3.526719570159912,-3.483747720718384,-3.4405436515808105,-3.398437261581421,-3.3573837280273438,-3.315474510192871,-3.272651195526123,-3.2308483123779297,-3.1889636516571045,-3.1459665298461914,-3.104156255722046,-3.061828374862671,-3.0190927982330322,-2.976604461669922,-2.9347925186157227,-2.892184019088745,-2.849886417388916,-2.807790994644165,-2.7647323608398438,-2.722238779067993,-2.6816694736480713,-2.6387319564819336,-2.596938371658325,-2.5538880825042725,-2.5118446350097656,-2.4703402519226074,-2.42747163772583,-2.3851816654205322,-2.3429408073425293,-2.300417900085449,-2.258269786834717,-2.216323137283325,-2.1731770038604736,-2.1300976276397705,-2.0861477851867676,-2.044304847717285,-2.006699323654175,-1.9661651849746704,-1.919856071472168,-1.876719355583191,-1.8346338272094727,-1.7937380075454712,-1.7513961791992188,-1.707861065864563,-1.6640379428863525,-1.6186174154281616,-1.5778286457061768,-1.5350041389465332,-1.4929629564285278,-1.4499198198318481,-1.4097212553024292,-1.3702417612075806,-1.3319035768508911,-1.2827427387237549,-1.2357254028320312,-1.1923491954803467,-1.1514557600021362,-1.1114532947540283,-1.072754144668579,-1.0346479415893555,-0.9959568381309509,-0.9463869333267212,-0.9016699194908142,-0.8639963865280151,-0.8239999413490295,-0.7859283685684204,-0.7367876768112183,-0.6912038922309875,-0.6564266085624695,-0.6085333824157715,-0.5620566010475159,-0.5220515131950378,-0.4832471013069153,-0.43834415078163147,-0.3943076729774475,-0.3609180152416229,-0.3138893246650696,-0.25727367401123047,-0.23227310180664062,-0.17337161302566528,-0.14507724344730377,-0.09860116988420486,-0.06339173763990402,0.021931149065494537,0.10251940041780472,0.24617837369441986,0.30098769068717957,0.5686134696006775,0.6681379675865173,0.7876851558685303],"files":["scales.webp"]},"quats":{"files":["quats.webp"]},