{"version":2,"count":552701,"means":{"mins":[-0.9611450671373446,2.2288736680173353,-0.5287292964562115],"maxs":[2.1766119525860277,2.5577449412069253,1.3124770339924077],"files":["means_l.webp","means_u.webp"]},"scales":{"codebook":[-9.998092651367188,-9.967673301696777,-9.934784889221191,-9.902640342712402,-9.866850852966309,-9.832356452941895,-9.80083179473877,-9.769962310791016,-9.738553047180176,-9.70254898071289,-9.663878440856934,-9.629161834716797,-9.597495079040527,-9.570261001586914,-9.543244361877441,-9.50769329071045,-9.468832969665527,-9.43344783782959,-9.402687072753906,-9.37493896484375,-9.347763061523438,-9.316415786743164,-9.280911445617676,-9.24204158782959,-9.203503608703613,-9.171786308288574,-9.148330688476562,-9.121143341064453,-9.085712432861328,-9.054376602172852,-9.027421951293945,-8.992148399353027,-8.952875137329102,-8.913749694824219,-8.882631301879883,-8.859390258789062,-8.832185745239258,-8.796582221984863,-8.761872291564941,-8.730475425720215,-8.699295997619629,-8.6639404296875,-8.632770538330078,-8.605587005615234,-8.570718765258789,-8.535123825073242,-8.504094123840332,-8.472893714904785,-8.437256813049316,-8.405997276306152,-8.379161834716797,-8.343204498291016,-8.304618835449219,-8.269485473632812,-8.238421440124512,-8.20700740814209,-8.175825119018555,-8.144332885742188,-8.113309860229492,-8.081829071044922,-8.050933837890625,-8.01954174041748,-7.9872331619262695,-7.9529709815979,-7.921782970428467,-7.892712116241455,-7.859303951263428,-7.823940277099609,-7.790976047515869,-7.759914398193359,-7.72644567489624,-7.69330358505249,-7.662233829498291,-7.628946781158447,-7.5954203605651855,-7.564462184906006,-7.53102970123291,-7.4959588050842285,-7.460965633392334,-7.429602146148682,-7.402383804321289,-7.373113632202148,-7.339632511138916,-7.306589126586914,-7.275392055511475,-7.244322299957275,-7.210751056671143,-7.177546977996826,-7.14654541015625,-7.113171100616455,-7.080001354217529,-7.048889636993408,-7.0157551765441895,-6.982424259185791,-6.951282501220703,-6.917827129364014,-6.884799480438232,-6.853570461273193,-6.820119380950928,-6.787161350250244,-6.753800392150879,-6.720603942871094,-6.689479827880859,-6.658113479614258,-6.626958847045898,-6.595748424530029,-6.562472343444824,-6.527222156524658,-6.494140625,-6.462706089019775,-6.431741237640381,-6.39822244644165,-6.363068103790283,-6.331890106201172,-6.302746772766113,-6.271507263183594,-6.23826265335083,-6.203007698059082,-6.167881011962891,-6.1366705894470215,-6.107439041137695,-6.074154376983643,-6.038954257965088,-6.005852699279785,-5.974663734436035,-5.941361904144287,-5.906198978424072,-5.871093273162842,-5.839737892150879,-5.812477111816406,-5.783293724060059,-5.7499494552612305,-5.714831352233887,-5.683642387390137,-5.65430212020874,-5.621044158935547,-5.585883617401123,-5.550752639770508,-5.517497539520264,-5.486352920532227,-5.455086708068848,-5.421730995178223,-5.390539169311523,-5.361379623413086,-5.33021879196167,-5.2988481521606445,-5.265660762786865,-5.2324371337890625,-5.201290130615234,-5.168004512786865,-5.134824275970459,-5.103618621826172,-5.070480823516846,-5.037184238433838,-5.0060200691223145,-4.974684238433838,-4.941440105438232,-4.908194065093994,-4.8770856857299805,-4.8439459800720215,-4.810716152191162,-4.779473304748535,-4.746285915374756,-4.712915420532227,-4.681727886199951,-4.650548458099365,-4.617290019989014,-4.5841569900512695,-4.550737380981445,-4.517718315124512,-4.486618995666504,-4.455224514007568,-4.422060489654541,-4.388855934143066,-4.35754919052124,-4.326322078704834,-4.293137550354004,-4.259731769561768,-4.228789806365967,-4.195481300354004,-4.1620869636535645,-4.131019592285156,-4.09776496887207,-4.064712047576904,-4.033243179321289,-4.000824928283691,-3.967984914779663,-3.936795473098755,-3.9043240547180176,-3.871142625808716,-3.837618350982666,-3.805690050125122,-3.7744510173797607,-3.742185115814209,-3.7100634574890137,-3.6779098510742188,-3.644425630569458,-3.6123902797698975,-3.5799410343170166,-3.548238515853882,-3.5160138607025146,-3.482609272003174,-3.450399398803711,-3.4178102016448975,-3.385965585708618,-3.3537914752960205,-3.3199875354766846,-3.28696608543396,-3.2552366256713867,-3.2237958908081055,-3.1915078163146973,-3.158479928970337,-3.126338243484497,-3.0939173698425293,-3.0621864795684814,-3.02921462059021,-2.995633363723755,-2.9626526832580566,-2.9309017658233643,-2.89961838722229,-2.867272138595581,-2.833934783935547,-2.800929307937622,-2.768566131591797,-2.736274480819702,-2.7046194076538086,-2.6711065769195557,-2.6402037143707275,-2.606890916824341,-2.5753026008605957,-2.543757915496826,-2.5101964473724365,-2.4778268337249756,-2.445549488067627,-2.4118294715881348,-2.378100872039795,-2.3473002910614014,-2.315877676010132,-2.2828996181488037,-2.2495360374450684,-2.2190754413604736,-2.1864688396453857,-2.152177095413208,-2.1205806732177734,-2.0871078968048096,-2.0555410385131836,-2.031841278076172,-2.002335548400879,-1.9662748575210571,-1.917543649673462,-1.8890595436096191,-1.8527897596359253,-1.8193280696868896,-1.8003556728363037,-1.7589160203933716,-1.7371540069580078],"files":["scales.webp"]},"quats":{"files":["quats.webp"]},