{"version":2,"count":542024,"means":{"mins":[2.1766146568491633,2.567882880882654,-0.40878715237578434],"maxs":[2.7618427063610187,2.961479083091096,2.8452636665086093],"files":["means_l.webp","means_u.webp"]},"scales":{"codebook":[-9.999149322509766,-9.964566230773926,-9.918484687805176,-9.874565124511719,-9.835556983947754,-9.796589851379395,-9.757676124572754,-9.718782424926758,-9.679874420166016,-9.640515327453613,-9.601621627807617,-9.562538146972656,-9.523382186889648,-9.484404563903809,-9.444866180419922,-9.40623950958252,-9.363656997680664,-9.32026195526123,-9.281076431274414,-9.242298126220703,-9.202713966369629,-9.164052963256836,-9.1257905960083,-9.086015701293945,-9.046564102172852,-9.00741958618164,-8.965216636657715,-8.922074317932129,-8.88275146484375,-8.843531608581543,-8.804849624633789,-8.765644073486328,-8.726605415344238,-8.687227249145508,-8.648491859436035,-8.609100341796875,-8.570415496826172,-8.52739143371582,-8.48441219329834,-8.445385932922363,-8.40572738647461,-8.366891860961914,-8.327956199645996,-8.288869857788086,-8.250195503234863,-8.211503028869629,-8.171896934509277,-8.128990173339844,-8.08593463897705,-8.046775817871094,-8.006685256958008,-7.966644287109375,-7.927744388580322,-7.888329029083252,-7.849623680114746,-7.808476448059082,-7.767513751983643,-7.728602886199951,-7.68745756149292,-7.644145488739014,-7.605416297912598,-7.570138931274414,-7.533370018005371,-7.492081165313721,-7.4490580558776855,-7.408059597015381,-7.370988368988037,-7.3340630531311035,-7.292807102203369,-7.251744747161865,-7.212948322296143,-7.171839237213135,-7.1308512687683105,-7.091798782348633,-7.0506415367126465,-7.011427879333496,-6.978463649749756,-6.945140361785889,-6.910105228424072,-6.874997138977051,-6.839653968811035,-6.804702281951904,-6.769206523895264,-6.734198570251465,-6.697436809539795,-6.660038471221924,-6.630712032318115,-6.603666305541992,-6.570188522338867,-6.533288478851318,-6.491981029510498,-6.449164867401123,-6.408213138580322,-6.371159553527832,-6.335752487182617,-6.298843860626221,-6.2576189041137695,-6.2168378829956055,-6.175558567047119,-6.13467264175415,-6.099517822265625,-6.072187423706055,-6.048828125,-6.025346755981445,-6.002019882202148,-5.972696781158447,-5.937467098236084,-5.900475978851318,-5.8594279289245605,-5.816359519958496,-5.7754130363464355,-5.734281063079834,-5.6952619552612305,-5.658266067504883,-5.6192121505737305,-5.578007698059082,-5.53512716293335,-5.495996475219727,-5.460797309875488,-5.423855304718018,-5.382723331451416,-5.3417205810546875,-5.3048529624938965,-5.275356769561768,-5.253894805908203,-5.23458194732666,-5.210841178894043,-5.181764602661133,-5.152370452880859,-5.124994277954102,-5.095730304718018,-5.062592506408691,-5.025406837463379,-4.986360549926758,-4.945394992828369,-4.904400825500488,-4.865219593048096,-4.826300621032715,-4.787156105041504,-4.748138904571533,-4.7071051597595215,-4.666098117828369,-4.626879692077637,-4.58807897567749,-4.548839569091797,-4.507772445678711,-4.466864585876465,-4.427909851074219,-4.38881254196167,-4.347723484039307,-4.306803226470947,-4.267807960510254,-4.230587005615234,-4.201165676116943,-4.183515548706055,-4.168004989624023,-4.142722129821777,-4.10750150680542,-4.068470001220703,-4.02970027923584,-3.990712881088257,-3.952336072921753,-3.912259340286255,-3.8721752166748047,-3.8331875801086426,-3.7929351329803467,-3.7530078887939453,-3.71307110786438,-3.67413067817688,-3.6390740871429443,-3.6076340675354004,-3.578038454055786,-3.5460422039031982,-3.510897636413574,-3.4738996028900146,-3.4335570335388184,-3.3938324451446533,-3.354818105697632,-3.3156046867370605,-3.2756707668304443,-3.2357046604156494,-3.1964263916015625,-3.156702995300293,-3.116448163986206,-3.076288938522339,-3.0366721153259277,-2.997523784637451,-2.957162857055664,-2.917649030685425,-2.878464460372925,-2.8383829593658447,-2.7985141277313232,-2.759077310562134,-2.7187838554382324,-2.678978443145752,-2.6387009620666504,-2.6000254154205322,-2.559986114501953,-2.5201010704040527,-2.480462074279785,-2.4415955543518066,-2.4011261463165283,-2.3599741458892822,-2.322110891342163,-2.2835559844970703,-2.242805242538452,-2.2014060020446777,-2.159235954284668,-2.120286703109741,-2.07936954498291,-2.040384531021118,-2.005523681640625,-1.9633179903030396,-1.92294442653656,-1.8840080499649048,-1.8444613218307495,-1.803497552871704,-1.7635594606399536,-1.7297301292419434,-1.693656086921692,-1.6459423303604126,-1.6072818040847778,-1.5562522411346436,-1.5220471620559692,-1.479736566543579,-1.4554420709609985,-1.4083149433135986,-1.3693971633911133,-1.3328351974487305,-1.2691138982772827,-1.253321647644043,-1.20145845413208,-1.1643280982971191,-1.1295987367630005,-1.0978206396102905,-1.0389063358306885,-0.9946115612983704,-0.9521331787109375,-0.9071380496025085,-0.8340765237808228,-0.8005457520484924,-0.7696620225906372,-0.7336874604225159,-0.6872773170471191,-0.6158017516136169,-0.5545543432235718,-0.48303234577178955,-0.4241713583469391,-0.380490779876709,-0.3237782120704651,-0.3015141785144806,-0.0916101485490799,0.029355982318520546,0.056227393448352814,0.12415653467178345,0.1455916464328766],"files":["scales.webp"]},"quats":{"files":["quats.webp"]},