{"version":2,"count":528203,"means":{"mins":[-4.994150265389146,-1.2182392303355885,-1.6298487241645097],"maxs":[-2.7238635220427176,4.672308188855313,3.1676306346638805],"files":["means_l.webp","means_u.webp"]},"scales":{"codebook":[-9.99951171875,-9.948988914489746,-9.902702331542969,-9.855452537536621,-9.808682441711426,-9.762069702148438,-9.715107917785645,-9.671607971191406,-9.62926959991455,-9.578179359436035,-9.531074523925781,-9.488388061523438,-9.441627502441406,-9.390693664550781,-9.33997631072998,-9.288921356201172,-9.242193222045898,-9.199417114257812,-9.156275749206543,-9.113504409790039,-9.066009521484375,-9.02293872833252,-8.980558395385742,-8.929524421691895,-8.879082679748535,-8.832191467285156,-8.784994125366211,-8.742111206054688,-8.71096134185791,-8.679450988769531,-8.63676929473877,-8.59363842010498,-8.554486274719238,-8.511795997619629,-8.465044975280762,-8.414189338684082,-8.36721420288086,-8.328124046325684,-8.285573959350586,-8.23816204071045,-8.191471099853516,-8.140413284301758,-8.090173721313477,-8.046692848205566,-8.004511833190918,-7.956711769104004,-7.90979528427124,-7.866722106933594,-7.822288513183594,-7.775282382965088,-7.7285871505737305,-7.681766033172607,-7.634729385375977,-7.589789390563965,-7.545295238494873,-7.49815034866333,-7.448974609375,-7.400382995605469,-7.355251789093018,-7.310774326324463,-7.265547752380371,-7.220940113067627,-7.173966407775879,-7.127152442932129,-7.080105304718018,-7.033393383026123,-6.988155364990234,-6.943454742431641,-6.896762847900391,-6.847466468811035,-6.798459053039551,-6.753591060638428,-6.7090864181518555,-6.6636247634887695,-6.619382858276367,-6.570344924926758,-6.519430160522461,-6.472598075866699,-6.427770137786865,-6.380667686462402,-6.335850238800049,-6.2911057472229,-6.245940685272217,-6.201344966888428,-6.152494430541992,-6.103291988372803,-6.058447360992432,-6.015838146209717,-5.970816612243652,-5.923707962036133,-5.877307891845703,-5.827944278717041,-5.7773261070251465,-5.726428508758545,-5.679656028747559,-5.634870529174805,-5.587611198425293,-5.5426025390625,-5.499749660491943,-5.456937313079834,-5.412222385406494,-5.363213539123535,-5.312219142913818,-5.26364278793335,-5.218703746795654,-5.175747394561768,-5.132684230804443,-5.089651107788086,-5.0450639724731445,-4.99810266494751,-4.949108123779297,-4.898417949676514,-4.851553440093994,-4.80858039855957,-4.765469551086426,-4.720712661743164,-4.673744201660156,-4.626991271972656,-4.579981803894043,-4.533210277557373,-4.486166477203369,-4.441339492797852,-4.3965606689453125,-4.3495588302612305,-4.302796363830566,-4.255934238433838,-4.208876132965088,-4.162266254425049,-4.115224838256836,-4.070186614990234,-4.025454044342041,-3.9788460731506348,-3.9326441287994385,-3.8867971897125244,-3.840921401977539,-3.793931007385254,-3.7480523586273193,-3.7021501064300537,-3.6552352905273438,-3.608485698699951,-3.5624608993530273,-3.5166518688201904,-3.46984601020813,-3.42401385307312,-3.3779842853546143,-3.330989360809326,-3.2843017578125,-3.237391948699951,-3.191347599029541,-3.1456222534179688,-3.0997211933135986,-3.053715944290161,-3.006795883178711,-2.9600508213043213,-2.9141180515289307,-2.8683111667633057,-2.8212544918060303,-2.7744410037994385,-2.7284536361694336,-2.68271541595459,-2.6368677616119385,-2.5911996364593506,-2.5440080165863037,-2.4971988201141357,-2.4513862133026123,-2.4055378437042236,-2.3585901260375977,-2.3127317428588867,-2.2667672634124756,-2.219881534576416,-2.173013925552368,-2.126086711883545,-2.0795631408691406,-2.0359175205230713,-1.995847463607788,-1.9454917907714844,-1.8965094089508057,-1.849934458732605,-1.8034108877182007,-1.756845235824585,-1.7111332416534424,-1.6647511720657349,-1.6186522245407104,-1.5719776153564453,-1.5250086784362793,-1.4784570932388306,-1.432518720626831,-1.3867665529251099,-1.3406732082366943,-1.2940045595169067,-1.2478113174438477,-1.201133131980896,-1.1559325456619263,-1.1086678504943848,-1.0627433061599731,-1.0175126791000366,-0.971808910369873,-0.9258620738983154,-0.8797093033790588,-0.8329823017120361,-0.7862966060638428,-0.7393941879272461,-0.6960952877998352,-0.6506631970405579,-0.6043235063552856,-0.5579285025596619,-0.512779176235199,-0.46361786127090454,-0.41680237650871277,-0.37212011218070984,-0.3260292410850525,-0.2779226303100586,-0.22999364137649536,-0.1794891059398651,-0.13298238813877106,-0.08812301605939865,-0.0428314171731472,0.005065673962235451,0.04968439042568207,0.09380945563316345,0.1423300802707672,0.18445417284965515,0.22960829734802246,0.28054681420326233,0.32485100626945496,0.37076663970947266,0.4128727316856384,0.46151190996170044,0.5151190161705017,0.5630371570587158,0.6065536141395569,0.6612306833267212,0.7065678238868713,0.745966911315918,0.7862357497215271,0.829954206943512,0.8765129446983337,0.9259381890296936,0.9721028208732605,1.0190107822418213,1.0651507377624512,1.1130059957504272,1.1548875570297241,1.1963618993759155,1.2589448690414429,1.3037056922912598,1.3651573657989502,1.3982181549072266,1.4371023178100586,1.5127270221710205,1.5431561470031738,1.5887550115585327,1.6268701553344727,1.653242826461792,1.7193336486816406,1.8083686828613281],"files":["scales.webp"]},"quats":{"files":["quats.webp"]},