{"version":2,"count":546359,"means":{"mins":[-2.7318355587812224,-2.7605816914179435,-0.8262022335421577],"maxs":[2.1766120607566934,-1.2182473392291446,2.972192098573311],"files":["means_l.webp","means_u.webp"]},"scales":{"codebook":[-9.998642921447754,-9.965448379516602,-9.919785499572754,-9.87550163269043,-9.836017608642578,-9.797351837158203,-9.757807731628418,-9.718892097473145,-9.676319122314453,-9.632770538330078,-9.593878746032715,-9.554437637329102,-9.515519142150879,-9.476261138916016,-9.433876991271973,-9.3907470703125,-9.351649284362793,-9.312520980834961,-9.273441314697266,-9.230753898620605,-9.187495231628418,-9.148489952087402,-9.108969688415527,-9.070452690124512,-9.027573585510254,-8.984169960021973,-8.945120811462402,-8.906279563903809,-8.867188453674316,-8.828206062316895,-8.78901195526123,-8.75021743774414,-8.707146644592285,-8.66370677947998,-8.62460708618164,-8.585626602172852,-8.546549797058105,-8.507833480834961,-8.465078353881836,-8.421944618225098,-8.382932662963867,-8.343565940856934,-8.304971694946289,-8.26192855834961,-8.2183837890625,-8.179648399353027,-8.140438079833984,-8.101481437683105,-8.062466621398926,-8.023323059082031,-7.981289386749268,-7.939054012298584,-7.90044641494751,-7.858964443206787,-7.818436145782471,-7.777096271514893,-7.736347198486328,-7.6971235275268555,-7.658504962921143,-7.617244720458984,-7.5742011070251465,-7.53323221206665,-7.494125843048096,-7.455320358276367,-7.416139602661133,-7.3751091957092285,-7.331991672515869,-7.2888994216918945,-7.24988317489624,-7.218962669372559,-7.191410541534424,-7.160077095031738,-7.124841213226318,-7.089964389801025,-7.0529608726501465,-7.011966228485107,-6.968381404876709,-6.927282333374023,-6.888749122619629,-6.84955358505249,-6.816215515136719,-6.788754463195801,-6.759903907775879,-6.726461410522461,-6.689556121826172,-6.648360729217529,-6.605245113372803,-6.56231689453125,-6.521212100982666,-6.484270095825195,-6.447327136993408,-6.40609073638916,-6.365184783935547,-6.3262410163879395,-6.285154342651367,-6.2419867515563965,-6.201131820678711,-6.162149906158447,-6.120919704437256,-6.077795028686523,-6.03489351272583,-5.993985652923584,-5.955135345458984,-5.917743682861328,-5.880890846252441,-5.839697360992432,-5.796706199645996,-5.753612518310547,-5.714743137359619,-5.681583881378174,-5.652332782745361,-5.621095180511475,-5.587921619415283,-5.554479122161865,-5.517631530761719,-5.476323127746582,-5.4334235191345215,-5.392583847045898,-5.353547096252441,-5.314387321472168,-5.275535583496094,-5.234185695648193,-5.19328498840332,-5.154399871826172,-5.113333702087402,-5.072399616241455,-5.031063556671143,-4.9882493019104,-4.945301055908203,-4.904309272766113,-4.865345001220703,-4.824178695678711,-4.785153388977051,-4.748108863830566,-4.708938121795654,-4.669931888580322,-4.628767490386963,-4.587893009185791,-4.54683780670166,-4.503878116607666,-4.462782382965088,-4.423830986022949,-4.384507656097412,-4.345829486846924,-4.30654239654541,-4.2675933837890625,-4.226500988006592,-4.183413505554199,-4.140539169311523,-4.101572036743164,-4.064509868621826,-4.025407314300537,-3.985813617706299,-3.9452996253967285,-3.904390335083008,-3.8642654418945312,-3.8243439197540283,-3.7833054065704346,-3.744342088699341,-3.707963466644287,-3.6759185791015625,-3.647566318511963,-3.6164228916168213,-3.5793392658233643,-3.5402863025665283,-3.501039981842041,-3.461132049560547,-3.4201083183288574,-3.3801825046539307,-3.3399722576141357,-3.299187660217285,-3.2598044872283936,-3.2248566150665283,-3.1934173107147217,-3.1642467975616455,-3.1320528984069824,-3.0949368476867676,-3.0561747550964355,-3.0167486667633057,-2.976656913757324,-2.935814380645752,-2.895841121673584,-2.8556060791015625,-2.814652681350708,-2.7748208045959473,-2.7346794605255127,-2.696246862411499,-2.662947654724121,-2.6331214904785156,-2.6015801429748535,-2.5680477619171143,-2.5304195880889893,-2.4913065433502197,-2.451545000076294,-2.4112634658813477,-2.3711998462677,-2.3299717903137207,-2.2901198863983154,-2.250261068344116,-2.2088305950164795,-2.167658567428589,-2.126359462738037,-2.085306406021118,-2.045933246612549,-2.0078787803649902,-1.9708579778671265,-1.9316134452819824,-1.8879978656768799,-1.8465750217437744,-1.809789776802063,-1.7708946466445923,-1.7309049367904663,-1.6875970363616943,-1.6440882682800293,-1.6010048389434814,-1.5650156736373901,-1.530653715133667,-1.4871835708618164,-1.4538469314575195,-1.4117878675460815,-1.3694124221801758,-1.3323091268539429,-1.2855596542358398,-1.236977458000183,-1.1966012716293335,-1.1707141399383545,-1.1134099960327148,-1.0742429494857788,-1.0270951986312866,-0.9842466115951538,-0.9415587782859802,-0.9180060625076294,-0.8717725276947021,-0.8167881369590759,-0.79524827003479,-0.7571970224380493,-0.7320736050605774,-0.6896076202392578,-0.6506279706954956,-0.5834477543830872,-0.5448002815246582,-0.4972120225429535,-0.45887595415115356,-0.4307957887649536,-0.381974995136261,-0.31177055835723877,-0.26868054270744324,-0.18335629999637604,-0.09752818197011948,-0.08320856094360352,0.02167932689189911,0.04098055884242058,0.09026188403367996,0.17046336829662323,0.2172405868768692,0.29309701919555664],"files":["scales.webp"]},"quats":{"files":["quats.webp"]},