{"version":2,"count":530201,"means":{"mins":[2.1766160089779887,-1.0704033048744577,-0.49260246482422454],"maxs":[2.7618435498412177,2.8543914267116746,2.9624157121445522],"files":["means_l.webp","means_u.webp"]},"scales":{"codebook":[-9.998678207397461,-9.96320629119873,-9.915348052978516,-9.875334739685059,-9.832852363586426,-9.788958549499512,-9.746354103088379,-9.703140258789062,-9.660523414611816,-9.617035865783691,-9.578330993652344,-9.539212226867676,-9.496098518371582,-9.453174591064453,-9.414007186889648,-9.37468433380127,-9.33210563659668,-9.288926124572754,-9.249835014343262,-9.207201957702637,-9.160572052001953,-9.117244720458984,-9.078004837036133,-9.035223960876465,-8.991996765136719,-8.952985763549805,-8.914332389831543,-8.871232032775879,-8.82777214050293,-8.785379409790039,-8.738255500793457,-8.695394515991211,-8.656167030334473,-8.617271423339844,-8.57789134979248,-8.535273551940918,-8.491815567016602,-8.452787399291992,-8.414047241210938,-8.375394821166992,-8.332082748413086,-8.288945198059082,-8.250114440917969,-8.207296371459961,-8.164066314697266,-8.124735832214355,-8.082253456115723,-8.038979530334473,-8.006814002990723,-7.978560447692871,-7.945306301116943,-7.909994602203369,-7.873134613037109,-7.832199573516846,-7.791210174560547,-7.750116348266602,-7.710718631744385,-7.679609775543213,-7.650547981262207,-7.615407466888428,-7.574039936065674,-7.534930229187012,-7.498108386993408,-7.45872688293457,-7.423929214477539,-7.394457817077637,-7.361375331878662,-7.322178363800049,-7.284963607788086,-7.248068809509277,-7.206873416900635,-7.163913726806641,-7.120835304260254,-7.078045845031738,-7.034704685211182,-6.99217414855957,-6.949002742767334,-6.909806728363037,-6.87309455871582,-6.831862449645996,-6.7910261154174805,-6.749893665313721,-6.706848621368408,-6.6638383865356445,-6.622856616973877,-6.589988708496094,-6.5606913566589355,-6.525405406951904,-6.488262176513672,-6.453119277954102,-6.416075229644775,-6.374930381774902,-6.331769943237305,-6.288901329040527,-6.246028423309326,-6.203037738800049,-6.15983772277832,-6.116938591003418,-6.073765754699707,-6.03309440612793,-5.995940685272217,-5.962706089019775,-5.93359899520874,-5.90622091293335,-5.878788471221924,-5.853567123413086,-5.826027870178223,-5.800716400146484,-5.779111385345459,-5.753820896148682,-5.722612380981445,-5.687392234802246,-5.652252674102783,-5.617027759552002,-5.581997871398926,-5.548863887786865,-5.51947546005249,-5.4883952140808105,-5.451173305511475,-5.414103031158447,-5.382683753967285,-5.355522632598877,-5.324172019958496,-5.287210941314697,-5.2481369972229,-5.206925392150879,-5.169915199279785,-5.142581462860107,-5.11526346206665,-5.085997581481934,-5.058597564697266,-5.027277946472168,-4.995993614196777,-4.966922283172607,-4.937488555908203,-4.904451847076416,-4.865163803100586,-4.828117847442627,-4.794868469238281,-4.767602443695068,-4.742220878601074,-4.7148756980896,-4.69335412979126,-4.675827503204346,-4.6505022048950195,-4.615354061126709,-4.5781755447387695,-4.541048049926758,-4.500172138214111,-4.457254409790039,-4.418015480041504,-4.386861801147461,-4.359390735626221,-4.328219413757324,-4.291311264038086,-4.249846458435059,-4.207342624664307,-4.163957595825195,-4.123124122619629,-4.084224700927734,-4.047033309936523,-4.017485618591309,-3.9935214519500732,-3.9697513580322266,-3.9424545764923096,-3.9091854095458984,-3.8723254203796387,-3.832371950149536,-3.7911605834960938,-3.7502188682556152,-3.70825457572937,-3.6663036346435547,-3.625324010848999,-3.583014726638794,-3.5410172939300537,-3.500256061553955,-3.461132049560547,-3.4249861240386963,-3.3907225131988525,-3.359511137008667,-3.327212333679199,-3.290569543838501,-3.2502870559692383,-3.2086679935455322,-3.166038990020752,-3.125213146209717,-3.0835397243499756,-3.0418193340301514,-3.0003502368927,-2.958146810531616,-2.91634464263916,-2.8751232624053955,-2.833505392074585,-2.7911996841430664,-2.7499473094940186,-2.7090914249420166,-2.6680514812469482,-2.6252238750457764,-2.583871841430664,-2.5412261486053467,-2.4999101161956787,-2.4595248699188232,-2.4177472591400146,-2.374850034713745,-2.3331198692321777,-2.291693925857544,-2.24943470954895,-2.205151319503784,-2.1594302654266357,-2.11566162109375,-2.0733466148376465,-2.036992311477661,-2.0053346157073975,-1.9648025035858154,-1.912410020828247,-1.8698221445083618,-1.8325715065002441,-1.7910674810409546,-1.748403787612915,-1.7116930484771729,-1.661913514137268,-1.6309709548950195,-1.6059136390686035,-1.546424388885498,-1.4977656602859497,-1.453042984008789,-1.4202871322631836,-1.374932050704956,-1.323032259941101,-1.269608974456787,-1.120762586593628,-1.093037486076355,-1.0449117422103882,-1.0194473266601562,-0.9419398307800293,-0.9144521951675415,-0.878572940826416,-0.8534837961196899,-0.7858085632324219,-0.7420812845230103,-0.6216766834259033,-0.5748274922370911,-0.5319538712501526,-0.5059338808059692,-0.45215553045272827,-0.3990843892097473,-0.36396926641464233,-0.3311014473438263,-0.2859930396080017,-0.2675601541996002,-0.11455874890089035,0.09680970758199692,0.2438797652721405,0.32611560821533203,0.4275566339492798,0.6253967881202698],"files":["scales.webp"]},"quats":{"files":["quats.webp"]},