{"version":2,"count":526557,"means":{"mins":[2.9508230328235974,-3.4110037130633226,-0.839511099377089],"maxs":[3.7537071947646066,-1.0704050215521697,3.1646602220590587],"files":["means_l.webp","means_u.webp"]},"scales":{"codebook":[-9.99834156036377,-9.963319778442383,-9.918517112731934,-9.875064849853516,-9.835790634155273,-9.7969970703125,-9.757174491882324,-9.718549728393555,-9.676112174987793,-9.628905296325684,-9.585769653320312,-9.54649829864502,-9.507513999938965,-9.468596458435059,-9.429978370666504,-9.386899948120117,-9.343700408935547,-9.304536819458008,-9.265600204467773,-9.226338386535645,-9.187496185302734,-9.148294448852539,-9.109660148620605,-9.070072174072266,-9.030976295471191,-8.988442420959473,-8.941679954528809,-8.898064613342285,-8.859034538269043,-8.820141792297363,-8.780853271484375,-8.741819381713867,-8.70356273651123,-8.663617134094238,-8.62482738494873,-8.585579872131348,-8.543031692504883,-8.50001049041748,-8.460914611816406,-8.421957015991211,-8.379121780395508,-8.335850715637207,-8.296781539916992,-8.257817268371582,-8.218698501586914,-8.179431915283203,-8.136730194091797,-8.093979835510254,-8.054609298706055,-8.014710426330566,-7.974428176879883,-7.935756683349609,-7.894425392150879,-7.851474285125732,-7.810598850250244,-7.7692999839782715,-7.726527690887451,-7.685573101043701,-7.646166801452637,-7.607572078704834,-7.568357944488525,-7.52932071685791,-7.490283012390137,-7.44932746887207,-7.408289432525635,-7.367084980010986,-7.326180458068848,-7.287222385406494,-7.246211528778076,-7.205060005187988,-7.166156768798828,-7.127030849456787,-7.085739612579346,-7.042781829833984,-7.0019330978393555,-6.962988376617432,-6.923886775970459,-6.882937908172607,-6.841895580291748,-6.800445556640625,-6.757706165313721,-6.716906547546387,-6.675669193267822,-6.636773109436035,-6.599645137786865,-6.558391094207764,-6.517624378204346,-6.478686809539795,-6.4375410079956055,-6.394408226013184,-6.351438522338867,-6.310464859008789,-6.273231506347656,-6.236575126647949,-6.195334434509277,-6.152261257171631,-6.111356735229492,-6.072277069091797,-6.031216621398926,-5.988013744354248,-5.949146747589111,-5.912193298339844,-5.871095180511475,-5.827944278717041,-5.785011291503906,-5.744187355041504,-5.703097343444824,-5.661990642547607,-5.623049259185791,-5.581892490386963,-5.538924217224121,-5.49589204788208,-5.457009315490723,-5.42184591293335,-5.384812831878662,-5.34581995010376,-5.304598808288574,-5.261600017547607,-5.2185893058776855,-5.179625034332275,-5.1428422927856445,-5.103556156158447,-5.062195777893066,-5.02149772644043,-4.980473041534424,-4.939291954040527,-4.900434494018555,-4.859132766723633,-4.818315505981445,-4.77932071685791,-4.738155364990234,-4.695274829864502,-4.65230655670166,-4.613259792327881,-4.576223373413086,-4.535099983215332,-4.494218349456787,-4.455141544342041,-4.416021347045898,-4.37495756149292,-4.333991527557373,-4.294957160949707,-4.25402307510376,-4.212984085083008,-4.173854351043701,-4.132784843444824,-4.089825630187988,-4.048905372619629,-4.0103960037231445,-3.9706408977508545,-3.9306793212890625,-3.89077091217041,-3.8495020866394043,-3.808568000793457,-3.768751382827759,-3.7285842895507812,-3.687715768814087,-3.647639513015747,-3.607369899749756,-3.5663726329803467,-3.52740740776062,-3.493105411529541,-3.463954210281372,-3.434673547744751,-3.4014737606048584,-3.3643431663513184,-3.3244175910949707,-3.2832319736480713,-3.243168592453003,-3.2033019065856934,-3.1623072624206543,-3.121241569519043,-3.0799896717071533,-3.0390422344207764,-2.9992589950561523,-2.9600563049316406,-2.920067071914673,-2.8791167736053467,-2.83809494972229,-2.797968864440918,-2.7581188678741455,-2.7168703079223633,-2.6770823001861572,-2.6369454860687256,-2.595949411392212,-2.5551350116729736,-2.515063524246216,-2.4748170375823975,-2.4340367317199707,-2.3939616680145264,-2.3539485931396484,-2.3132569789886475,-2.271674394607544,-2.231790542602539,-2.1916000843048096,-2.15071702003479,-2.1111156940460205,-2.071143865585327,-2.0295190811157227,-1.989548921585083,-1.948227047920227,-1.9059876203536987,-1.8650398254394531,-1.8266785144805908,-1.7870979309082031,-1.7461826801300049,-1.706459403038025,-1.6667636632919312,-1.625486135482788,-1.585883617401123,-1.5453553199768066,-1.502711534500122,-1.4640384912490845,-1.4231288433074951,-1.3836216926574707,-1.3423688411712646,-1.300114393234253,-1.2615041732788086,-1.2208880186080933,-1.1796433925628662,-1.137688159942627,-1.097596287727356,-1.0552318096160889,-1.0153888463974,-0.9791094064712524,-0.9409153461456299,-0.8980526924133301,-0.8546227216720581,-0.811879575252533,-0.7763024568557739,-0.732765257358551,-0.6927325129508972,-0.6559674143791199,-0.616830050945282,-0.5766585469245911,-0.5394280552864075,-0.5017651915550232,-0.46077248454093933,-0.42565426230430603,-0.37919026613235474,-0.34130266308784485,-0.28972387313842773,-0.24329359829425812,-0.21173059940338135,-0.1731783002614975,-0.13442614674568176,-0.09218406677246094,-0.04727388545870781,-0.00608103908598423,0.038952574133872986,0.06934807449579239,0.1138712540268898,0.149428129196167,0.18292143940925598,0.28913283348083496,0.31714364886283875],"files":["scales.webp"]},"quats":{"files":["quats.webp"]},