{"version":2,"count":535073,"means":{"mins":[-2.73184201548579,-2.760581631093308,-0.7610482780202086],"maxs":[-1.1108128565669813,-1.2182524865796323,2.9807451130374294],"files":["means_l.webp","means_u.webp"]},"scales":{"codebook":[-9.999297142028809,-9.96401309967041,-9.918533325195312,-9.874855995178223,-9.836352348327637,-9.796570777893066,-9.754149436950684,-9.710773468017578,-9.672067642211914,-9.62896728515625,-9.58607006072998,-9.547093391418457,-9.50803279876709,-9.468929290771484,-9.426191329956055,-9.382604598999023,-9.343491554260254,-9.304614067077637,-9.262090682983398,-9.218992233276367,-9.179661750793457,-9.140656471252441,-9.097662925720215,-9.054686546325684,-9.01574993133545,-8.97661018371582,-8.933755874633789,-8.890446662902832,-8.851765632629395,-8.812527656555176,-8.773256301879883,-8.730708122253418,-8.687154769897461,-8.648496627807617,-8.608987808227539,-8.566756248474121,-8.523259162902832,-8.484315872192383,-8.445380210876465,-8.402374267578125,-8.359551429748535,-8.320036888122559,-8.281017303466797,-8.238320350646973,-8.195306777954102,-8.156083106994629,-8.117294311523438,-8.077871322631836,-8.03914737701416,-7.997105121612549,-7.953096389770508,-7.910085201263428,-7.867307662963867,-7.824276447296143,-7.781226634979248,-7.741915702819824,-7.705381870269775,-7.666234493255615,-7.625325679779053,-7.584009647369385,-7.542721271514893,-7.5000410079956055,-7.459382057189941,-7.42022705078125,-7.378771781921387,-7.338170051574707,-7.29663610458374,-7.255939483642578,-7.214950084686279,-7.173852920532227,-7.133068084716797,-7.09176778793335,-7.054780960083008,-7.0215983390808105,-6.9919753074646,-6.9592509269714355,-6.919888019561768,-6.882569789886475,-6.845911026000977,-6.804595470428467,-6.763815879821777,-6.724660873413086,-6.683539390563965,-6.640453338623047,-6.599794864654541,-6.560575485229492,-6.519288063049316,-6.476506233215332,-6.435693740844727,-6.400361061096191,-6.371102809906006,-6.341973781585693,-6.3067216873168945,-6.26759147644043,-6.2285685539245605,-6.1873931884765625,-6.146368026733398,-6.1074934005737305,-6.067903518676758,-6.029390811920166,-5.98807954788208,-5.9472880363464355,-5.906058311462402,-5.862933158874512,-5.822052001953125,-5.789064884185791,-5.761704921722412,-5.730549335479736,-5.693406105041504,-5.652275562286377,-5.611332416534424,-5.570383548736572,-5.529318332672119,-5.488160133361816,-5.449007511138916,-5.412160396575928,-5.373064994812012,-5.331934928894043,-5.291134357452393,-5.2498064041137695,-5.209077835083008,-5.167964458465576,-5.124850749969482,-5.08193826675415,-5.038884162902832,-4.995799541473389,-4.952884197235107,-4.910040378570557,-4.869245529174805,-4.827961444854736,-4.785048484802246,-4.744040489196777,-4.706991195678711,-4.6699395179748535,-4.628774166107178,-4.585834503173828,-4.545018672943115,-4.507645130157471,-4.474542140960693,-4.4451904296875,-4.414056777954102,-4.376978874206543,-4.339778900146484,-4.304657936096191,-4.2675933837890625,-4.2285332679748535,-4.187533378601074,-4.144470691680908,-4.1016316413879395,-4.060471057891846,-4.021531105041504,-3.984865665435791,-3.953200340270996,-3.9248123168945312,-3.893690586090088,-3.8584389686584473,-3.8251891136169434,-3.795990228652954,-3.7667148113250732,-3.7333984375,-3.6974475383758545,-3.660193681716919,-3.625169277191162,-3.593773126602173,-3.562570095062256,-3.528475522994995,-3.4913463592529297,-3.451148509979248,-3.4103024005889893,-3.3695008754730225,-3.3283040523529053,-3.287132740020752,-3.2462377548217773,-3.2053732872009277,-3.1650311946868896,-3.129732131958008,-3.1006486415863037,-3.0704925060272217,-3.0363457202911377,-2.9992616176605225,-2.9591991901397705,-2.9180397987365723,-2.877304792404175,-2.835890769958496,-2.796391487121582,-2.756040573120117,-2.7148654460906982,-2.673940420150757,-2.632880926132202,-2.5922255516052246,-2.5509159564971924,-2.509995460510254,-2.468585252761841,-2.428358554840088,-2.3872718811035156,-2.3460276126861572,-2.305100202560425,-2.262791872024536,-2.220588207244873,-2.1788697242736816,-2.1363422870635986,-2.094895362854004,-2.0522475242614746,-2.011172294616699,-1.9751344919204712,-1.9342695474624634,-1.8923460245132446,-1.8523385524749756,-1.8113478422164917,-1.7712370157241821,-1.7300392389297485,-1.6863349676132202,-1.6486314535140991,-1.6079978942871094,-1.5667073726654053,-1.5262337923049927,-1.4759601354599,-1.4369580745697021,-1.4062495231628418,-1.367838978767395,-1.3279531002044678,-1.286443829536438,-1.2450001239776611,-1.2009718418121338,-1.1566191911697388,-1.120496392250061,-1.0767043828964233,-1.0344568490982056,-0.9887076616287231,-0.93558669090271,-0.9046300053596497,-0.8718458414077759,-0.8243120312690735,-0.795647144317627,-0.7503878474235535,-0.7141447067260742,-0.6694907546043396,-0.6383896470069885,-0.594767689704895,-0.5111241936683655,-0.47699466347694397,-0.39906179904937744,-0.36204782128334045,-0.33640438318252563,-0.29377150535583496,-0.2735230624675751,-0.18173032999038696,-0.13519158959388733,-0.041354939341545105,-0.009607062675058842,0.019100205972790718,0.09948453307151794,0.1434471756219864,0.21130242943763733,0.3715648949146271,0.4377584755420685],"files":["scales.webp"]},"quats":{"files":["quats.webp"]},