{"version":2,"count":599775,"means":{"mins":[2.334751726236627,-2.1039983394991078,0.7263185810361502],"maxs":[2.9508033822869453,-1.0704057981434998,1.082816620261275],"files":["means_l.webp","means_u.webp"]},"scales":{"codebook":[-9.997824668884277,-9.96816635131836,-9.93099594116211,-9.890917778015137,-9.855429649353027,-9.824511528015137,-9.792531967163086,-9.76199722290039,-9.726696968078613,-9.687321662902832,-9.648179054260254,-9.613763809204102,-9.585519790649414,-9.558826446533203,-9.523051261901855,-9.488334655761719,-9.45705509185791,-9.421828269958496,-9.387054443359375,-9.355646133422852,-9.320002555847168,-9.285510063171387,-9.254289627075195,-9.222755432128906,-9.18720531463623,-9.148118019104004,-9.109037399291992,-9.077957153320312,-9.050907135009766,-9.019549369812012,-8.984111785888672,-8.949532508850098,-8.914205551147461,-8.875116348266602,-8.840056419372559,-8.812438011169434,-8.78526496887207,-8.750143051147461,-8.714887619018555,-8.679694175720215,-8.640518188476562,-8.605504989624023,-8.569868087768555,-8.531099319458008,-8.49612808227539,-8.460627555847168,-8.42965030670166,-8.402395248413086,-8.367067337036133,-8.335899353027344,-8.308682441711426,-8.277427673339844,-8.241836547851562,-8.20291805267334,-8.1636323928833,-8.124927520751953,-8.089802742004395,-8.062426567077637,-8.035187721252441,-8.004852294921875,-7.972471714019775,-7.93731689453125,-7.904145240783691,-7.873070240020752,-7.839744567871094,-7.804434299468994,-7.7692389488220215,-7.7361836433410645,-7.705125331878662,-7.6716508865356445,-7.636490821838379,-7.601496696472168,-7.566322326660156,-7.53323221206665,-7.4998650550842285,-7.464680194854736,-7.4295172691345215,-7.396360397338867,-7.36529541015625,-7.332003593444824,-7.2988362312316895,-7.265594005584717,-7.230313301086426,-7.1952433586120605,-7.162147045135498,-7.12885856628418,-7.093750953674316,-7.058587551116943,-7.023407459259033,-6.988231182098389,-6.953121185302734,-6.921907901763916,-6.892631530761719,-6.861392974853516,-6.828188419342041,-6.792856693267822,-6.757786273956299,-6.722700595855713,-6.689481735229492,-6.6561784744262695,-6.6230387687683105,-6.591872215270996,-6.5586934089660645,-6.523451328277588,-6.490285873413086,-6.4569993019104,-6.421745777130127,-6.386587619781494,-6.351518154144287,-6.318387508392334,-6.287186622619629,-6.253866195678711,-6.218716144561768,-6.185542106628418,-6.160100936889648,-6.14258337020874,-6.119159698486328,-6.085951328277588,-6.050843715667725,-6.017690181732178,-5.984472274780273,-5.949237823486328,-5.916166305541992,-5.882758140563965,-5.847651958465576,-5.8163604736328125,-5.792895317077637,-5.771607398986816,-5.744176387786865,-5.710933685302734,-5.677795886993408,-5.646589279174805,-5.615324974060059,-5.5878753662109375,-5.568409442901611,-5.545024871826172,-5.511733531951904,-5.4767374992370605,-5.443408012390137,-5.4102959632873535,-5.376993656158447,-5.3438639640808105,-5.3086018562316895,-5.275396347045898,-5.242467880249023,-5.207198619842529,-5.17398738861084,-5.140718460083008,-5.1055521965026855,-5.072282791137695,-5.038992404937744,-5.0059967041015625,-4.972877502441406,-4.937587261199951,-4.904317855834961,-4.8710408210754395,-4.836240768432617,-4.802887439727783,-4.769617080688477,-4.734524726867676,-4.699064254760742,-4.666050434112549,-4.632832050323486,-4.599708557128906,-4.5665154457092285,-4.533344268798828,-4.5001726150512695,-4.465145587921143,-4.429528713226318,-4.396595001220703,-4.363299369812012,-4.330276966094971,-4.2970194816589355,-4.261672496795654,-4.228545665740967,-4.195446491241455,-4.162118911743164,-4.129133224487305,-4.0977702140808105,-4.072388172149658,-4.050930500030518,-4.0255255699157715,-3.9926557540893555,-3.9588675498962402,-3.9259095191955566,-3.8925702571868896,-3.8588414192199707,-3.8245577812194824,-3.790895700454712,-3.7568411827087402,-3.7226507663726807,-3.6895084381103516,-3.6562278270721436,-3.622223138809204,-3.5881080627441406,-3.554898262023926,-3.5218095779418945,-3.487788677215576,-3.4536545276641846,-3.420128583908081,-3.3861806392669678,-3.3516507148742676,-3.319093942642212,-3.2846601009368896,-3.249850273132324,-3.2172887325286865,-3.1839444637298584,-3.149911642074585,-3.1155967712402344,-3.08227276802063,-3.0489444732666016,-3.0146491527557373,-2.981048822402954,-2.9480249881744385,-2.9149386882781982,-2.8800957202911377,-2.8455936908721924,-2.8125250339508057,-2.778801918029785,-2.744917869567871,-2.7133514881134033,-2.6799585819244385,-2.64925217628479,-2.6113550662994385,-2.576629638671875,-2.5454916954040527,-2.5113229751586914,-2.4760637283325195,-2.440279006958008,-2.405446767807007,-2.3703367710113525,-2.337629556655884,-2.295984983444214,-2.264993667602539,-2.2396581172943115,-2.204902410507202,-2.167083740234375,-2.119570255279541,-2.0929758548736572,-2.0630924701690674,-2.0404608249664307,-2.003352165222168,-1.9545361995697021,-1.9248218536376953,-1.9040237665176392,-1.883592128753662,-1.8429385423660278,-1.796724557876587,-1.7642909288406372,-1.69205904006958,-1.6722264289855957,-1.6334176063537598,-1.6098408699035645,-1.563732624053955,-1.4711600542068481,-1.3953442573547363],"files":["scales.webp"]},"quats":{"files":["quats.webp"]},