{"version":2,"count":527571,"means":{"mins":[-4.616677287239293,-4.47512505373725,-1.30475926197402],"maxs":[2.1766118444153504,-2.760587723863088,3.7842210179805527],"files":["means_l.webp","means_u.webp"]},"scales":{"codebook":[-9.99964714050293,-9.950318336486816,-9.906595230102539,-9.863794326782227,-9.815839767456055,-9.772675514221191,-9.733258247375488,-9.69261360168457,-9.648575782775879,-9.606038093566895,-9.562556266784668,-9.52365779876709,-9.480714797973633,-9.43422794342041,-9.390360832214355,-9.351859092712402,-9.30862045288086,-9.262479782104492,-9.21523380279541,-9.172024726867676,-9.132122993469238,-9.090226173400879,-9.046833038330078,-9.004545211791992,-8.957052230834961,-8.913552284240723,-8.874114990234375,-8.83242416381836,-8.7887601852417,-8.74650764465332,-8.702926635742188,-8.66041088104248,-8.613481521606445,-8.566227912902832,-8.523202896118164,-8.480480194091797,-8.436807632446289,-8.394674301147461,-8.3513765335083,-8.312158584594727,-8.26955795288086,-8.223048210144043,-8.179110527038574,-8.137240409851074,-8.093867301940918,-8.054591178894043,-8.012748718261719,-7.968944549560547,-7.925691604614258,-7.882659912109375,-7.839548587799072,-7.796787738800049,-7.753874778747559,-7.711065292358398,-7.6661906242370605,-7.620718002319336,-7.57778263092041,-7.5350165367126465,-7.491995334625244,-7.449027061462402,-7.406188488006592,-7.363296031951904,-7.320006847381592,-7.276795864105225,-7.233948707580566,-7.191442012786865,-7.148445129394531,-7.105326175689697,-7.062485218048096,-7.019336223602295,-6.9764404296875,-6.933320999145508,-6.890771865844727,-6.847432613372803,-6.804505348205566,-6.76179838180542,-6.716958522796631,-6.671715259552002,-6.628998279571533,-6.585577487945557,-6.542669296264648,-6.500049591064453,-6.457020282745361,-6.414061069488525,-6.371078968048096,-6.328325271606445,-6.284979343414307,-6.242187976837158,-6.199095726013184,-6.156189441680908,-6.113096237182617,-6.070226669311523,-6.027141094207764,-5.983935832977295,-5.941338062286377,-5.898436546325684,-5.853635787963867,-5.808629035949707,-5.765650272369385,-5.722697734832764,-5.67933988571167,-5.6367645263671875,-5.593366622924805,-5.5505571365356445,-5.507763862609863,-5.464752674102783,-5.421842575073242,-5.378957271575928,-5.335758686065674,-5.2930803298950195,-5.249980449676514,-5.207032203674316,-5.163970470428467,-5.123032093048096,-5.089831352233887,-5.058451175689697,-5.023318767547607,-4.986462593078613,-4.9452595710754395,-4.902187824249268,-4.85923957824707,-4.816312313079834,-4.773394584655762,-4.730410575866699,-4.687395095825195,-4.644373416900635,-4.6013898849487305,-4.55845308303833,-4.5154266357421875,-4.472628116607666,-4.429905891418457,-4.384939670562744,-4.339902877807617,-4.296736240386963,-4.253765106201172,-4.21075439453125,-4.167908668518066,-4.124974250793457,-4.082031726837158,-4.0390520095825195,-3.9954988956451416,-3.9520721435546875,-3.9112327098846436,-3.87398362159729,-3.839690685272217,-3.8045878410339355,-3.768554925918579,-3.7315475940704346,-3.6915979385375977,-3.6492979526519775,-3.606504201889038,-3.5635273456573486,-3.520705223083496,-3.4765594005584717,-3.4335670471191406,-3.3916687965393066,-3.3487465381622314,-3.3047850131988525,-3.260812282562256,-3.217761278152466,-3.174859046936035,-3.1319222450256348,-3.089083671569824,-3.0458571910858154,-3.003190279006958,-2.9601497650146484,-2.9159767627716064,-2.872187614440918,-2.8293066024780273,-2.78621768951416,-2.743438959121704,-2.7001895904541016,-2.6573991775512695,-2.6144604682922363,-2.5715084075927734,-2.527597665786743,-2.4836337566375732,-2.4404306411743164,-2.3976314067840576,-2.3547277450561523,-2.3117520809173584,-2.268739700317383,-2.2256827354431152,-2.1828818321228027,-2.138831853866577,-2.0949134826660156,-2.051476240158081,-2.0091423988342285,-1.9664885997772217,-1.9236446619033813,-1.8803377151489258,-1.8364754915237427,-1.7940093278884888,-1.7503635883331299,-1.7076090574264526,-1.6645687818527222,-1.620580792427063,-1.5777629613876343,-1.534899115562439,-1.491645097732544,-1.4475946426391602,-1.4052801132202148,-1.3621432781219482,-1.319024682044983,-1.2756198644638062,-1.2324566841125488,-1.1895780563354492,-1.1459314823150635,-1.1044902801513672,-1.0629851818084717,-1.0210374593734741,-0.9774911999702454,-0.9338364005088806,-0.8879338502883911,-0.8468630909919739,-0.8027592301368713,-0.7578660249710083,-0.7139183282852173,-0.6719760894775391,-0.6274862885475159,-0.5848820209503174,-0.540806770324707,-0.4977990388870239,-0.45619919896125793,-0.41005662083625793,-0.36661964654922485,-0.32429251074790955,-0.2816799581050873,-0.2401941567659378,-0.20127053558826447,-0.16395187377929688,-0.12018837034702301,-0.07001189887523651,-0.023814620450139046,0.022287793457508087,0.05903656408190727,0.1045338362455368,0.14361298084259033,0.18674394488334656,0.23578795790672302,0.28144049644470215,0.3154471516609192,0.3561849594116211,0.40340089797973633,0.4578704237937927,0.5000609755516052,0.5290927290916443,0.570586621761322,0.626244068145752,0.6735585331916809,0.7545596361160278,0.8028895258903503,0.8519967794418335,0.8910219073295593,0.9682636260986328,1.0076048374176025],"files":["scales.webp"]},"quats":{"files":["quats.webp"]},