{"version":2,"count":526104,"means":{"mins":[-0.9609233279153024,-4.9283756821885065,-1.1945955792987206],"maxs":[4.592866333226558,4.164417054295114,3.3252291108111183],"files":["means_l.webp","means_u.webp"]},"scales":{"codebook":[-9.997859001159668,-9.954120635986328,-9.907726287841797,-9.864242553710938,-9.816455841064453,-9.770112037658691,-9.726849555969238,-9.683704376220703,-9.632585525512695,-9.585854530334473,-9.547104835510254,-9.503981590270996,-9.456804275512695,-9.410870552062988,-9.367507934570312,-9.324292182922363,-9.277517318725586,-9.230767250061035,-9.187620162963867,-9.144781112670898,-9.098165512084961,-9.050748825073242,-9.007431983947754,-8.965030670166016,-8.918219566345215,-8.866902351379395,-8.820311546325684,-8.781593322753906,-8.738509178161621,-8.691646575927734,-8.644852638244629,-8.597651481628418,-8.554119110107422,-8.51214599609375,-8.464666366577148,-8.418109893798828,-8.366602897644043,-8.320685386657715,-8.28109359741211,-8.241867065429688,-8.199381828308105,-8.152360916137695,-8.105064392089844,-8.062488555908203,-8.020384788513184,-7.974652290344238,-7.925546646118164,-7.878795146942139,-7.835643768310547,-7.791540145874023,-7.746339321136475,-7.703638553619385,-7.658389091491699,-7.611203670501709,-7.566296577453613,-7.5218000411987305,-7.4729509353637695,-7.425772666931152,-7.382861137390137,-7.339992046356201,-7.29681396484375,-7.252498626708984,-7.206841468811035,-7.163793087005615,-7.119157314300537,-7.072152137756348,-7.025403022766113,-6.980414390563965,-6.937572956085205,-6.892850399017334,-6.845345497131348,-6.800429344177246,-6.757784843444824,-6.713120460510254,-6.667828559875488,-6.623282432556152,-6.574230670928955,-6.5273590087890625,-6.484401226043701,-6.441193103790283,-6.397922992706299,-6.353649616241455,-6.306308746337891,-6.261577606201172,-6.218443393707275,-6.173845291137695,-6.126999855041504,-6.081671237945557,-6.037116527557373,-5.990029335021973,-5.945236682891846,-5.902398109436035,-5.857576847076416,-5.810553073883057,-5.7635345458984375,-5.718750476837158,-5.675717830657959,-5.630887031555176,-5.585367679595947,-5.541114330291748,-5.495903491973877,-5.4530839920043945,-5.408233165740967,-5.36320161819458,-5.318453788757324,-5.26948881149292,-5.222605228424072,-5.1779022216796875,-5.130852222442627,-5.0855560302734375,-5.042776584625244,-4.999966621398926,-4.957001209259033,-4.912438869476318,-4.867040634155273,-4.824225902557373,-4.779299259185791,-4.732292652130127,-4.687597274780273,-4.642794609069824,-4.595473289489746,-4.550833225250244,-4.5060648918151855,-4.456708908081055,-4.410053253173828,-4.367214202880859,-4.322277069091797,-4.277036666870117,-4.234199047088623,-4.191213130950928,-4.146541595458984,-4.101515293121338,-4.058348655700684,-4.013966083526611,-3.968705654144287,-3.9235095977783203,-3.8788371086120605,-3.83388614654541,-3.7890679836273193,-3.743821859359741,-3.69907808303833,-3.6542770862579346,-3.6092283725738525,-3.5646119117736816,-3.5194172859191895,-3.474597930908203,-3.429678440093994,-3.3847804069519043,-3.3399388790130615,-3.2949838638305664,-3.2492258548736572,-3.2032082080841064,-3.1580824851989746,-3.113391160964966,-3.0682618618011475,-3.0236127376556396,-2.9786171913146973,-2.9337961673736572,-2.8886170387268066,-2.844081401824951,-2.7989437580108643,-2.753927230834961,-2.70894193649292,-2.6640844345092773,-2.619319438934326,-2.5742485523223877,-2.529362201690674,-2.4844088554382324,-2.4395792484283447,-2.394582509994507,-2.34968638420105,-2.303767442703247,-2.2578060626983643,-2.212941884994507,-2.1678709983825684,-2.12259840965271,-2.077746868133545,-2.035707473754883,-1.9983417987823486,-1.9489636421203613,-1.900820255279541,-1.8538403511047363,-1.808512568473816,-1.7636224031448364,-1.7186084985733032,-1.673525333404541,-1.628704309463501,-1.5837080478668213,-1.5386838912963867,-1.4938695430755615,-1.4491082429885864,-1.4042872190475464,-1.3587219715118408,-1.3130983114242554,-1.2685047388076782,-1.2232587337493896,-1.1790274381637573,-1.1352832317352295,-1.08918035030365,-1.0435911417007446,-0.998525083065033,-0.9544434547424316,-0.91008460521698,-0.8675159811973572,-0.8220869898796082,-0.7769309878349304,-0.7309615015983582,-0.6843189597129822,-0.638053297996521,-0.5930548310279846,-0.5491096377372742,-0.5027718544006348,-0.45653045177459717,-0.4148310720920563,-0.37240588665008545,-0.32866886258125305,-0.2823365330696106,-0.23594209551811218,-0.19058962166309357,-0.14586739242076874,-0.10065115243196487,-0.06001526117324829,-0.018544277176260948,0.02792193554341793,0.07458800077438354,0.12280996143817902,0.17113883793354034,0.2143065631389618,0.256560355424881,0.30267906188964844,0.3484265208244324,0.39120718836784363,0.4356483817100525,0.4771481156349182,0.5221885442733765,0.564958393573761,0.6075655817985535,0.6618861556053162,0.7099996209144592,0.7491863965988159,0.8094242215156555,0.8442937731742859,0.8935043215751648,0.947035014629364,0.9911074638366699,1.0277111530303955,1.074859619140625,1.1216754913330078,1.159303903579712,1.1995428800582886,1.2512234449386597,1.2860201597213745,1.3292884826660156,1.379050612449646,1.4152005910873413,1.4765441417694092],"files":["scales.webp"]},"quats":{"files":["quats.webp"]},