{"version":2,"count":537044,"means":{"mins":[-0.9611442920704444,1.5892871400926984,-1.0813767090855415],"maxs":[2.1144673517854513,2.5577426506147973,2.806463441531221],"files":["means_l.webp","means_u.webp"]},"scales":{"codebook":[-9.998862266540527,-9.965569496154785,-9.922607421875,-9.88313102722168,-9.843689918518066,-9.804914474487305,-9.765522003173828,-9.726428031921387,-9.687429428100586,-9.64847183227539,-9.609466552734375,-9.5704345703125,-9.531120300292969,-9.492398262023926,-9.453522682189941,-9.414081573486328,-9.375171661376953,-9.336159706115723,-9.296571731567383,-9.257650375366211,-9.218937873840332,-9.17951774597168,-9.140536308288574,-9.101187705993652,-9.062610626220703,-9.023341178894043,-8.984577178955078,-8.945577621459961,-8.90603256225586,-8.867046356201172,-8.828266143798828,-8.789057731628418,-8.749970436096191,-8.710636138916016,-8.672038078308105,-8.632582664489746,-8.5977201461792,-8.562541007995605,-8.523637771606445,-8.484672546386719,-8.445026397705078,-8.406218528747559,-8.367422103881836,-8.328042030334473,-8.289023399353027,-8.249953269958496,-8.210920333862305,-8.172252655029297,-8.132528305053711,-8.093653678894043,-8.054320335388184,-8.014867782592773,-7.972618579864502,-7.933417797088623,-7.896731376647949,-7.857629299163818,-7.818511962890625,-7.77714729309082,-7.7361626625061035,-7.699004173278809,-7.6623382568359375,-7.623237133026123,-7.58184289932251,-7.540950298309326,-7.503473281860352,-7.467020034790039,-7.427539348602295,-7.388838768005371,-7.347463130950928,-7.304494857788086,-7.261533260345459,-7.2204179763793945,-7.1836676597595215,-7.146501064300537,-7.109258651733398,-7.074150562286377,-7.03728723526001,-6.998051643371582,-6.959216117858887,-6.919981002807617,-6.880796432495117,-6.841914176940918,-6.802859306335449,-6.763674259185791,-6.722542762756348,-6.683496475219727,-6.646683692932129,-6.607624530792236,-6.570156574249268,-6.53342342376709,-6.491998195648193,-6.451070785522461,-6.412165641784668,-6.370769023895264,-6.329922676086426,-6.291031360626221,-6.2495951652526855,-6.2088117599487305,-6.171787738800049,-6.136661052703857,-6.101526737213135,-6.070223331451416,-6.042829513549805,-6.011557102203369,-5.9746222496032715,-5.93344783782959,-5.892598628997803,-5.853364944458008,-5.816402912139893,-5.781178951263428,-5.749834060668945,-5.724628925323486,-5.695163726806641,-5.658257484436035,-5.621029376983643,-5.584017753601074,-5.544795513153076,-5.507643222808838,-5.474541664123535,-5.445221900939941,-5.417847633361816,-5.386751174926758,-5.35154914855957,-5.316292762756348,-5.283070087432861,-5.257807731628418,-5.236210346221924,-5.214782238006592,-5.189542770385742,-5.156253814697266,-5.119147777557373,-5.080100059509277,-5.042934894561768,-5.007777690887451,-4.972517013549805,-4.9413981437683105,-4.917917728424072,-4.892648220062256,-4.857572078704834,-4.81850528717041,-4.779237747192383,-4.740270614624023,-4.701069355010986,-4.662226676940918,-4.623085021972656,-4.584205150604248,-4.545003414154053,-4.505900859832764,-4.4670000076293945,-4.427757740020752,-4.388800621032715,-4.3498358726501465,-4.312664985656738,-4.277458667755127,-4.2462849617004395,-4.2186360359191895,-4.187443733215332,-4.152337074279785,-4.115333557128906,-4.076175689697266,-4.03911828994751,-4.002642631530762,-3.9632701873779297,-3.9230828285217285,-3.8839244842529297,-3.8447864055633545,-3.8056211471557617,-3.7668960094451904,-3.728767156600952,-3.690518617630005,-3.651287794113159,-3.612391233444214,-3.573439836502075,-3.5342845916748047,-3.4950809478759766,-3.4562387466430664,-3.4170374870300293,-3.3783135414123535,-3.3391287326812744,-3.2998626232147217,-3.26084566116333,-3.2217893600463867,-3.1826353073120117,-3.14345645904541,-3.1048572063446045,-3.066756248474121,-3.0312705039978027,-2.9999990463256836,-2.972151756286621,-2.9428622722625732,-2.9098060131073,-2.8723065853118896,-2.8331661224365234,-2.794278383255005,-2.7558231353759766,-2.7161192893981934,-2.6769821643829346,-2.6376242637634277,-2.599567413330078,-2.560410976409912,-2.5218117237091064,-2.4815714359283447,-2.4429051876068115,-2.4050118923187256,-2.3663878440856934,-2.3262715339660645,-2.2872838973999023,-2.2496800422668457,-2.2089340686798096,-2.1641554832458496,-2.12257981300354,-2.0819203853607178,-2.044053316116333,-2.0088329315185547,-1.9789570569992065,-1.947095274925232,-1.9127141237258911,-1.8721657991409302,-1.8229962587356567,-1.7806872129440308,-1.7460875511169434,-1.7014445066452026,-1.6721594333648682,-1.6296582221984863,-1.5490045547485352,-1.5133626461029053,-1.4896947145462036,-1.4383596181869507,-1.4058654308319092,-1.350028157234192,-1.3122875690460205,-1.2849979400634766,-1.239154577255249,-1.202779769897461,-1.167232871055603,-1.1129587888717651,-1.0821901559829712,-1.0421521663665771,-1.0157034397125244,-0.9731830358505249,-0.9346112608909607,-0.8890131115913391,-0.8517189025878906,-0.8154537081718445,-0.7645978927612305,-0.7375849485397339,-0.6941124200820923,-0.6480661630630493,-0.6108924150466919,-0.5848504900932312,-0.5343915224075317,-0.4977415204048157,-0.41668814420700073,-0.39583683013916016,-0.3363085091114044,-0.06835221499204636],"files":["scales.webp"]},"quats":{"files":["quats.webp"]},