{"version":2,"count":532560,"means":{"mins":[2.176615197700913,-3.4110008169973387,-1.1690677470085622],"maxs":[4.951747552363029,2.961472569486248,3.054113942809643],"files":["means_l.webp","means_u.webp"]},"scales":{"codebook":[-9.997259140014648,-9.956788063049316,-9.912522315979004,-9.867642402648926,-9.824793815612793,-9.7813138961792,-9.738828659057617,-9.695612907409668,-9.6526460647583,-9.60970401763916,-9.566601753234863,-9.52320671081543,-9.480703353881836,-9.433747291564941,-9.390448570251465,-9.35159969329834,-9.30890941619873,-9.26615047454834,-9.222753524780273,-9.179255485534668,-9.136978149414062,-9.093304634094238,-9.050848007202148,-9.003741264343262,-8.96070384979248,-8.918143272399902,-8.871109008789062,-8.82811450958252,-8.78860092163086,-8.746099472045898,-8.699666023254395,-8.656119346618652,-8.61718463897705,-8.574602127075195,-8.527426719665527,-8.480509757995605,-8.437732696533203,-8.398262023925781,-8.359370231628418,-8.316558837890625,-8.273780822753906,-8.230785369873047,-8.187450408935547,-8.144763946533203,-8.097387313842773,-8.05447006225586,-8.014789581298828,-7.973060607910156,-7.930041313171387,-7.886911869049072,-7.843813896179199,-7.8009161949157715,-7.757528781890869,-7.7147536277771,-7.672060966491699,-7.628756999969482,-7.586005210876465,-7.543200492858887,-7.5004472732543945,-7.456741809844971,-7.414057731628418,-7.371098518371582,-7.32823371887207,-7.283225059509277,-7.237937927246094,-7.194834232330322,-7.152343273162842,-7.108946323394775,-7.066405296325684,-7.023481845855713,-6.980417728424072,-6.937359809875488,-6.8942179679870605,-6.851338863372803,-6.808528423309326,-6.765471935272217,-6.722447872161865,-6.679584503173828,-6.636462688446045,-6.593861103057861,-6.550642967224121,-6.507436275482178,-6.46458101272583,-6.421959400177002,-6.378657817840576,-6.335829734802246,-6.292614459991455,-6.248100280761719,-6.20304012298584,-6.15982723236084,-6.116857051849365,-6.074059963226318,-6.031068801879883,-5.988315582275391,-5.945391654968262,-5.902035236358643,-5.859113693237305,-5.816216945648193,-5.7731194496154785,-5.73018217086792,-5.687443256378174,-5.644559383392334,-5.601467609405518,-5.5586018562316895,-5.515435218811035,-5.47259521484375,-5.429655075073242,-5.386601448059082,-5.343797206878662,-5.300745487213135,-5.257807731628418,-5.2147088050842285,-5.1716628074646,-5.128629684448242,-5.083998203277588,-5.0389299392700195,-4.9960408210754395,-4.952892780303955,-4.9099345207214355,-4.86721658706665,-4.824070930480957,-4.781301975250244,-4.738224983215332,-4.695255756378174,-4.652244567871094,-4.609395980834961,-4.566405773162842,-4.523309707641602,-4.480460166931152,-4.437449932098389,-4.394342422485352,-4.351541042327881,-4.312350273132324,-4.28115701675415,-4.249981880187988,-4.214693546295166,-4.177783012390137,-4.136599540710449,-4.093740940093994,-4.050597667694092,-4.0073370933532715,-3.9628524780273438,-3.9188530445098877,-3.876042127609253,-3.832975149154663,-3.790051221847534,-3.74731183052063,-3.703014373779297,-3.6592249870300293,-3.6171162128448486,-3.57521390914917,-3.5332491397857666,-3.4932734966278076,-3.455998420715332,-3.4218480587005615,-3.3878116607666016,-3.351494312286377,-3.3136425018310547,-3.2725167274475098,-3.2296972274780273,-3.186777353286743,-3.143756628036499,-3.1008410453796387,-3.0577871799468994,-3.014946460723877,-2.9718358516693115,-2.9278550148010254,-2.8841400146484375,-2.8409454822540283,-2.7977514266967773,-2.7550313472747803,-2.712337017059326,-2.6691224575042725,-2.6260035037994385,-2.583261489868164,-2.5403051376342773,-2.4971489906311035,-2.4541022777557373,-2.4111812114715576,-2.3674681186676025,-2.3234360218048096,-2.2803955078125,-2.237541437149048,-2.1947546005249023,-2.151576280593872,-2.1069142818450928,-2.0645506381988525,-2.0280497074127197,-1.9965707063674927,-1.9455679655075073,-1.8969404697418213,-1.8517107963562012,-1.807836890220642,-1.7646846771240234,-1.7215185165405273,-1.67887544631958,-1.6372517347335815,-1.5930659770965576,-1.550171136856079,-1.5067343711853027,-1.4619203805923462,-1.4196829795837402,-1.376153588294983,-1.3331254720687866,-1.2902114391326904,-1.246233582496643,-1.204935073852539,-1.1600418090820312,-1.1164361238479614,-1.0738755464553833,-1.030998706817627,-0.9884018301963806,-0.9455277919769287,-0.9044685363769531,-0.8594204187393188,-0.815375566482544,-0.7735598087310791,-0.7306526303291321,-0.6882336735725403,-0.6455316543579102,-0.605350911617279,-0.5615063309669495,-0.5205207467079163,-0.4795229434967041,-0.43193933367729187,-0.3935657739639282,-0.35172033309936523,-0.31308048963546753,-0.26228025555610657,-0.22004389762878418,-0.1780189871788025,-0.12945914268493652,-0.07502379268407822,-0.027660798281431198,0.001362136914394796,0.04457322880625725,0.08432889729738235,0.13084940612316132,0.17200568318367004,0.2139117568731308,0.2530416250228882,0.300719290971756,0.3435584008693695,0.38189250230789185,0.42140382528305054,0.4678140878677368,0.5163968801498413,0.5550371408462524,0.5919908285140991,0.636192798614502,0.7043666839599609,0.7295048236846924,0.7622866630554199,0.8286674618721008,0.8545958399772644,0.9951691031455994],"files":["scales.webp"]},"quats":{"files":["quats.webp"]},