{"version":2,"count":524461,"means":{"mins":[-4.611415293086185,-4.823485449467144,-1.5647358765743362],"maxs":[2.1765987556770034,-2.970952291042853,3.4947048803173617],"files":["means_l.webp","means_u.webp"]},"scales":{"codebook":[-9.999469757080078,-9.951364517211914,-9.902580261230469,-9.855514526367188,-9.808674812316895,-9.757906913757324,-9.7073974609375,-9.660659790039062,-9.613408088684082,-9.565999031066895,-9.519876480102539,-9.468950271606445,-9.422054290771484,-9.379461288452148,-9.331731796264648,-9.285188674926758,-9.238482475280762,-9.187360763549805,-9.136480331420898,-9.090728759765625,-9.043363571166992,-8.996028900146484,-8.94945240020752,-8.89793872833252,-8.847469329833984,-8.804274559020996,-8.762142181396484,-8.71484375,-8.667961120605469,-8.621317863464355,-8.574102401733398,-8.527917861938477,-8.476617813110352,-8.425843238830566,-8.37944221496582,-8.332047462463379,-8.281112670898438,-8.230785369873047,-8.183856964111328,-8.140433311462402,-8.097917556762695,-8.050826072692871,-8.004670143127441,-7.956599712371826,-7.907484531402588,-7.861802577972412,-7.814760684967041,-7.7656989097595215,-7.716488838195801,-7.669965744018555,-7.6210856437683105,-7.573970794677734,-7.529379367828369,-7.480286121368408,-7.429671287536621,-7.380626201629639,-7.33573579788208,-7.29118013381958,-7.2420549392700195,-7.19103479385376,-7.144035816192627,-7.101668357849121,-7.062462329864502,-7.031318187713623,-6.998157978057861,-6.955230236053467,-6.908267974853516,-6.8611674308776855,-6.814529895782471,-6.7655439376831055,-6.718662738800049,-6.673862934112549,-6.625179767608643,-6.5764384269714355,-6.529613018035889,-6.482194900512695,-6.435744762420654,-6.388293266296387,-6.342008590698242,-6.2928595542907715,-6.241876125335693,-6.195016384124756,-6.150412559509277,-6.101475238800049,-6.050360679626465,-6.00363826751709,-5.959142684936523,-5.909836292266846,-5.861053466796875,-5.816215991973877,-5.771549224853516,-5.722700595855713,-5.673573970794678,-5.627201080322266,-5.5799031257629395,-5.533260345458984,-5.48433256149292,-5.435563087463379,-5.38673734664917,-5.3397345542907715,-5.302582740783691,-5.275450229644775,-5.244377136230469,-5.201277732849121,-5.154297828674316,-5.1055192947387695,-5.056406021118164,-5.009883880615234,-4.960951328277588,-4.910101890563965,-4.858834266662598,-4.808174133300781,-4.761632442474365,-4.716851234436035,-4.669814109802246,-4.628674030303955,-4.593546390533447,-4.554548263549805,-4.513566493988037,-4.474643707275391,-4.431769371032715,-4.382562637329102,-4.331732749938965,-4.280925750732422,-4.2342963218688965,-4.1911468505859375,-4.148263454437256,-4.105471611022949,-4.060725212097168,-4.013988971710205,-3.9664840698242188,-3.91776967048645,-3.868750810623169,-3.8211324214935303,-3.7782530784606934,-3.7420883178710938,-3.7100539207458496,-3.6767044067382812,-3.6416592597961426,-3.6064834594726562,-3.5683858394622803,-3.526437997817993,-3.4823856353759766,-3.4383678436279297,-3.393584728240967,-3.346693754196167,-3.2997848987579346,-3.2529773712158203,-3.20613431930542,-3.1591691970825195,-3.115224838256836,-3.076148509979248,-3.0409493446350098,-3.0050017833709717,-2.9638776779174805,-2.919797658920288,-2.874152898788452,-2.826284170150757,-2.7783689498901367,-2.732530355453491,-2.688485860824585,-2.647427558898926,-2.611316442489624,-2.5753493309020996,-2.537224292755127,-2.502135992050171,-2.468773365020752,-2.4375033378601074,-2.409226655960083,-2.378070592880249,-2.340919256210327,-2.299954652786255,-2.2550454139709473,-2.2069907188415527,-2.1592819690704346,-2.1109201908111572,-2.0620181560516357,-2.0126953125,-1.9686006307601929,-1.922780990600586,-1.8765957355499268,-1.8293577432632446,-1.7815848588943481,-1.7341257333755493,-1.6866161823272705,-1.639408826828003,-1.592067837715149,-1.5450170040130615,-1.49733567237854,-1.4492716789245605,-1.402387022972107,-1.3548451662063599,-1.3067234754562378,-1.2588680982589722,-1.2119313478469849,-1.1639444828033447,-1.1174349784851074,-1.0701607465744019,-1.0241422653198242,-0.977608323097229,-0.931194007396698,-0.884749710559845,-0.8365094065666199,-0.7863557934761047,-0.7393192648887634,-0.6936963796615601,-0.6481037735939026,-0.60221928358078,-0.5559386610984802,-0.506111204624176,-0.45688942074775696,-0.4064248204231262,-0.35861852765083313,-0.3110080659389496,-0.26410454511642456,-0.21719948947429657,-0.17125947773456573,-0.12174849957227707,-0.07152903825044632,-0.025516139343380928,0.02098429575562477,0.06661190837621689,0.1146552711725235,0.16110654175281525,0.20869293808937073,0.25820809602737427,0.3052290976047516,0.3530125319957733,0.40170228481292725,0.4515891671180725,0.49706700444221497,0.5437742471694946,0.590675413608551,0.6423062682151794,0.6908887028694153,0.7299318909645081,0.7680490612983704,0.8120256066322327,0.8634102940559387,0.9258967638015747,0.9618948101997375,1.0131109952926636,1.0748931169509888,1.1194348335266113,1.155995488166809,1.2004449367523193,1.2619340419769287,1.3076026439666748,1.3581501245498657,1.4257980585098267,1.4580031633377075,1.5525203943252563,1.5832419395446777,1.6408255100250244,1.7807848453521729,2.1136488914489746],"files":["scales.webp"]},"quats":{"files":["quats.webp"]},