{"version":2,"count":524298,"means":{"mins":[2.9508579439921325,-3.9115320096653114,-0.5497173087135084],"maxs":[4.652369264553364,-2.058098599689043,2.991644971485006],"files":["means_l.webp","means_u.webp"]},"scales":{"codebook":[-9.99925422668457,-9.957330703735352,-9.910236358642578,-9.866548538208008,-9.826744079589844,-9.789865493774414,-9.750329971313477,-9.707298278808594,-9.659995079040527,-9.617228507995605,-9.577556610107422,-9.538687705993652,-9.496288299560547,-9.452714920043945,-9.41413688659668,-9.375643730163574,-9.332671165466309,-9.290042877197266,-9.249367713928223,-9.207134246826172,-9.159566879272461,-9.117059707641602,-9.077804565429688,-9.035309791564941,-8.992141723632812,-8.949813842773438,-8.906167030334473,-8.867058753967285,-8.827593803405762,-8.788885116577148,-8.746689796447754,-8.703330039978027,-8.660210609436035,-8.617234230041504,-8.574545860290527,-8.531152725219727,-8.488303184509277,-8.445236206054688,-8.406071662902832,-8.367106437683105,-8.327971458435059,-8.285290718078613,-8.238240242004395,-8.195452690124512,-8.156258583068848,-8.117029190063477,-8.077971458435059,-8.038865089416504,-7.997339248657227,-7.953210830688477,-7.912133693695068,-7.870390892028809,-7.827939510345459,-7.787332057952881,-7.745821952819824,-7.702956676483154,-7.65982723236084,-7.616806983947754,-7.575594902038574,-7.537387371063232,-7.495804786682129,-7.453617095947266,-7.409947395324707,-7.369226932525635,-7.328316688537598,-7.284802436828613,-7.244175434112549,-7.202757835388184,-7.160093307495117,-7.117070198059082,-7.076299667358398,-7.034775257110596,-6.991937637329102,-6.951189994812012,-6.910017967224121,-6.867044448852539,-6.82630729675293,-6.785061359405518,-6.744426727294922,-6.70299768447876,-6.660212516784668,-6.617128372192383,-6.573916435241699,-6.533215522766113,-6.4941534996032715,-6.453064918518066,-6.410008430480957,-6.3667707443237305,-6.324027061462402,-6.281063079833984,-6.2402496337890625,-6.198737144470215,-6.155886173248291,-6.1151909828186035,-6.076189994812012,-6.035073280334473,-5.992208003997803,-5.949070930480957,-5.9062676429748535,-5.863150596618652,-5.822059631347656,-5.783268451690674,-5.7420148849487305,-5.699001789093018,-5.65606689453125,-5.613072872161865,-5.571963310241699,-5.533291339874268,-5.492264270782471,-5.4530134201049805,-5.4199090003967285,-5.386558532714844,-5.349656105041504,-5.308552265167236,-5.269443988800049,-5.234350204467773,-5.199343204498291,-5.16603946685791,-5.136760234832764,-5.105377197265625,-5.068399906158447,-5.029322624206543,-4.9879984855651855,-4.947180271148682,-4.908233165740967,-4.867096424102783,-4.824199676513672,-4.783295154571533,-4.742112159729004,-4.699217319488525,-4.656198501586914,-4.613303184509277,-4.5701904296875,-4.527227401733398,-4.484254360198975,-4.443414211273193,-4.402325630187988,-4.361328125,-4.3203301429748535,-4.277302265167236,-4.234361171722412,-4.193253517150879,-4.154299259185791,-4.1131439208984375,-4.070265769958496,-4.027342319488525,-3.9857940673828125,-3.945286989212036,-3.904228448867798,-3.864260196685791,-3.8233213424682617,-3.7813706398010254,-3.7403340339660645,-3.6983797550201416,-3.6553099155426025,-3.613312244415283,-3.572051763534546,-3.531364917755127,-3.489330768585205,-3.447183847427368,-3.4063563346862793,-3.3642592430114746,-3.3222668170928955,-3.2803289890289307,-3.237274169921875,-3.195263624191284,-3.154268980026245,-3.113300323486328,-3.0724189281463623,-3.0303003787994385,-2.9881513118743896,-2.9473249912261963,-2.9052960872650146,-2.8634469509124756,-2.8213906288146973,-2.779439687728882,-2.7383549213409424,-2.6964259147644043,-2.6543734073638916,-2.6132404804229736,-2.5714831352233887,-2.5294182300567627,-2.488485813140869,-2.4467175006866455,-2.4045801162719727,-2.3636038303375244,-2.3245670795440674,-2.289249897003174,-2.2569615840911865,-2.224952220916748,-2.1906421184539795,-2.153737783432007,-2.1124398708343506,-2.070887804031372,-2.0291318893432617,-1.9902808666229248,-1.9469398260116577,-1.904491662979126,-1.8635812997817993,-1.8214445114135742,-1.7784554958343506,-1.737341046333313,-1.6959811449050903,-1.6535170078277588,-1.6111418008804321,-1.570578694343567,-1.5285286903381348,-1.4862016439437866,-1.4444152116775513,-1.4033788442611694,-1.3624941110610962,-1.3214002847671509,-1.2785866260528564,-1.2364734411239624,-1.1944351196289062,-1.153327226638794,-1.1117298603057861,-1.0705595016479492,-1.0295268297195435,-0.9883867502212524,-0.9491422176361084,-0.9055156707763672,-0.863940954208374,-0.821832001209259,-0.7784000635147095,-0.7348207831382751,-0.6966743469238281,-0.6579481363296509,-0.615954577922821,-0.5754274129867554,-0.5364965200424194,-0.49277496337890625,-0.45389002561569214,-0.412089079618454,-0.3693236708641052,-0.3196328580379486,-0.2734834849834442,-0.22663289308547974,-0.19016623497009277,-0.1528865247964859,-0.10841695219278336,-0.08087796717882156,-0.031407345086336136,0.01778526045382023,0.06411541253328323,0.09519307315349579,0.14019402861595154,0.18314194679260254,0.2213267683982849,0.2535548210144043,0.301188588142395,0.33776453137397766,0.38383927941322327,0.49360355734825134,0.5973183512687683,0.6418580412864685],"files":["scales.webp"]},"quats":{"files":["quats.webp"]},