{"version":2,"count":592762,"means":{"mins":[-2.580060313609171,-1.2182330252248055,-1.3367189521791862],"maxs":[-2.1786374509486133,1.9933667976261316,2.9370786039951207],"files":["means_l.webp","means_u.webp"]},"scales":{"codebook":[-9.999281883239746,-9.964764595031738,-9.922467231750488,-9.879607200622559,-9.834639549255371,-9.796828269958496,-9.757418632507324,-9.718621253967285,-9.679914474487305,-9.640547752380371,-9.601760864257812,-9.562322616577148,-9.519675254821777,-9.476583480834961,-9.437189102172852,-9.398298263549805,-9.359010696411133,-9.320223808288574,-9.281489372253418,-9.242541313171387,-9.199298858642578,-9.1561918258667,-9.116793632507324,-9.078259468078613,-9.038352012634277,-9.00047779083252,-8.96103286743164,-8.921561241149902,-8.88315200805664,-8.840020179748535,-8.797019958496094,-8.75780200958252,-8.718790054321289,-8.679810523986816,-8.640599250793457,-8.6016263961792,-8.562549591064453,-8.519584655761719,-8.476412773132324,-8.43786907196045,-8.39809513092041,-8.359142303466797,-8.316545486450195,-8.273270606994629,-8.23410415649414,-8.195215225219727,-8.1560640335083,-8.117135047912598,-8.077956199645996,-8.039083480834961,-8.004874229431152,-7.97261381149292,-7.935291290283203,-7.8982930183410645,-7.863244533538818,-7.827940940856934,-7.794887065887451,-7.765659809112549,-7.738191604614258,-7.709127902984619,-7.675651550292969,-7.638843059539795,-7.597228050231934,-7.554408073425293,-7.511568069458008,-7.46852970123291,-7.425754070281982,-7.382681846618652,-7.341706275939941,-7.3044891357421875,-7.269212245941162,-7.23244571685791,-7.1912431716918945,-7.150404453277588,-7.109117031097412,-7.068253040313721,-7.031238079071045,-6.995991230010986,-6.959059715270996,-6.920059680938721,-6.8788299560546875,-6.835898399353027,-6.796768665313721,-6.759815692901611,-6.7244873046875,-6.6954169273376465,-6.663946151733398,-6.628868103027344,-6.591800212860107,-6.554740905761719,-6.517661094665527,-6.4785332679748535,-6.437439918518066,-6.396484851837158,-6.355472564697266,-6.314359664916992,-6.277262210845947,-6.240341663360596,-6.199223041534424,-6.158239841461182,-6.1192545890808105,-6.078144073486328,-6.037121295928955,-5.998132705688477,-5.95896053314209,-5.919961929321289,-5.878840446472168,-5.837990760803223,-5.7990522384643555,-5.759941577911377,-5.724555015563965,-5.695321083068848,-5.6660332679748535,-5.634814262390137,-5.599785327911377,-5.5644001960754395,-5.537181854248047,-5.5099287033081055,-5.474673271179199,-5.435556411743164,-5.396652698516846,-5.3574538230896,-5.318304538726807,-5.2793288230896,-5.240313529968262,-5.199256420135498,-5.15834903717041,-5.119013786315918,-5.0802836418151855,-5.039092540740967,-4.998143672943115,-4.958962917327881,-4.919973850250244,-4.879087448120117,-4.837680339813232,-4.798956871032715,-4.757867336273193,-4.714898586273193,-4.673848628997803,-4.634775161743164,-4.59576416015625,-4.556615352630615,-4.5176472663879395,-4.478485107421875,-4.439499855041504,-4.398418426513672,-4.357558250427246,-4.318389415740967,-4.277341842651367,-4.234394073486328,-4.193199157714844,-4.15611457824707,-4.119261741638184,-4.080233573913574,-4.039140224456787,-3.9984991550445557,-3.9602251052856445,-3.920116901397705,-3.8789079189300537,-3.83897066116333,-3.7998404502868652,-3.7617831230163574,-3.7275047302246094,-3.698267698287964,-3.66801381111145,-3.6339504718780518,-3.596724271774292,-3.5567398071289062,-3.517500400543213,-3.4795284271240234,-3.4405503273010254,-3.400681734085083,-3.360992670059204,-3.3204667568206787,-3.2805821895599365,-3.240548610687256,-3.200197458267212,-3.1605241298675537,-3.1190102100372314,-3.0794761180877686,-3.0404515266418457,-3.000610589981079,-2.9599897861480713,-2.9202585220336914,-2.88043212890625,-2.8399739265441895,-2.7988719940185547,-2.7588443756103516,-2.7199668884277344,-2.6800825595855713,-2.63984751701355,-2.6008784770965576,-2.5611164569854736,-2.5202059745788574,-2.4823968410491943,-2.4414288997650146,-2.40130615234375,-2.3590047359466553,-2.3198091983795166,-2.2805323600769043,-2.240845203399658,-2.199045181274414,-2.1581871509552,-2.116497755050659,-2.077348232269287,-2.040957450866699,-2.0064191818237305,-1.9651318788528442,-1.9252114295959473,-1.8851979970932007,-1.8478896617889404,-1.8070849180221558,-1.7646554708480835,-1.7205511331558228,-1.6763290166854858,-1.6401418447494507,-1.600287914276123,-1.5632473230361938,-1.529078722000122,-1.4819236993789673,-1.4435476064682007,-1.3984137773513794,-1.362056016921997,-1.3152536153793335,-1.277664303779602,-1.2394249439239502,-1.201512336730957,-1.1635651588439941,-1.1303155422210693,-1.07045316696167,-1.0324649810791016,-0.9912598133087158,-0.9650337100028992,-0.9382697939872742,-0.8875923752784729,-0.8459635972976685,-0.7995926737785339,-0.758472204208374,-0.70760577917099,-0.6811088919639587,-0.616635799407959,-0.5928071141242981,-0.566045880317688,-0.5367685556411743,-0.4527430534362793,-0.39188700914382935,-0.34536582231521606,-0.28640216588974,-0.22907552123069763,-0.21269449591636658,-0.0909014642238617,-0.05133065953850746,0.002186885569244623,0.02095336839556694,0.15372538566589355,0.19637715816497803],"files":["scales.webp"]},"quats":{"files":["quats.webp"]},