{"version":2,"count":545821,"means":{"mins":[2.950924571068244,-3.911532314990923,-0.5481109111463995],"maxs":[4.668745700095654,-2.0581006699624016,2.946014813046801],"files":["means_l.webp","means_u.webp"]},"scales":{"codebook":[-9.999059677124023,-9.958146095275879,-9.912899017333984,-9.87539005279541,-9.832157135009766,-9.790510177612305,-9.746625900268555,-9.69926643371582,-9.652412414550781,-9.610230445861816,-9.569975852966309,-9.530925750732422,-9.490894317626953,-9.452831268310547,-9.413578033447266,-9.371102333068848,-9.327588081359863,-9.289403915405273,-9.246631622314453,-9.202754020690918,-9.163932800292969,-9.124961853027344,-9.082218170166016,-9.038881301879883,-8.996307373046875,-8.953081130981445,-8.913704872131348,-8.87118148803711,-8.827916145324707,-8.785294532775879,-8.742137908935547,-8.703131675720215,-8.6602201461792,-8.613298416137695,-8.566385269165039,-8.52347469329834,-8.48426628112793,-8.445259094238281,-8.406320571899414,-8.366975784301758,-8.328001022338867,-8.28915786743164,-8.25024127960205,-8.207210540771484,-8.160240173339844,-8.117131233215332,-8.07784652709961,-8.03836727142334,-7.998992919921875,-7.956752777099609,-7.916275978088379,-7.874770641326904,-7.831480979919434,-7.791047096252441,-7.750424385070801,-7.706958293914795,-7.663738250732422,-7.623189926147461,-7.5836591720581055,-7.550561428070068,-7.519577980041504,-7.486497402191162,-7.452987194061279,-7.416201114654541,-7.375026226043701,-7.3315863609313965,-7.288763523101807,-7.245923042297363,-7.2052531242370605,-7.163754940032959,-7.121095180511475,-7.078133583068848,-7.03495979309082,-6.992030143737793,-6.952811241149902,-6.916312217712402,-6.8750786781311035,-6.832121849060059,-6.788909435272217,-6.748178005218506,-6.707057476043701,-6.66611385345459,-6.624834060668945,-6.581827163696289,-6.538949489593506,-6.496006965637207,-6.454821586608887,-6.416053295135498,-6.37505578994751,-6.331960201263428,-6.288845062255859,-6.245875358581543,-6.20296049118042,-6.160109519958496,-6.11686897277832,-6.073843479156494,-6.035124778747559,-5.998178005218506,-5.956839561462402,-5.913785457611084,-5.8708062171936035,-5.827775001525879,-5.78501033782959,-5.742147922515869,-5.701187610626221,-5.662126541137695,-5.621017932891846,-5.578051567077637,-5.535085201263428,-5.496042251586914,-5.459108352661133,-5.417960166931152,-5.3750481605529785,-5.331884384155273,-5.288998603820801,-5.246026992797852,-5.203067779541016,-5.162044525146484,-5.123141288757324,-5.081771373748779,-5.039022445678711,-4.996001243591309,-4.9549880027771,-4.91611385345459,-4.874978542327881,-4.831923484802246,-4.788990497589111,-4.748165607452393,-4.706993579864502,-4.666017055511475,-4.624914169311523,-4.584109783172607,-4.542983531951904,-4.500188827514648,-4.459165096282959,-4.418093681335449,-4.375038146972656,-4.334156036376953,-4.293142795562744,-4.250104904174805,-4.20912504196167,-4.168173313140869,-4.1250481605529785,-4.084078311920166,-4.043123722076416,-4.000563144683838,-3.9591898918151855,-3.9180703163146973,-3.876096487045288,-3.8340554237365723,-3.792917490005493,-3.7511775493621826,-3.7091166973114014,-3.6679306030273438,-3.6259939670562744,-3.5839126110076904,-3.5430245399475098,-3.501126289367676,-3.4591240882873535,-3.4178626537323,-3.3760340213775635,-3.3330559730529785,-3.2908637523651123,-3.249936103820801,-3.2090346813201904,-3.1679563522338867,-3.12623929977417,-3.0840799808502197,-3.0432119369506836,-3.001020669937134,-2.958933115005493,-2.9179413318634033,-2.8761870861053467,-2.8341710567474365,-2.793166160583496,-2.751155376434326,-2.7091152667999268,-2.6681301593780518,-2.626199960708618,-2.5841429233551025,-2.5431299209594727,-2.5011279582977295,-2.459019660949707,-2.41799259185791,-2.3764166831970215,-2.333956003189087,-2.2932991981506348,-2.2512028217315674,-2.2095413208007812,-2.167123556137085,-2.1248583793640137,-2.0844390392303467,-2.04343318939209,-2.0021727085113525,-1.9603044986724854,-1.9181256294250488,-1.8757857084274292,-1.8350294828414917,-1.7933053970336914,-1.751570224761963,-1.708145260810852,-1.666277527809143,-1.625550389289856,-1.5850939750671387,-1.544277548789978,-1.502554178237915,-1.460290789604187,-1.418215274810791,-1.3769807815551758,-1.3361456394195557,-1.2926430702209473,-1.2507290840148926,-1.2087560892105103,-1.166936993598938,-1.1255525350570679,-1.0858955383300781,-1.0442498922348022,-1.0033831596374512,-0.9608533382415771,-0.9175132513046265,-0.8757854700088501,-0.83490389585495,-0.7936045527458191,-0.7499052882194519,-0.7084589004516602,-0.667145848274231,-0.6269447207450867,-0.5837393403053284,-0.5448991060256958,-0.4996431767940521,-0.45506566762924194,-0.41550493240356445,-0.37587085366249084,-0.335674524307251,-0.2922438085079193,-0.2523818612098694,-0.21161438524723053,-0.1719827950000763,-0.1241212859749794,-0.08570891618728638,-0.045415062457323074,0.000792398932389915,0.04188508167862892,0.0797223225235939,0.11806649714708328,0.15499259531497955,0.19612835347652435,0.24518471956253052,0.2957313656806946,0.33903971314430237,0.37748515605926514,0.44686442613601685,0.4976047873497009,0.5272072553634644,0.5813225507736206,0.6231555938720703],"files":["scales.webp"]},"quats":{"files":["quats.webp"]},