{"version":2,"count":531927,"means":{"mins":[-4.613528559358617,-4.8234690127408735,-1.5650453322730526],"maxs":[-1.5274268201370937,-2.970951215680533,3.230924151963126],"files":["means_l.webp","means_u.webp"]},"scales":{"codebook":[-9.999516487121582,-9.950030326843262,-9.898337364196777,-9.851393699645996,-9.808784484863281,-9.757466316223145,-9.710613250732422,-9.667973518371582,-9.621272087097168,-9.57437801361084,-9.52702808380127,-9.480781555175781,-9.429929733276367,-9.378715515136719,-9.332165718078613,-9.284961700439453,-9.238516807556152,-9.187533378601074,-9.140564918518066,-9.101025581359863,-9.058755874633789,-9.011481285095215,-8.965381622314453,-8.918192863464355,-8.871541976928711,-8.824358940124512,-8.77718448638916,-8.730472564697266,-8.68363094329834,-8.63675594329834,-8.590109825134277,-8.538816452026367,-8.492314338684082,-8.449345588684082,-8.402024269104004,-8.355620384216309,-8.308282852172852,-8.261775016784668,-8.210807800292969,-8.16402530670166,-8.13283920288086,-8.105607032775879,-8.070117950439453,-8.027518272399902,-7.979421615600586,-7.931421279907227,-7.884777545928955,-7.837867736816406,-7.791204929351807,-7.744209289550781,-7.6972761154174805,-7.64780855178833,-7.5994672775268555,-7.552765846252441,-7.505871772766113,-7.45711088180542,-7.4101691246032715,-7.365492820739746,-7.318495273590088,-7.271675109863281,-7.224687099456787,-7.1798095703125,-7.134892463684082,-7.085599899291992,-7.036957740783691,-6.992116451263428,-6.947440147399902,-6.900500774383545,-6.8531084060668945,-6.806957721710205,-6.759414196014404,-6.71322774887085,-6.666157245635986,-6.619077682495117,-6.572412967681885,-6.525373935699463,-6.478710651397705,-6.431644439697266,-6.382613182067871,-6.3319549560546875,-6.284994602203369,-6.242186069488525,-6.197302341461182,-6.150518894195557,-6.101686477661133,-6.054574966430664,-6.009915351867676,-5.9610419273376465,-5.913913726806641,-5.869237899780273,-5.820160865783691,-5.773289680480957,-5.7287516593933105,-5.679293155670166,-5.630765914916992,-5.584104537963867,-5.539007663726807,-5.4943013191223145,-5.44727087020874,-5.398406028747559,-5.347638130187988,-5.298649311065674,-5.253668785095215,-5.2109761238098145,-5.166069984436035,-5.119204521179199,-5.0724968910217285,-5.023276329040527,-4.972377300262451,-4.921790599822998,-4.872995853424072,-4.827922821044922,-4.783205986022949,-4.734339237213135,-4.685395240783691,-4.640501976013184,-4.595766067504883,-4.546665191650391,-4.495922565460205,-4.444972991943359,-4.394412517547607,-4.345648288726807,-4.300599575042725,-4.257836818695068,-4.214663505554199,-4.171700954437256,-4.126969337463379,-4.080041885375977,-4.035035133361816,-3.9897124767303467,-3.942296266555786,-3.8964250087738037,-3.850755453109741,-3.8026316165924072,-3.755830764770508,-3.712916851043701,-3.67282772064209,-3.635943651199341,-3.5985183715820312,-3.5596110820770264,-3.5186922550201416,-3.4745442867279053,-3.432551383972168,-3.3973658084869385,-3.3682701587677,-3.340912103652954,-3.3095786571502686,-3.2723770141601562,-3.2333908081054688,-3.1925740242004395,-3.1475446224212646,-3.1006522178649902,-3.0538527965545654,-3.00683331489563,-2.9600610733032227,-2.9120097160339355,-2.865133285522461,-2.819364547729492,-2.7725462913513184,-2.7256808280944824,-2.678860902786255,-2.6320061683654785,-2.5839850902557373,-2.5361084938049316,-2.489981174468994,-2.446221351623535,-2.4043378829956055,-2.3654978275299072,-2.3292911052703857,-2.290081262588501,-2.2470922470092773,-2.2030601501464844,-2.1572933197021484,-2.1103806495666504,-2.062195062637329,-2.014415740966797,-1.97316312789917,-1.9274946451187134,-1.8806037902832031,-1.833961009979248,-1.7867618799209595,-1.7399828433990479,-1.6931897401809692,-1.646083116531372,-1.5993587970733643,-1.552620768547058,-1.5055629014968872,-1.4585316181182861,-1.4117716550827026,-1.364883303642273,-1.318127989768982,-1.271440863609314,-1.224555253982544,-1.1771304607391357,-1.1304388046264648,-1.0839697122573853,-1.0368661880493164,-0.9902363419532776,-0.9444409012794495,-0.8994357585906982,-0.8518040180206299,-0.8046219944953918,-0.7569360733032227,-0.7100537419319153,-0.6611960530281067,-0.6142830848693848,-0.5682364702224731,-0.5220692157745361,-0.47896525263786316,-0.4302806258201599,-0.38132601976394653,-0.3335835337638855,-0.28420618176460266,-0.23807621002197266,-0.19277667999267578,-0.1505257934331894,-0.10464829951524734,-0.052318423986434937,-0.002115517156198621,0.04330414533615112,0.08635356277227402,0.13087227940559387,0.177914559841156,0.22316905856132507,0.2702028751373291,0.32171395421028137,0.37195074558258057,0.41680908203125,0.45899704098701477,0.5070599317550659,0.5560030341148376,0.60219407081604,0.654231071472168,0.7026901245117188,0.7545139193534851,0.7983452081680298,0.8401927947998047,0.8811003565788269,0.9346904754638672,0.9773138761520386,1.0154497623443604,1.0702728033065796,1.1204065084457397,1.1728633642196655,1.213617205619812,1.2785654067993164,1.324182152748108,1.3595714569091797,1.3974956274032593,1.4301989078521729,1.4822981357574463,1.5243498086929321,1.5908293724060059,1.7045035362243652,1.818056583404541,1.9669256210327148],"files":["scales.webp"]},"quats":{"files":["quats.webp"]},