{"version":2,"count":534576,"means":{"mins":[-0.961072527391083,-4.5779676684837645,-1.1944677781242488],"maxs":[2.950792110485048,4.1644423647010145,3.1714478916204616],"files":["means_l.webp","means_u.webp"]},"scales":{"codebook":[-9.997859001159668,-9.956864356994629,-9.912287712097168,-9.864030838012695,-9.817078590393066,-9.773442268371582,-9.73440170288086,-9.691712379455566,-9.644765853881836,-9.60194206237793,-9.55884838104248,-9.511726379394531,-9.465160369873047,-9.421625137329102,-9.379101753234863,-9.335771560668945,-9.29312801361084,-9.250102996826172,-9.207270622253418,-9.160317420959473,-9.116884231567383,-9.074395179748535,-9.027226448059082,-8.980658531188965,-8.937565803527832,-8.898229598999023,-8.855537414550781,-8.808775901794434,-8.762089729309082,-8.718485832214355,-8.676377296447754,-8.633001327514648,-8.590450286865234,-8.547111511230469,-8.504066467285156,-8.457074165344238,-8.414535522460938,-8.371424674987793,-8.324395179748535,-8.281182289123535,-8.238286972045898,-8.191679000854492,-8.144503593444824,-8.101358413696289,-8.06196403503418,-8.020374298095703,-7.974366188049316,-7.929396629333496,-7.8866496086120605,-7.843628883361816,-7.800832271575928,-7.75592041015625,-7.710675239562988,-7.668245315551758,-7.62326717376709,-7.578057765960693,-7.535119533538818,-7.492279529571533,-7.447379112243652,-7.400388240814209,-7.355292797088623,-7.312381267547607,-7.269174575805664,-7.22647762298584,-7.1835455894470215,-7.140539646148682,-7.095799922943115,-7.046907901763916,-7.000105381011963,-6.957107067108154,-6.914037704467773,-6.87099027633667,-6.828010082244873,-6.784634113311768,-6.7422685623168945,-6.6988301277160645,-6.656274318695068,-6.6134443283081055,-6.574192047119141,-6.543163776397705,-6.511728763580322,-6.474672794342041,-6.433544635772705,-6.39048957824707,-6.347448348999023,-6.304692268371582,-6.2598490715026855,-6.21253776550293,-6.167551517486572,-6.1250200271606445,-6.081830024719238,-6.039166450500488,-5.994271755218506,-5.949116230010986,-5.905999183654785,-5.86323881149292,-5.820377349853516,-5.775654315948486,-5.730286121368408,-5.685693740844727,-5.638667583465576,-5.593522071838379,-5.550636291503906,-5.505971431732178,-5.4608306884765625,-5.417950630187988,-5.3748979568481445,-5.332018852233887,-5.289112567901611,-5.245983600616455,-5.2028021812438965,-5.160129547119141,-5.11533784866333,-5.068144798278809,-5.0233235359191895,-4.980459690093994,-4.937398910522461,-4.894606113433838,-4.8512163162231445,-4.8066792488098145,-4.757793426513672,-4.710797309875488,-4.6660308837890625,-4.621110439300537,-4.577946662902832,-4.534962177276611,-4.49022102355957,-4.445176124572754,-4.402206897735596,-4.35912561416626,-4.3162150382995605,-4.2733612060546875,-4.230503082275391,-4.187412261962891,-4.144423007965088,-4.101500511169434,-4.058403968811035,-4.014928817749023,-3.9706101417541504,-3.9255921840667725,-3.880720853805542,-3.835954189300537,-3.792982816696167,-3.750990152359009,-3.707075834274292,-3.6631619930267334,-3.619080066680908,-3.574191093444824,-3.5302653312683105,-3.487309694290161,-3.4434449672698975,-3.399454116821289,-3.3556149005889893,-3.311758279800415,-3.2677931785583496,-3.2239561080932617,-3.1797807216644287,-3.1359565258026123,-3.091864824295044,-3.0470104217529297,-3.0033037662506104,-2.9590704441070557,-2.91520357131958,-2.8711984157562256,-2.8271617889404297,-2.7836012840270996,-2.739323377609253,-2.695408582687378,-2.651571273803711,-2.6078948974609375,-2.563676118850708,-2.519702672958374,-2.4756362438201904,-2.4317662715911865,-2.3879129886627197,-2.3441500663757324,-2.298931837081909,-2.255009174346924,-2.2109434604644775,-2.165942907333374,-2.1210618019104004,-2.076636552810669,-2.035750389099121,-2.0007050037384033,-1.953330397605896,-1.9067291021347046,-1.8612045049667358,-1.816688060760498,-1.7718585729599,-1.7278894186019897,-1.683930516242981,-1.6398307085037231,-1.5961172580718994,-1.5518673658370972,-1.5083507299423218,-1.4637714624404907,-1.419742226600647,-1.3772258758544922,-1.3331342935562134,-1.288477897644043,-1.2449009418487549,-1.2002837657928467,-1.1547683477401733,-1.1125143766403198,-1.070948839187622,-1.0267988443374634,-0.9845952391624451,-0.9387263059616089,-0.8962703347206116,-0.8530473113059998,-0.8077089190483093,-0.7613053321838379,-0.7132954001426697,-0.6687946319580078,-0.6273197531700134,-0.5852043628692627,-0.5404402613639832,-0.493351012468338,-0.44833046197891235,-0.40271228551864624,-0.3587478697299957,-0.3172997534275055,-0.2723305821418762,-0.23271866142749786,-0.18861174583435059,-0.14402785897254944,-0.0979798436164856,-0.05608285963535309,-0.01115737296640873,0.03098650649189949,0.07806823402643204,0.11973682045936584,0.16408300399780273,0.2130226045846939,0.2548106014728546,0.29930734634399414,0.33261632919311523,0.3806893825531006,0.4281535744667053,0.45921340584754944,0.5358176827430725,0.5665061473846436,0.5925248861312866,0.6493698954582214,0.6925968527793884,0.735020101070404,0.7743741273880005,0.835949182510376,0.8778253197669983,0.919578492641449,0.963260293006897,0.99225914478302,1.0598703622817993,1.1310824155807495,1.1731183528900146,1.220357894897461],"files":["scales.webp"]},"quats":{"files":["quats.webp"]},