{"version":2,"count":525498,"means":{"mins":[-2.7318423879867044,-2.760578976805756,-0.4543187652923511],"maxs":[-1.933736884198946,-1.2182463520630094,2.4012865903874543],"files":["means_l.webp","means_u.webp"]},"scales":{"codebook":[-9.999502182006836,-9.963000297546387,-9.926164627075195,-9.890477180480957,-9.851293563842773,-9.81652545928955,-9.7813720703125,-9.742330551147461,-9.707193374633789,-9.671711921691895,-9.632741928100586,-9.593753814697266,-9.554868698120117,-9.515626907348633,-9.480246543884277,-9.449278831481934,-9.413838386535645,-9.374943733215332,-9.336094856262207,-9.296719551086426,-9.261679649353027,-9.23055362701416,-9.1953706741333,-9.160621643066406,-9.125096321105957,-9.086112976074219,-9.047150611877441,-9.011822700500488,-8.976815223693848,-8.937104225158691,-8.898253440856934,-8.859190940856934,-8.824430465698242,-8.788878440856934,-8.749996185302734,-8.715012550354004,-8.683858871459961,-8.64880657196045,-8.609310150146484,-8.574392318725586,-8.539350509643555,-8.499591827392578,-8.460616111755371,-8.425966262817383,-8.390668869018555,-8.351454734802246,-8.312301635742188,-8.277210235595703,-8.24621295928955,-8.210748672485352,-8.172240257263184,-8.13249683380127,-8.09358024597168,-8.05483627319336,-8.019514083862305,-7.987335205078125,-7.9532389640808105,-7.918033123016357,-7.881407260894775,-7.843950271606445,-7.806680202484131,-7.769391059875488,-7.734260082244873,-7.6974616050720215,-7.660205364227295,-7.625244617462158,-7.5897393226623535,-7.552841663360596,-7.51340913772583,-7.476375579833984,-7.44135046005249,-7.406202793121338,-7.371138095855713,-7.334044456481934,-7.296669006347656,-7.259791374206543,-7.2225494384765625,-7.187570095062256,-7.1523237228393555,-7.115408420562744,-7.07806396484375,-7.04118013381958,-7.003772258758545,-6.9685821533203125,-6.933765888214111,-6.896492958068848,-6.857269763946533,-6.819978713989258,-6.784824848175049,-6.749912261962891,-6.712953567504883,-6.673704624176025,-6.636485576629639,-6.60136604309082,-6.566335678100586,-6.529376029968262,-6.490025997161865,-6.453094005584717,-6.416065692901611,-6.378894329071045,-6.343707084655762,-6.3066911697387695,-6.269397258758545,-6.234194755554199,-6.199173450469971,-6.164033889770508,-6.128867149353027,-6.09181547164917,-6.0546393394470215,-6.019237041473389,-5.984382152557373,-5.947293281555176,-5.910241603851318,-5.873098850250244,-5.835729122161865,-5.798905849456787,-5.761555194854736,-5.724660873413086,-5.687509059906006,-5.652309417724609,-5.617120265960693,-5.5801167488098145,-5.542983531951904,-5.506003379821777,-5.468611240386963,-5.433407783508301,-5.398403644561768,-5.361403465270996,-5.324179649353027,-5.289066314697266,-5.253983497619629,-5.216945171356201,-5.1797285079956055,-5.144532680511475,-5.107469081878662,-5.070380210876465,-5.033268451690674,-4.9942450523376465,-4.956851005554199,-4.921756267547607,-4.884833335876465,-4.847541809082031,-4.8123779296875,-4.777247905731201,-4.7420783042907715,-4.70513916015625,-4.66604471206665,-4.624928951263428,-4.585939407348633,-4.548841953277588,-4.511691093444824,-4.476324558258057,-4.441321849822998,-4.406266689300537,-4.370922565460205,-4.335805416107178,-4.300656795501709,-4.265584945678711,-4.230373382568359,-4.193398952484131,-4.156189918518066,-4.121062755584717,-4.084112644195557,-4.0467848777771,-4.011263370513916,-3.9756603240966797,-3.9394757747650146,-3.9024016857147217,-3.8653037548065186,-3.8291661739349365,-3.793210744857788,-3.7558295726776123,-3.7199087142944336,-3.6838417053222656,-3.646465539932251,-3.610419273376465,-3.5741004943847656,-3.537310838699341,-3.5011775493621826,-3.465256452560425,-3.428034543991089,-3.3907175064086914,-3.3547894954681396,-3.3183696269989014,-3.2812445163726807,-3.2451179027557373,-3.208811044692993,-3.1722824573516846,-3.135838747024536,-3.0999209880828857,-3.0627050399780273,-3.0265140533447266,-2.9904518127441406,-2.9531919956207275,-2.9158971309661865,-2.880018711090088,-2.8442280292510986,-2.8070502281188965,-2.7707862854003906,-2.7345006465911865,-2.697556495666504,-2.6612448692321777,-2.6252517700195312,-2.5879454612731934,-2.550675868988037,-2.5148003101348877,-2.4784207344055176,-2.441490650177002,-2.405643939971924,-2.3688418865203857,-2.331914186477661,-2.2946531772613525,-2.258998155593872,-2.222033977508545,-2.1867663860321045,-2.1502957344055176,-2.1127679347991943,-2.075453996658325,-2.039599657058716,-2.0064568519592285,-1.9683555364608765,-1.9318510293960571,-1.8958563804626465,-1.8581863641738892,-1.8267881870269775,-1.7822798490524292,-1.7467148303985596,-1.711682915687561,-1.6757107973098755,-1.6391730308532715,-1.5997668504714966,-1.564538836479187,-1.5315873622894287,-1.492139458656311,-1.455571174621582,-1.4188635349273682,-1.3805562257766724,-1.3483924865722656,-1.3094532489776611,-1.2725136280059814,-1.2389905452728271,-1.1989922523498535,-1.16133713722229,-1.114711880683899,-1.0837739706039429,-1.0518863201141357,-1.014538288116455,-0.9764822721481323,-0.9449164271354675,-0.9065481424331665,-0.8674099445343018,-0.8375877737998962,-0.7939765453338623,-0.7631210088729858,-0.7150083780288696,-0.6911661624908447],"files":["scales.webp"]},"quats":{"files":["quats.webp"]},