{"version":2,"count":163231,"means":{"mins":[3.071436872174065,-1.070382663637889,-1.1171597632544836],"maxs":[5.01013081302593,4.595321661933636,3.218285440664801],"files":["means_l.webp","means_u.webp"]},"scales":{"codebook":[-9.999028205871582,-9.951995849609375,-9.902390480041504,-9.852557182312012,-9.80086898803711,-9.753344535827637,-9.718422889709473,-9.69174575805664,-9.647795677185059,-9.598183631896973,-9.554848670959473,-9.51171875,-9.460716247558594,-9.406514167785645,-9.359807968139648,-9.317153930664062,-9.270305633544922,-9.221880912780762,-9.176495552062988,-9.129412651062012,-9.077269554138184,-9.027358055114746,-8.980341911315918,-8.933645248413086,-8.882342338562012,-8.831953048706055,-8.785651206970215,-8.737716674804688,-8.691617965698242,-8.64526081085205,-8.593510627746582,-8.543079376220703,-8.492182731628418,-8.43704891204834,-8.390698432922363,-8.34821605682373,-8.296456336975098,-8.241607666015625,-8.195297241210938,-8.15237808227539,-8.10520076751709,-8.059511184692383,-8.012834548950195,-7.966838359832764,-7.917513370513916,-7.8665266036987305,-7.817386627197266,-7.771754264831543,-7.722318172454834,-7.671538352966309,-7.624903202056885,-7.580097198486328,-7.532059192657471,-7.4824981689453125,-7.434546947479248,-7.3852362632751465,-7.335780143737793,-7.287294864654541,-7.240479469299316,-7.193570137023926,-7.144814491271973,-7.093338966369629,-7.044990062713623,-6.9984822273254395,-6.949260711669922,-6.90048885345459,-6.850996494293213,-6.803081035614014,-6.756111145019531,-6.708803176879883,-6.6696062088012695,-6.638853549957275,-6.601390838623047,-6.5587663650512695,-6.513723373413086,-6.467191219329834,-6.417821407318115,-6.371160507202148,-6.331767559051514,-6.296815395355225,-6.260207653045654,-6.218317985534668,-6.1739091873168945,-6.12410306930542,-6.074079513549805,-6.024724960327148,-5.978702545166016,-5.931952953338623,-5.884889125823975,-5.837913513183594,-5.789007186889648,-5.744064807891846,-5.711199760437012,-5.687480449676514,-5.667783260345459,-5.644513130187988,-5.615581512451172,-5.578244209289551,-5.533343315124512,-5.487655162811279,-5.446998119354248,-5.412078857421875,-5.388549327850342,-5.369180202484131,-5.338105201721191,-5.298950672149658,-5.257649898529053,-5.218536376953125,-5.183634281158447,-5.144500732421875,-5.101430892944336,-5.05819034576416,-5.019585609436035,-4.986499786376953,-4.948934078216553,-4.910017013549805,-4.875155925750732,-4.839593410491943,-4.800529956817627,-4.761744499206543,-4.7247138023376465,-4.687561988830566,-4.650624752044678,-4.6113996505737305,-4.570149898529053,-4.527220726013184,-4.482550144195557,-4.433277606964111,-4.38476037979126,-4.337948322296143,-4.28889274597168,-4.240238666534424,-4.1912007331848145,-4.140536785125732,-4.091863632202148,-4.045151233673096,-3.997549057006836,-3.950394630432129,-3.903432607650757,-3.8556439876556396,-3.806715965270996,-3.757612466812134,-3.7089483737945557,-3.6615099906921387,-3.613051652908325,-3.5644893646240234,-3.515561580657959,-3.4678187370300293,-3.4202380180358887,-3.371084213256836,-3.3222053050994873,-3.274327516555786,-3.2309582233428955,-3.1915628910064697,-3.1543898582458496,-3.114804267883301,-3.070216655731201,-3.025275945663452,-2.9805617332458496,-2.93514347076416,-2.8871121406555176,-2.838244915008545,-2.7902026176452637,-2.7419731616973877,-2.6935925483703613,-2.6446990966796875,-2.596897602081299,-2.549156904220581,-2.500378370285034,-2.4543747901916504,-2.4123518466949463,-2.3732917308807373,-2.3380675315856934,-2.305394411087036,-2.2745840549468994,-2.2393598556518555,-2.1993563175201416,-2.1574594974517822,-2.1140975952148438,-2.074873685836792,-2.0406763553619385,-2.005690097808838,-1.9616578817367554,-1.916740894317627,-1.8689090013504028,-1.8212425708770752,-1.7731385231018066,-1.7253310680389404,-1.676331639289856,-1.6268601417541504,-1.5780375003814697,-1.531873106956482,-1.4842991828918457,-1.435594916343689,-1.3874807357788086,-1.3388882875442505,-1.291284441947937,-1.241970419883728,-1.192551851272583,-1.1444966793060303,-1.0975111722946167,-1.0492147207260132,-0.9988329410552979,-0.9532573819160461,-0.9076375365257263,-0.859980583190918,-0.8094382882118225,-0.7545642256736755,-0.7006309628486633,-0.6538808345794678,-0.6075354814529419,-0.5613415241241455,-0.5164836049079895,-0.47116222977638245,-0.4224584102630615,-0.37294942140579224,-0.3182232081890106,-0.2724156677722931,-0.23043622076511383,-0.18034476041793823,-0.1349037140607834,-0.09355038404464722,-0.03924081102013588,0.01193845272064209,0.05828286334872246,0.11073093861341476,0.15926051139831543,0.20536836981773376,0.2536235451698303,0.3043191134929657,0.3545723557472229,0.4015837609767914,0.4533056318759918,0.49272629618644714,0.5476242303848267,0.5951497554779053,0.6428597569465637,0.6922352910041809,0.730295717716217,0.7858515381813049,0.8283658027648926,0.8683605194091797,0.9228358864784241,0.9951453804969788,1.0379234552383423,1.0709142684936523,1.1214334964752197,1.1899148225784302,1.2479817867279053,1.266698956489563,1.3007768392562866,1.3658469915390015,1.4044837951660156,1.57683265209198,1.8622111082077026,2.338439464569092],"files":["scales.webp"]},"quats":{"files":["quats.webp"]},