{"version":2,"count":534367,"means":{"mins":[-2.580058507123461,-1.2182379611115153,-1.5282443837789605],"maxs":[-0.9613714065599619,3.8559417036631096,2.9368919035775467],"files":["means_l.webp","means_u.webp"]},"scales":{"codebook":[-9.999261856079102,-9.961880683898926,-9.914921760559082,-9.875574111938477,-9.83564567565918,-9.793150901794434,-9.750205039978027,-9.711402893066406,-9.668036460876465,-9.624943733215332,-9.590079307556152,-9.562617301940918,-9.535304069519043,-9.500091552734375,-9.460658073425293,-9.421777725219727,-9.37894344329834,-9.331989288330078,-9.289114952087402,-9.249471664428711,-9.211085319519043,-9.168071746826172,-9.12474536895752,-9.082062721252441,-9.039031028747559,-8.999967575073242,-8.960858345031738,-8.921542167663574,-8.878912925720215,-8.83173656463623,-8.789124488830566,-8.74964427947998,-8.710597038269043,-8.66797161102295,-8.62487506866455,-8.585969924926758,-8.55056381225586,-8.523178100585938,-8.492022514343262,-8.457185745239258,-8.421895980834961,-8.382932662963867,-8.34351921081543,-8.300810813903809,-8.254068374633789,-8.210962295532227,-8.171958923339844,-8.132513046264648,-8.093708038330078,-8.05444622039795,-8.01453685760498,-7.972423076629639,-7.929551601409912,-7.888781547546387,-7.847475528717041,-7.804643154144287,-7.763798713684082,-7.722717761993408,-7.681812763214111,-7.640501976013184,-7.597262859344482,-7.554579257965088,-7.513503074645996,-7.474989891052246,-7.433559417724609,-7.39074182510376,-7.347507953643799,-7.306841850280762,-7.267768383026123,-7.226344585418701,-7.183480262756348,-7.142627716064453,-7.1014084815979,-7.058647632598877,-7.015513896942139,-6.972599983215332,-6.931794166564941,-6.8902411460876465,-6.847270965576172,-6.80435848236084,-6.761559963226318,-6.722591400146484,-6.685554504394531,-6.644440650939941,-6.601291179656982,-6.558250904083252,-6.515430450439453,-6.476585865020752,-6.439620494842529,-6.398491859436035,-6.355439186096191,-6.312215805053711,-6.271495819091797,-6.232491493225098,-6.1912150382995605,-6.148679256439209,-6.107629776000977,-6.066522598266602,-6.023463726043701,-5.980508327484131,-5.939548492431641,-5.900539398193359,-5.859397888183594,-5.816348075866699,-5.775428295135498,-5.734497547149658,-5.6934380531311035,-5.652479648590088,-5.611382007598877,-5.570187568664551,-5.527160167694092,-5.484335422515869,-5.44138765335083,-5.398155212402344,-5.355500221252441,-5.31233024597168,-5.271510601043701,-5.234350681304932,-5.1972856521606445,-5.156156063079834,-5.113155841827393,-5.070135593414307,-5.027238368988037,-4.9840288162231445,-4.941357135772705,-4.900506019592285,-4.861321926116943,-4.822393894195557,-4.783326148986816,-4.742022514343262,-4.699105739593506,-4.656139850616455,-4.615300178527832,-4.574118614196777,-4.53323221206665,-4.492031097412109,-4.449132442474365,-4.406172275543213,-4.363065242767334,-4.324090480804443,-4.287153244018555,-4.2459821701049805,-4.203301429748535,-4.162203311920166,-4.121194839477539,-4.077955722808838,-4.035051345825195,-3.9935293197631836,-3.9530696868896484,-3.9121274948120117,-3.8722128868103027,-3.83203387260437,-3.7901272773742676,-3.7481489181518555,-3.70703387260437,-3.6660819053649902,-3.625136613845825,-3.5841150283813477,-3.542285919189453,-3.500061511993408,-3.4590299129486084,-3.4179773330688477,-3.3770508766174316,-3.335258722305298,-3.2932004928588867,-3.252140760421753,-3.2111172676086426,-3.169067859649658,-3.127762794494629,-3.0910844802856445,-3.0568466186523438,-3.025423765182495,-2.9934451580047607,-2.95717191696167,-2.9192869663238525,-2.879267930984497,-2.8381428718566895,-2.7968909740448,-2.7560923099517822,-2.714113473892212,-2.6722846031188965,-2.6311187744140625,-2.590097188949585,-2.5492072105407715,-2.506864547729492,-2.4653048515319824,-2.4245142936706543,-2.3829052448272705,-2.3421998023986816,-2.3000612258911133,-2.257478713989258,-2.2169089317321777,-2.1749026775360107,-2.132503032684326,-2.0913076400756836,-2.0504560470581055,-2.0091216564178467,-1.9684557914733887,-1.9268312454223633,-1.886965036392212,-1.8456627130508423,-1.8058559894561768,-1.762726068496704,-1.7200175523757935,-1.679992914199829,-1.6376378536224365,-1.5964535474777222,-1.5553934574127197,-1.5135308504104614,-1.4718680381774902,-1.4292058944702148,-1.3844841718673706,-1.3452457189559937,-1.3095545768737793,-1.2669652700424194,-1.2232381105422974,-1.1812400817871094,-1.1398344039916992,-1.0992696285247803,-1.0536322593688965,-1.0174440145492554,-0.9815223813056946,-0.9397574663162231,-0.8972885608673096,-0.8554947972297668,-0.8104500770568848,-0.771771252155304,-0.7281569838523865,-0.6774934530258179,-0.6378070116043091,-0.6044432520866394,-0.5680955052375793,-0.514624297618866,-0.4733874797821045,-0.4371965527534485,-0.3953089118003845,-0.3533168137073517,-0.3061486482620239,-0.269295871257782,-0.2326093316078186,-0.1880454272031784,-0.15907065570354462,-0.11070595681667328,-0.06808682531118393,-0.02978752739727497,0.023376964032649994,0.057510580867528915,0.09677376598119736,0.1360878050327301,0.18008075654506683,0.2281389832496643,0.3155737519264221,0.3315190076828003,0.3838450014591217,0.5081204175949097,0.5563299059867859],"files":["scales.webp"]},"quats":{"files":["quats.webp"]},