{"version":2,"count":531037,"means":{"mins":[3.8848652520761293,-3.911532696647806,-0.5122274122741615],"maxs":[4.119440706961404,-3.4110080571465726,2.9191939412206453],"files":["means_l.webp","means_u.webp"]},"scales":{"codebook":[-9.99963092803955,-9.959864616394043,-9.921454429626465,-9.882192611694336,-9.842881202697754,-9.80288028717041,-9.766153335571289,-9.725991249084473,-9.686943054199219,-9.647815704345703,-9.609695434570312,-9.570823669433594,-9.53026008605957,-9.493172645568848,-9.452731132507324,-9.413792610168457,-9.376371383666992,-9.335320472717285,-9.297379493713379,-9.255033493041992,-9.211186408996582,-9.171283721923828,-9.131942749023438,-9.094290733337402,-9.054222106933594,-9.015482902526855,-8.976432800292969,-8.937542915344238,-8.898167610168457,-8.85960578918457,-8.820935249328613,-8.78109073638916,-8.742104530334473,-8.704085350036621,-8.664079666137695,-8.624518394470215,-8.585729598999023,-8.546746253967285,-8.50709342956543,-8.468528747558594,-8.430349349975586,-8.39054012298584,-8.351896286010742,-8.312084197998047,-8.272740364074707,-8.234293937683105,-8.196016311645508,-8.156961441040039,-8.117136001586914,-8.077949523925781,-8.039470672607422,-7.998891353607178,-7.958871364593506,-7.920170783996582,-7.87863302230835,-7.8379597663879395,-7.796943187713623,-7.753613471984863,-7.714599609375,-7.677743911743164,-7.639988422393799,-7.603615760803223,-7.564800262451172,-7.523353099822998,-7.480286598205566,-7.439376354217529,-7.402083873748779,-7.366733551025391,-7.3301825523376465,-7.290866851806641,-7.252126693725586,-7.2128071784973145,-7.17392635345459,-7.132519245147705,-7.0897536277771,-7.050661563873291,-7.013752460479736,-6.9783806800842285,-6.949028968811035,-6.92168664932251,-6.892657279968262,-6.857471466064453,-6.816195487976074,-6.775544166564941,-6.7341814041137695,-6.6912689208984375,-6.6521077156066895,-6.61698055267334,-6.582100868225098,-6.545059680938721,-6.503626823425293,-6.4607672691345215,-6.417603492736816,-6.37479305267334,-6.331818580627441,-6.292945384979248,-6.257578372955322,-6.2224836349487305,-6.1874589920043945,-6.150390625,-6.109217643737793,-6.06613826751709,-6.0252838134765625,-5.9880690574646,-5.952925205230713,-5.916092395782471,-5.876982688903809,-5.835730075836182,-5.792941093444824,-5.7536516189575195,-5.7168498039245605,-5.6757354736328125,-5.636733055114746,-5.601499080657959,-5.564540386199951,-5.525186061859131,-5.48646354675293,-5.445346355438232,-5.402210712432861,-5.35935640335083,-5.316394329071045,-5.275370121002197,-5.238269329071045,-5.20119571685791,-5.162132263183594,-5.122965335845947,-5.08593225479126,-5.050779342651367,-5.013757705688477,-4.974615573883057,-4.935646057128906,-4.89658784866333,-4.857536792755127,-4.8182902336120605,-4.7793049812316895,-4.738218307495117,-4.695150375366211,-4.656200885772705,-4.621031761169434,-4.584067344665527,-4.5429534912109375,-4.501875400543213,-4.462985515594482,-4.42385721206665,-4.384708404541016,-4.345714569091797,-4.306674957275391,-4.267487525939941,-4.228720664978027,-4.189533710479736,-4.150358200073242,-4.111448287963867,-4.072404861450195,-4.033126354217529,-3.993762969970703,-3.954108953475952,-3.915271282196045,-3.876133918762207,-3.837019920349121,-3.7980105876922607,-3.758732318878174,-3.7199885845184326,-3.680734157562256,-3.6417343616485596,-3.602715253829956,-3.563636302947998,-3.5235190391540527,-3.483503580093384,-3.444456100463867,-3.4054110050201416,-3.3664207458496094,-3.3271684646606445,-3.2881877422332764,-3.249051809310913,-3.210049629211426,-3.1710498332977295,-3.1318554878234863,-3.092006206512451,-3.051840305328369,-3.0125699043273926,-2.973923683166504,-2.934647560119629,-2.8957083225250244,-2.8565750122070312,-2.8173975944519043,-2.778543472290039,-2.7392470836639404,-2.700277805328369,-2.6602513790130615,-2.6203505992889404,-2.580929756164551,-2.5425291061401367,-2.503190040588379,-2.4641363620758057,-2.424893379211426,-2.3860394954681396,-2.347107410430908,-2.3077564239501953,-2.2681448459625244,-2.2278871536254883,-2.189164400100708,-2.149942398071289,-2.110743522644043,-2.0720908641815186,-2.0334081649780273,-1.9971468448638916,-1.9557957649230957,-1.9153920412063599,-1.8756533861160278,-1.8369759321212769,-1.7974761724472046,-1.7580516338348389,-1.7199418544769287,-1.679813265800476,-1.639268159866333,-1.6004582643508911,-1.5631667375564575,-1.5223253965377808,-1.483716607093811,-1.4431618452072144,-1.4041262865066528,-1.3654450178146362,-1.3248296976089478,-1.2880369424819946,-1.2464885711669922,-1.2104907035827637,-1.1736000776290894,-1.139082431793213,-1.1033834218978882,-1.0626822710037231,-1.0259103775024414,-0.9756050705909729,-0.9306223392486572,-0.8939662575721741,-0.8610607981681824,-0.815473735332489,-0.7769050002098083,-0.7365056276321411,-0.6889664530754089,-0.6525790691375732,-0.6134408116340637,-0.577328622341156,-0.5392066836357117,-0.49829205870628357,-0.47545450925827026,-0.4313805401325226,-0.3685234487056732,-0.3353801965713501,-0.30823150277137756,-0.26786932349205017,-0.2215566337108612,-0.20273077487945557,-0.15391594171524048,-0.06543238461017609,-0.02738279476761818,0.007754224818199873],"files":["scales.webp"]},"quats":{"files":["quats.webp"]},