{"version":2,"count":533465,"means":{"mins":[2.1766130883774353,-2.620002701252211,-0.8013833321810483],"maxs":[2.9508208383665764,-1.0704059616363346,3.154593537176078],"files":["means_l.webp","means_u.webp"]},"scales":{"codebook":[-9.998520851135254,-9.964923858642578,-9.923474311828613,-9.883157730102539,-9.84397029876709,-9.804864883422852,-9.766181945800781,-9.726724624633789,-9.687453269958496,-9.648390769958496,-9.609417915344238,-9.570311546325684,-9.531502723693848,-9.492416381835938,-9.453160285949707,-9.414209365844727,-9.37491512298584,-9.33985424041748,-9.304743766784668,-9.265697479248047,-9.226566314697266,-9.187450408935547,-9.148125648498535,-9.109232902526855,-9.070556640625,-9.03122615814209,-8.991938591003418,-8.953346252441406,-8.91380500793457,-8.874706268310547,-8.83614730834961,-8.79681396484375,-8.7579345703125,-8.718852043151855,-8.679960250854492,-8.640753746032715,-8.601983070373535,-8.563036918640137,-8.523493766784668,-8.48429012298584,-8.44541072845459,-8.406221389770508,-8.36711597442627,-8.328136444091797,-8.289060592651367,-8.250146865844727,-8.211166381835938,-8.172140121459961,-8.132464408874512,-8.093507766723633,-8.054289817810059,-8.016630172729492,-7.9787068367004395,-7.939387798309326,-7.900633335113525,-7.85948371887207,-7.820087432861328,-7.7834367752075195,-7.742012977600098,-7.701243877410889,-7.661997318267822,-7.623171329498291,-7.585612773895264,-7.548858642578125,-7.507549285888672,-7.468639373779297,-7.4319329261779785,-7.392611026763916,-7.353577613830566,-7.316093444824219,-7.279407501220703,-7.2382659912109375,-7.19936466217041,-7.162288665771484,-7.123105525970459,-7.0839385986328125,-7.04492712020874,-7.003655910491943,-6.960482597351074,-6.917727470397949,-6.876753330230713,-6.839694976806641,-6.802751064300537,-6.7616047859191895,-6.720626354217529,-6.681673526763916,-6.644384860992432,-6.609169006347656,-6.573882102966309,-6.539027690887451,-6.502135753631592,-6.4629225730896,-6.423917293548584,-6.382560729980469,-6.341828346252441,-6.300468921661377,-6.263531684875488,-6.236398696899414,-6.212975025177002,-6.181816577911377,-6.142453670501709,-6.105424880981445,-6.070147514343262,-6.033236980438232,-5.994147300720215,-5.954880714416504,-5.91607666015625,-5.87697696685791,-5.835878372192383,-5.796730041503906,-5.761812210083008,-5.724861145019531,-5.68344783782959,-5.644538879394531,-5.607426643371582,-5.568264961242676,-5.52935266494751,-5.489876747131348,-5.4512529373168945,-5.4101128578186035,-5.371112823486328,-5.33407735824585,-5.294774055480957,-5.2560200691223145,-5.214627265930176,-5.175598621368408,-5.138813495635986,-5.099644184112549,-5.060586452484131,-5.02148962020874,-4.980363368988037,-4.939360618591309,-4.9004082679748535,-4.861326694488525,-4.824190139770508,-4.788961410522461,-4.753975868225098,-4.7205047607421875,-4.693365097045898,-4.666055679321289,-4.6327900886535645,-4.601418495178223,-4.574203968048096,-4.545064926147461,-4.511782646179199,-4.476424694061279,-4.439464569091797,-4.400195121765137,-4.361376762390137,-4.32012414932251,-4.281232833862305,-4.244189739227295,-4.203125,-4.162050724029541,-4.124937057495117,-4.089876174926758,-4.052759647369385,-4.015149116516113,-3.9805209636688232,-3.9481301307678223,-3.9190666675567627,-3.889709711074829,-3.8564722537994385,-3.819345235824585,-3.7803561687469482,-3.741316080093384,-3.7022767066955566,-3.6641244888305664,-3.6289401054382324,-3.597849130630493,-3.569196939468384,-3.5401151180267334,-3.506962537765503,-3.4698450565338135,-3.4310250282287598,-3.391700029373169,-3.352712631225586,-3.3137524127960205,-3.2745397090911865,-3.235534429550171,-3.196439743041992,-3.157325267791748,-3.119194507598877,-3.0813708305358887,-3.0421342849731445,-3.003112554550171,-2.9641592502593994,-2.9251770973205566,-2.8859121799468994,-2.8467931747436523,-2.8079020977020264,-2.769054412841797,-2.7299587726593018,-2.691744327545166,-2.653764247894287,-2.614081382751465,-2.575545072555542,-2.5367558002471924,-2.4971282482147217,-2.458453893661499,-2.4189529418945312,-2.3786489963531494,-2.3395867347717285,-2.302959442138672,-2.265089273452759,-2.224067449569702,-2.1814770698547363,-2.1402950286865234,-2.1031720638275146,-2.0656800270080566,-2.0318384170532227,-2.0031628608703613,-1.959588646888733,-1.9169995784759521,-1.8763917684555054,-1.8372870683670044,-1.7998604774475098,-1.7600159645080566,-1.7207190990447998,-1.6814695596694946,-1.6424884796142578,-1.6037673950195312,-1.5657793283462524,-1.5280630588531494,-1.4898967742919922,-1.447261095046997,-1.4098341464996338,-1.3695489168167114,-1.3334840536117554,-1.2951568365097046,-1.2600878477096558,-1.2162595987319946,-1.1802929639816284,-1.1400038003921509,-1.0975953340530396,-1.0629295110702515,-1.027281641960144,-0.9853160381317139,-0.9434736967086792,-0.9019736647605896,-0.8674536347389221,-0.8293984532356262,-0.7908487915992737,-0.745167076587677,-0.7070997357368469,-0.6813706755638123,-0.6289013028144836,-0.590283989906311,-0.5560697317123413,-0.5102764964103699,-0.47030729055404663,-0.447336345911026,-0.3000991642475128,-0.1446397602558136,-0.11786819249391556,-0.0876912772655487],"files":["scales.webp"]},"quats":{"files":["quats.webp"]},