{"version":2,"count":524485,"means":{"mins":[2.176613521059537,-3.9096994462376577,-0.6985828082645698],"maxs":[2.9508149532080634,-2.10403207101751,3.171242111502671],"files":["means_l.webp","means_u.webp"]},"scales":{"codebook":[-9.998409271240234,-9.964977264404297,-9.923094749450684,-9.879650115966797,-9.836398124694824,-9.797018051147461,-9.757922172546387,-9.718091011047363,-9.679628372192383,-9.64066219329834,-9.601967811584473,-9.558697700500488,-9.515457153320312,-9.476110458374023,-9.437281608581543,-9.398585319519043,-9.359455108642578,-9.320123672485352,-9.280921936035156,-9.2384614944458,-9.196182250976562,-9.15616226196289,-9.117132186889648,-9.077872276306152,-9.038910865783691,-9.00009536743164,-8.960899353027344,-8.918249130249023,-8.875277519226074,-8.836082458496094,-8.796756744384766,-8.757847785949707,-8.718866348266602,-8.67955207824707,-8.636866569519043,-8.593592643737793,-8.554647445678711,-8.515591621398926,-8.476899147033691,-8.43735122680664,-8.398687362670898,-8.355563163757324,-8.31234073638916,-8.27364444732666,-8.23449420928955,-8.195343971252441,-8.156167030334473,-8.116779327392578,-8.078145980834961,-8.039239883422852,-7.9969682693481445,-7.952955722808838,-7.909751892089844,-7.871163368225098,-7.834037780761719,-7.792769432067871,-7.749871730804443,-7.706801891326904,-7.666045665740967,-7.624759674072266,-7.582038879394531,-7.541065216064453,-7.503871440887451,-7.468492031097412,-7.4316582679748535,-7.390568733215332,-7.349555015563965,-7.310672283172607,-7.271488666534424,-7.230235576629639,-7.1876420974731445,-7.146641731262207,-7.105353832244873,-7.064221382141113,-7.0271196365356445,-6.991937637329102,-6.955137729644775,-6.914017677307129,-6.873132705688477,-6.833917617797852,-6.794989585876465,-6.754022598266602,-6.710798740386963,-6.669952392578125,-6.628654479980469,-6.589608192443848,-6.55280065536499,-6.5114970207214355,-6.468577861785889,-6.4275736808776855,-6.390580177307129,-6.353529453277588,-6.31252384185791,-6.269384384155273,-6.230245113372803,-6.193373680114746,-6.152132511138916,-6.109315872192383,-6.070298194885254,-6.033279895782471,-5.994333267211914,-5.9530839920043945,-5.912174701690674,-5.873037815093994,-5.834102630615234,-5.792911052703857,-5.751884937286377,-5.712923526763916,-5.671863079071045,-5.628709316253662,-5.586022853851318,-5.546944618225098,-5.511920928955078,-5.480467319488525,-5.455177307128906,-5.423962593078613,-5.384876251220703,-5.345803260803223,-5.306625843048096,-5.269566535949707,-5.23252534866333,-5.191243648529053,-5.148312091827393,-5.107468128204346,-5.068380355834961,-5.027400016784668,-4.9843339920043945,-4.943171977996826,-4.906129360198975,-4.8692402839660645,-4.830136299133301,-4.791074275970459,-4.749898910522461,-4.706854343414307,-4.666025161743164,-4.628905296325684,-4.591955661773682,-4.550779819488525,-4.507822513580322,-4.468778133392334,-4.431746006011963,-4.390620708465576,-4.34968900680542,-4.310551643371582,-4.271692752838135,-4.230328559875488,-4.1873579025268555,-4.144539833068848,-4.103471279144287,-4.066290855407715,-4.0294060707092285,-3.9897360801696777,-3.950282573699951,-3.9112000465393066,-3.8709959983825684,-3.8300650119781494,-3.790088415145874,-3.7498412132263184,-3.7100038528442383,-3.669938564300537,-3.62888240814209,-3.5887389183044434,-3.549980640411377,-3.509836196899414,-3.4697787761688232,-3.4297614097595215,-3.388690948486328,-3.3487026691436768,-3.3085529804229736,-3.2687928676605225,-3.2295868396759033,-3.189613103866577,-3.149428606033325,-3.1094725131988525,-3.0693933963775635,-3.029285192489624,-2.9895381927490234,-2.949186086654663,-2.9093728065490723,-2.8694286346435547,-2.829139232635498,-2.789301633834839,-2.749107837677002,-2.709277868270874,-2.66911244392395,-2.6291778087615967,-2.589240312576294,-2.549302101135254,-2.509091854095459,-2.4691483974456787,-2.429025411605835,-2.388942003250122,-2.3486735820770264,-2.308817148208618,-2.2687556743621826,-2.228926658630371,-2.188629150390625,-2.148827075958252,-2.1086654663085938,-2.068444013595581,-2.0282328128814697,-1.9926177263259888,-1.9494993686676025,-1.9083073139190674,-1.869199514389038,-1.8283861875534058,-1.7883810997009277,-1.7481517791748047,-1.707885980606079,-1.6675257682800293,-1.6282471418380737,-1.588842749595642,-1.5475995540618896,-1.5077269077301025,-1.4677083492279053,-1.4291805028915405,-1.3876911401748657,-1.3484774827957153,-1.3074709177017212,-1.2678272724151611,-1.2276041507720947,-1.1889384984970093,-1.146204948425293,-1.1076686382293701,-1.0698007345199585,-1.0302369594573975,-0.9913384914398193,-0.9499115943908691,-0.9087826013565063,-0.8683541417121887,-0.8292001485824585,-0.7884078025817871,-0.7406755089759827,-0.7014545202255249,-0.6605806946754456,-0.6203395128250122,-0.5859971046447754,-0.5469200015068054,-0.5061492323875427,-0.4685652256011963,-0.422044962644577,-0.3767547607421875,-0.34251734614372253,-0.3053261339664459,-0.2706184387207031,-0.22046734392642975,-0.18252289295196533,-0.1454329490661621,-0.11981657892465591,-0.07515270262956619,-0.037548817694187164,0.019930973649024963,0.06988900899887085,0.11033749580383301,0.15043997764587402,0.21474388241767883],"files":["scales.webp"]},"quats":{"files":["quats.webp"]},