{"version":2,"count":527721,"means":{"mins":[-4.62291659844218,-2.9709144571458768,-1.35619305418531],"maxs":[2.1766115199032474,-1.2182423328765415,3.6903393216738554],"files":["means_l.webp","means_u.webp"]},"scales":{"codebook":[-9.998729705810547,-9.963321685791016,-9.915331840515137,-9.871933937072754,-9.824211120605469,-9.781051635742188,-9.742547035217285,-9.700045585632324,-9.65631103515625,-9.617545127868652,-9.574533462524414,-9.527756690979004,-9.484477996826172,-9.445834159851074,-9.402693748474121,-9.359329223632812,-9.316460609436035,-9.273652076721191,-9.234115600585938,-9.1914644241333,-9.148455619812012,-9.105888366699219,-9.058327674865723,-9.015263557434082,-8.976611137390137,-8.934042930603027,-8.890552520751953,-8.851932525634766,-8.808731079101562,-8.765585899353027,-8.722694396972656,-8.679169654846191,-8.636751174926758,-8.594297409057617,-8.55490493774414,-8.511999130249023,-8.465387344360352,-8.421248435974121,-8.379613876342773,-8.3362398147583,-8.296632766723633,-8.254040718078613,-8.210922241210938,-8.168144226074219,-8.12486457824707,-8.082416534423828,-8.039135932922363,-7.998875141143799,-7.95644474029541,-7.916350841522217,-7.874863624572754,-7.831849098205566,-7.789592266082764,-7.746016025543213,-7.702298164367676,-7.660053730010986,-7.619231700897217,-7.57839822769165,-7.535512447357178,-7.491909027099609,-7.448535442352295,-7.405993461608887,-7.362940311431885,-7.320438861846924,-7.277429580688477,-7.236564636230469,-7.195471286773682,-7.152007579803467,-7.109556198120117,-7.066481590270996,-7.023187637329102,-6.9803385734558105,-6.937722682952881,-6.8965559005737305,-6.8555169105529785,-6.81234073638916,-6.769519805908203,-6.7265191078186035,-6.68338680267334,-6.640262603759766,-6.597476482391357,-6.554391860961914,-6.5116777420043945,-6.468582630157471,-6.427783489227295,-6.386419296264648,-6.343155860900879,-6.300551891326904,-6.25753927230835,-6.214956283569336,-6.171689033508301,-6.128646373748779,-6.085779190063477,-6.042810440063477,-6.000004768371582,-5.959133625030518,-5.917483806610107,-5.87509822845459,-5.831742763519287,-5.78892707824707,-5.7457661628723145,-5.702908992767334,-5.659979343414307,-5.617124080657959,-5.574116230010986,-5.531214714050293,-5.488095283508301,-5.445199966430664,-5.404105186462402,-5.363243579864502,-5.320209503173828,-5.277425765991211,-5.236426830291748,-5.195193767547607,-5.1524763107299805,-5.10907506942749,-5.066171646118164,-5.0233941078186035,-4.982479095458984,-4.941338062286377,-4.8982648849487305,-4.855302333831787,-4.812392711639404,-4.769375324249268,-4.726385593414307,-4.683462142944336,-4.64054536819458,-4.597482204437256,-4.55458402633667,-4.513978958129883,-4.472586154937744,-4.429479598999023,-4.386577606201172,-4.343700885772705,-4.300487995147705,-4.257688045501709,-4.214711666107178,-4.171797752380371,-4.128798484802246,-4.085818290710449,-4.042806148529053,-4.000308036804199,-3.958906650543213,-3.9178712368011475,-3.876889705657959,-3.8350038528442383,-3.790994644165039,-3.7470836639404297,-3.7050678730010986,-3.6640493869781494,-3.6221158504486084,-3.5791616439819336,-3.5371007919311523,-3.4953105449676514,-3.4521515369415283,-3.409273624420166,-3.3671820163726807,-3.3253836631774902,-3.282337188720703,-3.239367961883545,-3.197338342666626,-3.1555559635162354,-3.1124887466430664,-3.069474220275879,-3.0265936851501465,-2.983711004257202,-2.9413235187530518,-2.899540901184082,-2.856739044189453,-2.8145720958709717,-2.772871732711792,-2.729644775390625,-2.6867637634277344,-2.6447103023529053,-2.602640151977539,-2.5597009658813477,-2.5170624256134033,-2.4740657806396484,-2.4319283962249756,-2.3898608684539795,-2.3471713066101074,-2.304090976715088,-2.262118339538574,-2.219820499420166,-2.1767609119415283,-2.132195472717285,-2.0892388820648193,-2.0481619834899902,-2.0079874992370605,-1.9669660329818726,-1.9235789775848389,-1.8810524940490723,-1.8365784883499146,-1.7949343919754028,-1.752225399017334,-1.7106162309646606,-1.668336033821106,-1.6246997117996216,-1.58183753490448,-1.5390090942382812,-1.4981071949005127,-1.4542986154556274,-1.4121285676956177,-1.3703640699386597,-1.3268849849700928,-1.2855068445205688,-1.2415571212768555,-1.1988064050674438,-1.1550205945968628,-1.1120411157608032,-1.0714229345321655,-1.028971791267395,-0.9861594438552856,-0.9458931684494019,-0.902771532535553,-0.8575127720832825,-0.8133841753005981,-0.7720091938972473,-0.7363182902336121,-0.6940181255340576,-0.6519496440887451,-0.6052085757255554,-0.5634702444076538,-0.5159375667572021,-0.47334957122802734,-0.42923504114151,-0.3893977701663971,-0.3566977083683014,-0.31397953629493713,-0.2754874527454376,-0.22318851947784424,-0.17511864006519318,-0.13065393269062042,-0.09533568471670151,-0.05062757059931755,-0.007474805228412151,0.029418600723147392,0.07474227994680405,0.1191537156701088,0.1728830337524414,0.20469598472118378,0.23773476481437683,0.2743149995803833,0.33137452602386475,0.3778107762336731,0.41499078273773193,0.461232990026474,0.5015316605567932,0.5529038906097412,0.5942014455795288,0.6251201629638672,0.6895303726196289,0.6986023187637329,0.7531737089157104,0.7887774705886841,0.839023232460022],"files":["scales.webp"]},"quats":{"files":["quats.webp"]},