{"version":2,"count":537598,"means":{"mins":[3.1688739550476215,-3.407124794742185,-0.5349857233546058],"maxs":[3.7537082673373834,-1.0704076783094858,1.5135515282953422],"files":["means_l.webp","means_u.webp"]},"scales":{"codebook":[-9.998771667480469,-9.963030815124512,-9.921698570251465,-9.881818771362305,-9.848387718200684,-9.810084342956543,-9.77094841003418,-9.738255500793457,-9.70814037322998,-9.669795989990234,-9.632338523864746,-9.593829154968262,-9.558929443359375,-9.52318286895752,-9.488720893859863,-9.452515602111816,-9.413772583007812,-9.379335403442383,-9.343462944030762,-9.304543495178223,-9.270047187805176,-9.234947204589844,-9.194426536560059,-9.160346031188965,-9.124545097351074,-9.085646629333496,-9.046557426452637,-9.007063865661621,-8.972691535949707,-8.93748950958252,-8.902172088623047,-8.871798515319824,-8.835289001464844,-8.796334266662598,-8.761857032775879,-8.72624397277832,-8.687427520751953,-8.647865295410156,-8.609325408935547,-8.57423210144043,-8.542970657348633,-8.507852554321289,-8.468404769897461,-8.433713912963867,-8.398033142089844,-8.359504699707031,-8.319632530212402,-8.280925750732422,-8.241532325744629,-8.202905654907227,-8.171520233154297,-8.144558906555176,-8.109468460083008,-8.070115089416504,-8.030861854553223,-7.994786739349365,-7.960553169250488,-7.925874710083008,-7.8888044357299805,-7.8494696617126465,-7.81240701675415,-7.77727746963501,-7.742104530334473,-7.707037448883057,-7.6717658042907715,-7.634897232055664,-7.595517635345459,-7.558563232421875,-7.523337364196777,-7.488385200500488,-7.452873229980469,-7.416078567504883,-7.3768696784973145,-7.339688777923584,-7.304686546325684,-7.269436836242676,-7.2344970703125,-7.197414875030518,-7.158132553100586,-7.120987892150879,-7.085906505584717,-7.050638198852539,-7.015673637390137,-6.980410575866699,-6.943405628204346,-6.906266689300537,-6.871057987213135,-6.8340373039245605,-6.794972896575928,-6.757721424102783,-6.722584247589111,-6.687478542327881,-6.650430679321289,-6.611323356628418,-6.574220180511475,-6.538946628570557,-6.50378942489624,-6.468698978424072,-6.431644916534424,-6.392391204833984,-6.353583335876465,-6.316146373748779,-6.281192302703857,-6.246039867401123,-6.208988189697266,-6.171698093414307,-6.136698246002197,-6.101596355438232,-6.066295146942139,-6.031250953674316,-5.996081352233887,-5.95903205871582,-5.917910099029541,-5.878823280334473,-5.843735694885254,-5.808586120605469,-5.773287296295166,-5.738255500793457,-5.703138828277588,-5.667891979217529,-5.632759094238281,-5.597644805908203,-5.562510967254639,-5.525516033172607,-5.488226890563965,-5.4530768394470215,-5.416073322296143,-5.378945350646973,-5.343775749206543,-5.3066887855529785,-5.269492149353027,-5.23439359664917,-5.199149131774902,-5.162179470062256,-5.124935150146484,-5.089771747589111,-5.0528788566589355,-5.015675067901611,-4.980382919311523,-4.94351863861084,-4.906306266784668,-4.871057987213135,-4.8339972496032715,-4.796828269958496,-4.7617082595825195,-4.724695682525635,-4.68764591217041,-4.65238618850708,-4.617218494415283,-4.580172061920166,-4.543038368225098,-4.507914066314697,-4.470915794372559,-4.433679580688477,-4.398414134979248,-4.361653804779053,-4.324427604675293,-4.289193630218506,-4.252224922180176,-4.214859962463379,-4.179780960083008,-4.142707347869873,-4.105697154998779,-4.070534706115723,-4.039279937744141,-4.013953685760498,-3.9878764152526855,-3.9580352306365967,-3.9248504638671875,-3.888744354248047,-3.8528666496276855,-3.8167011737823486,-3.77954363822937,-3.7431836128234863,-3.707214117050171,-3.6699368953704834,-3.6328139305114746,-3.5969178676605225,-3.560410737991333,-3.5233399868011475,-3.4863240718841553,-3.4499430656433105,-3.415093421936035,-3.380108594894409,-3.3436899185180664,-3.306817054748535,-3.269585371017456,-3.2324094772338867,-3.196453332901001,-3.161184787750244,-3.1253039836883545,-3.0876545906066895,-3.0520684719085693,-3.015920877456665,-2.978344678878784,-2.9429738521575928,-2.906444787979126,-2.8702545166015625,-2.83402156829834,-2.798234224319458,-2.7619001865386963,-2.724674701690674,-2.6873929500579834,-2.6503424644470215,-2.6150848865509033,-2.57806658744812,-2.542661428451538,-2.5074000358581543,-2.47113299369812,-2.43438982963562,-2.397775650024414,-2.362095594406128,-2.3245320320129395,-2.2884974479675293,-2.2514240741729736,-2.216249704360962,-2.1800403594970703,-2.144223213195801,-2.105820894241333,-2.0715951919555664,-2.0315914154052734,-1.9958245754241943,-1.9607211351394653,-1.924587368965149,-1.8896821737289429,-1.8586280345916748,-1.8215765953063965,-1.788414716720581,-1.7522221803665161,-1.7074264287948608,-1.6695401668548584,-1.6339049339294434,-1.6007989645004272,-1.5627158880233765,-1.5274088382720947,-1.4986158609390259,-1.4600809812545776,-1.4230461120605469,-1.378056287765503,-1.3447319269180298,-1.308993935585022,-1.274146318435669,-1.2317800521850586,-1.1969640254974365,-1.165297508239746,-1.1238354444503784,-1.0887019634246826,-1.0410821437835693,-1.0185106992721558,-0.9921556711196899,-0.9329646825790405,-0.9060431122779846,-0.8873839974403381,-0.8474687337875366,-0.7912404537200928,-0.7262552380561829],"files":["scales.webp"]},"quats":{"files":["quats.webp"]},