{"version":2,"count":533411,"means":{"mins":[2.9646678208341952,1.8110968196272752,-0.3754497940147328],"maxs":[3.0714347502311323,2.645170324269661,2.8373144738401974],"files":["means_l.webp","means_u.webp"]},"scales":{"codebook":[-9.998700141906738,-9.965302467346191,-9.922579765319824,-9.88300609588623,-9.843632698059082,-9.805070877075195,-9.765408515930176,-9.730707168579102,-9.695063591003418,-9.656216621398926,-9.61725902557373,-9.578014373779297,-9.538561820983887,-9.499833106994629,-9.460654258728027,-9.429832458496094,-9.406124114990234,-9.37477970123291,-9.339900970458984,-9.304680824279785,-9.265602111816406,-9.230616569519043,-9.195082664489746,-9.156292915344238,-9.117515563964844,-9.077836036682129,-9.039012908935547,-9.000158309936523,-8.960968017578125,-8.921823501586914,-8.882939338684082,-8.843860626220703,-8.804671287536621,-8.769599914550781,-8.734049797058105,-8.695538520812988,-8.656142234802246,-8.617115020751953,-8.57795238494873,-8.539006233215332,-8.500097274780273,-8.46096420288086,-8.421305656433105,-8.38278865814209,-8.343814849853516,-8.304363250732422,-8.26555347442627,-8.230545043945312,-8.195331573486328,-8.15632438659668,-8.11715316772461,-8.077959060668945,-8.038752555847168,-8.00094223022461,-7.96301794052124,-7.923765182495117,-7.884948253631592,-7.843674659729004,-7.800713062286377,-7.759535789489746,-7.720823764801025,-7.683568954467773,-7.648419380187988,-7.613011360168457,-7.576247215270996,-7.540936470031738,-7.5138258934021,-7.48628568649292,-7.4551849365234375,-7.421800136566162,-7.384777545928955,-7.343559741973877,-7.302597522735596,-7.269534111022949,-7.24616003036499,-7.226602077484131,-7.207058429718018,-7.181687831878662,-7.148361682891846,-7.113030910491943,-7.078186988830566,-7.044800758361816,-7.017579078674316,-6.9885573387146,-6.953037738800049,-6.917914867401123,-6.882651329040527,-6.847480297088623,-6.8106465339660645,-6.7714362144470215,-6.732424736022949,-6.691446781158447,-6.650341510772705,-6.613398551940918,-6.576176166534424,-6.534877777099609,-6.495820045471191,-6.460862159729004,-6.427581310272217,-6.398253440856934,-6.366997241973877,-6.335820198059082,-6.30851936340332,-6.285062789916992,-6.265507221221924,-6.2481794357299805,-6.228503704071045,-6.20906925201416,-6.191371917724609,-6.171788215637207,-6.148475170135498,-6.123092174530029,-6.097588062286377,-6.0683088302612305,-6.038937568664551,-6.013650894165039,-5.986362934112549,-5.953023433685303,-5.919755935668945,-5.892580509185791,-5.8692522048950195,-5.839788436889648,-5.802758693695068,-5.765632152557373,-5.728567600250244,-5.687432765960693,-5.646357536315918,-5.607447624206543,-5.56840705871582,-5.531178951263428,-5.496018886566162,-5.460846900939941,-5.427656650543213,-5.4023566246032715,-5.378989219665527,-5.353652000427246,-5.332000732421875,-5.306683540344238,-5.271643161773682,-5.234453201293945,-5.203190803527832,-5.177858352661133,-5.152454376220703,-5.125078201293945,-5.099603176116943,-5.072319984436035,-5.039213180541992,-5.0022172927856445,-4.963091850280762,-4.925859451293945,-4.888808250427246,-4.849847316741943,-4.810645580291748,-4.771472454071045,-4.732695579528809,-4.695461750030518,-4.658492088317871,-4.621132850646973,-4.589956283569336,-4.564568042755127,-4.537291049957275,-4.5019731521606445,-4.465053558349609,-4.428022384643555,-4.389064788818359,-4.34975004196167,-4.310787200927734,-4.271549701690674,-4.2344069480896,-4.197439670562744,-4.158262252807617,-4.119107723236084,-4.080164909362793,-4.04107666015625,-4.004744529724121,-3.9717936515808105,-3.942251205444336,-3.9177050590515137,-3.895620107650757,-3.870251178741455,-3.8408992290496826,-3.807823896408081,-3.7714431285858154,-3.7345688343048096,-3.697380304336548,-3.659257650375366,-3.6201276779174805,-3.582143783569336,-3.5441060066223145,-3.5051662921905518,-3.466879367828369,-3.429158926010132,-3.390834331512451,-3.35546612739563,-3.3239669799804688,-3.2960145473480225,-3.265385150909424,-3.2318766117095947,-3.1952381134033203,-3.1592764854431152,-3.123039960861206,-3.083361864089966,-3.0448338985443115,-3.0062577724456787,-2.968217611312866,-2.9290924072265625,-2.8910491466522217,-2.8527274131774902,-2.8131649494171143,-2.775080919265747,-2.737104892730713,-2.698298931121826,-2.6605470180511475,-2.6214044094085693,-2.583725690841675,-2.5444915294647217,-2.5056498050689697,-2.4706246852874756,-2.4301443099975586,-2.3903214931488037,-2.351449489593506,-2.314565658569336,-2.275886058807373,-2.238189935684204,-2.198737382888794,-2.157613515853882,-2.115468740463257,-2.077169895172119,-2.04044508934021,-2.0070981979370117,-1.9687674045562744,-1.9299198389053345,-1.8872052431106567,-1.8438458442687988,-1.8120167255401611,-1.7786846160888672,-1.7444090843200684,-1.7075554132461548,-1.6653532981872559,-1.6237506866455078,-1.5869389772415161,-1.5428088903427124,-1.5148134231567383,-1.462894320487976,-1.4335302114486694,-1.3961458206176758,-1.3510695695877075,-1.3192694187164307,-1.243497371673584,-1.081655740737915,-0.8723173141479492,-0.7476118803024292,-0.7144955992698669,-0.6099526882171631,-0.31323638558387756,-0.2085171341896057],"files":["scales.webp"]},"quats":{"files":["quats.webp"]},