{"version":2,"count":583466,"means":{"mins":[2.1766128720363143,1.5891248160874976,0.21693378407163874],"maxs":[2.7618437305868824,2.567882222580352,0.5260747916847079],"files":["means_l.webp","means_u.webp"]},"scales":{"codebook":[-9.99751091003418,-9.96805191040039,-9.934775352478027,-9.902885437011719,-9.870790481567383,-9.840028762817383,-9.808907508850098,-9.773146629333496,-9.73436164855957,-9.695737838745117,-9.664082527160645,-9.64068603515625,-9.613409042358398,-9.581850051879883,-9.550785064697266,-9.515373229980469,-9.484393119812012,-9.45705795288086,-9.422130584716797,-9.386815071105957,-9.351472854614258,-9.320243835449219,-9.293228149414062,-9.261551856994629,-9.230559349060059,-9.195128440856934,-9.163873672485352,-9.13683795928955,-9.105318069458008,-9.074365615844727,-9.038826942443848,-8.999943733215332,-8.964694023132324,-8.937371253967285,-8.910338401794434,-8.879055976867676,-8.843230247497559,-8.812176704406738,-8.785249710083008,-8.749688148498535,-8.710917472839355,-8.675874710083008,-8.648494720458984,-8.624861717224121,-8.597843170166016,-8.566441535949707,-8.535162925720215,-8.500194549560547,-8.464938163757324,-8.429658889770508,-8.39840030670166,-8.371095657348633,-8.33606243133545,-8.300782203674316,-8.26953125,-8.242186546325684,-8.214924812316895,-8.179693222045898,-8.144594192504883,-8.109313011169434,-8.074165344238281,-8.046892166137695,-8.02323055267334,-7.99488639831543,-7.960868835449219,-7.927559852600098,-7.896539688110352,-7.865050315856934,-7.834095478057861,-7.800607204437256,-7.767678737640381,-7.736423015594482,-7.704975605010986,-7.673864364624023,-7.6406168937683105,-7.605454444885254,-7.572318077087402,-7.542914867401123,-7.5137410163879395,-7.48224401473999,-7.451237678527832,-7.417795181274414,-7.382523536682129,-7.349513053894043,-7.320146560668945,-7.291079521179199,-7.257813930511475,-7.2265729904174805,-7.2011823654174805,-7.179610729217529,-7.156134605407715,-7.128876209259033,-7.099628925323486,-7.068364143371582,-7.037196636199951,-7.003751277923584,-6.968573570251465,-6.935576438903809,-6.904277801513672,-6.874906539916992,-6.845860004425049,-6.812453746795654,-6.781225204467773,-6.751959800720215,-6.718705654144287,-6.685525417327881,-6.6544036865234375,-6.623164176940918,-6.5897908210754395,-6.554632663726807,-6.521429061889648,-6.491979598999023,-6.468725204467773,-6.44527530670166,-6.415930271148682,-6.384651184082031,-6.353394508361816,-6.322221755981445,-6.292920112609863,-6.265601634979248,-6.238225936889648,-6.208993911743164,-6.177799224853516,-6.146374702453613,-6.11529016494751,-6.082000255584717,-6.048849105834961,-6.015594959259033,-5.984349727630615,-5.955111980438232,-5.923733711242676,-5.8926920890808105,-5.859287261962891,-5.824253082275391,-5.790954113006592,-5.761696815490723,-5.732475757598877,-5.701168060302734,-5.669936656951904,-5.636700630187988,-5.603554725646973,-5.572236061096191,-5.541049957275391,-5.509771823883057,-5.478590965270996,-5.445448875427246,-5.412289142608643,-5.38097620010376,-5.3497395515441895,-5.3184685707092285,-5.287211894989014,-5.256103992462158,-5.222775936126709,-5.189609050750732,-5.1582465171813965,-5.127090930938721,-5.095860958099365,-5.0645928382873535,-5.0334062576293945,-5.000202655792236,-4.9669108390808105,-4.935815811157227,-4.904523849487305,-4.873232364654541,-4.841952800750732,-4.8088579177856445,-4.775670528411865,-4.744012355804443,-4.713043212890625,-4.681687355041504,-4.650573253631592,-4.619207382202148,-4.5862956047058105,-4.552832126617432,-4.5217204093933105,-4.490458011627197,-4.459140300750732,-4.428003311157227,-4.396527290344238,-4.363330364227295,-4.330490589141846,-4.298933982849121,-4.2678141593933105,-4.236600875854492,-4.2052202224731445,-4.172266483306885,-4.138512134552002,-4.107458591461182,-4.076202869415283,-4.045213222503662,-4.014116287231445,-3.982607841491699,-3.9504950046539307,-3.919207811355591,-3.887216567993164,-3.854835271835327,-3.823533773422241,-3.7913434505462646,-3.757624626159668,-3.7254140377044678,-3.6946053504943848,-3.662980794906616,-3.6318540573120117,-3.6009979248046875,-3.569014549255371,-3.5365471839904785,-3.505436658859253,-3.47259259223938,-3.4409942626953125,-3.40924072265625,-3.3772380352020264,-3.345651388168335,-3.3135805130004883,-3.281801700592041,-3.248176097869873,-3.216090440750122,-3.1867496967315674,-3.154633045196533,-3.1223607063293457,-3.0914924144744873,-3.0578935146331787,-3.0263917446136475,-2.9954423904418945,-2.9633383750915527,-2.929246187210083,-2.8962323665618896,-2.863961935043335,-2.8342339992523193,-2.803734302520752,-2.7737197875976562,-2.740955352783203,-2.708118438720703,-2.6755869388580322,-2.643308401107788,-2.6127169132232666,-2.581836700439453,-2.549206256866455,-2.5180232524871826,-2.4870243072509766,-2.455127239227295,-2.4220502376556396,-2.3915367126464844,-2.3596861362457275,-2.32690167427063,-2.292574644088745,-2.2606019973754883,-2.2261860370635986,-2.193873643875122,-2.1652426719665527,-2.137298107147217,-2.113039016723633,-2.071953535079956,-2.0414514541625977,-2.004603624343872,-1.9757400751113892,-1.8813432455062866],"files":["scales.webp"]},"quats":{"files":["quats.webp"]},