{"version":2,"count":630060,"means":{"mins":[2.761844031829584,-1.0698884956137742,-0.4483808183937332],"maxs":[2.9646677224577265,2.6641638508741488,3.0434290202198433],"files":["means_l.webp","means_u.webp"]},"scales":{"codebook":[-9.99934196472168,-9.964323043823242,-9.91825008392334,-9.874969482421875,-9.835562705993652,-9.796767234802246,-9.754003524780273,-9.710789680480957,-9.672297477722168,-9.632901191711426,-9.593904495239258,-9.550801277160645,-9.507525444030762,-9.468649864196777,-9.433686256408691,-9.410126686096191,-9.386765480041504,-9.34774398803711,-9.305134773254395,-9.26526927947998,-9.226386070251465,-9.183772087097168,-9.140673637390137,-9.101616859436035,-9.062799453735352,-9.030851364135742,-9.011765480041504,-8.980642318725586,-8.93757438659668,-8.898323059082031,-8.859455108642578,-8.816704750061035,-8.769285202026367,-8.7263822555542,-8.687410354614258,-8.648344039916992,-8.609326362609863,-8.570290565490723,-8.531437873840332,-8.492128372192383,-8.453027725219727,-8.410407066345215,-8.367157936096191,-8.324479103088379,-8.280960083007812,-8.242219924926758,-8.202638626098633,-8.164254188537598,-8.124837875366211,-8.086162567138672,-8.043059349060059,-7.9988908767700195,-7.956945896148682,-7.9139628410339355,-7.871059417724609,-7.829936981201172,-7.792681694030762,-7.757961750030518,-7.724323749542236,-7.695456504821777,-7.663931369781494,-7.629077434539795,-7.591942310333252,-7.5503997802734375,-7.509838581085205,-7.470396995544434,-7.4317121505737305,-7.390473365783691,-7.349748611450195,-7.308476448059082,-7.265426158905029,-7.222413063049316,-7.1817307472229,-7.140561580657959,-7.097549915313721,-7.054530143737793,-7.0135626792907715,-6.976400375366211,-6.939538478851318,-6.90040922164917,-6.859208106994629,-6.822224140167236,-6.796927452087402,-6.771487236022949,-6.744111061096191,-6.720722198486328,-6.691558837890625,-6.6562933921813965,-6.622917652130127,-6.595592021942139,-6.56842565536499,-6.537072658538818,-6.511672019958496,-6.486363887786865,-6.458919048309326,-6.441498756408691,-6.4239115715026855,-6.39449405670166,-6.357429027557373,-6.316344261169434,-6.277265548706055,-6.242027759552002,-6.205097675323486,-6.1658220291137695,-6.1308417320251465,-6.101480960845947,-6.068078994750977,-6.029192924499512,-5.990180969238281,-5.951132297515869,-5.914052963256836,-5.876976490020752,-5.837826251983643,-5.798835754394531,-5.757688522338867,-5.714718341827393,-5.671811103820801,-5.632805347442627,-5.601428031921387,-5.578071117401123,-5.552751541137695,-5.521393775939941,-5.492232799530029,-5.4628705978393555,-5.4336748123168945,-5.40824031829834,-5.3846755027771,-5.361448287963867,-5.332041263580322,-5.296835422515869,-5.263657093048096,-5.2345428466796875,-5.2089619636535645,-5.185547828674316,-5.162115097045898,-5.1327667236328125,-5.099678039550781,-5.064564228057861,-5.02339506149292,-4.982438564300537,-4.943419456481934,-4.904308319091797,-4.868961334228516,-4.8437604904174805,-4.820323944091797,-4.793023109436035,-4.767611980438232,-4.738296985626221,-4.707064151763916,-4.681652069091797,-4.654382705688477,-4.625117778778076,-4.597761154174805,-4.568386077880859,-4.533216953277588,-4.494229793548584,-4.4531331062316895,-4.412230968475342,-4.373149871826172,-4.332047462463379,-4.291250705718994,-4.252138614654541,-4.2110595703125,-4.17020320892334,-4.129136085510254,-4.088161468505859,-4.0471272468566895,-4.00840950012207,-3.9766180515289307,-3.947237968444824,-3.915199041366577,-3.8789291381835938,-3.842069387435913,-3.8037612438201904,-3.763868808746338,-3.722808837890625,-3.6816296577453613,-3.6408896446228027,-3.5996921062469482,-3.5586330890655518,-3.5178468227386475,-3.478074073791504,-3.4377152919769287,-3.396725654602051,-3.3559937477111816,-3.314746141433716,-3.2738335132598877,-3.2330288887023926,-3.1917922496795654,-3.1517860889434814,-3.1117444038391113,-3.070707082748413,-3.029691457748413,-2.987994909286499,-2.947303533554077,-2.9066057205200195,-2.8657939434051514,-2.8241488933563232,-2.784653663635254,-2.744628667831421,-2.703413963317871,-2.66282320022583,-2.621185064315796,-2.5803308486938477,-2.540574550628662,-2.500124454498291,-2.4593582153320312,-2.4183876514434814,-2.377013921737671,-2.3359689712524414,-2.2958221435546875,-2.25402569770813,-2.2122178077697754,-2.1678426265716553,-2.1222751140594482,-2.079897403717041,-2.0428054332733154,-2.0091042518615723,-1.9762470722198486,-1.9409513473510742,-1.886223554611206,-1.8406589031219482,-1.8038439750671387,-1.7676126956939697,-1.7294921875,-1.6903831958770752,-1.64552903175354,-1.5979812145233154,-1.5520466566085815,-1.534815788269043,-1.4934942722320557,-1.4412062168121338,-1.406577467918396,-1.3657212257385254,-1.3274052143096924,-1.2363367080688477,-1.1992394924163818,-1.1635655164718628,-1.1300381422042847,-1.079667091369629,-0.9896372556686401,-0.9692682027816772,-0.9111995697021484,-0.8510482907295227,-0.7960664629936218,-0.7053619027137756,-0.5740580558776855,-0.5253732204437256,-0.518645703792572,-0.4565224051475525,-0.09549880027770996,-0.048356059938669205,0.2076674848794937,0.2621878683567047,0.30875158309936523,0.3917927145957947],"files":["scales.webp"]},"quats":{"files":["quats.webp"]},