{"version":2,"count":644133,"means":{"mins":[2.1766168743394774,2.5678844900642344,-0.49315830524439735],"maxs":[2.76184342934409,2.854391316865823,1.3350498660602717],"files":["means_l.webp","means_u.webp"]},"scales":{"codebook":[-9.997825622558594,-9.968027114868164,-9.9345703125,-9.898991584777832,-9.859322547912598,-9.824292182922363,-9.789278030395508,-9.749849319458008,-9.718525886535645,-9.695202827453613,-9.668014526367188,-9.632803916931152,-9.597565650939941,-9.566460609436035,-9.535107612609863,-9.503946304321289,-9.4686279296875,-9.433577537536621,-9.402607917785645,-9.36706256866455,-9.33203125,-9.300671577453613,-9.26970100402832,-9.238627433776855,-9.203182220458984,-9.163857460021973,-9.12896728515625,-9.093703269958496,-9.05879020690918,-9.027499198913574,-8.999943733215332,-8.97288703918457,-8.937402725219727,-8.89841079711914,-8.866934776306152,-8.839890480041504,-8.804826736450195,-8.76538372039795,-8.726690292358398,-8.691520690917969,-8.663808822631836,-8.636845588684082,-8.605600357055664,-8.570059776306152,-8.535146713256836,-8.507851600646973,-8.48047924041748,-8.445293426513672,-8.406167984008789,-8.375,-8.34780502319336,-8.312378883361816,-8.273503303527832,-8.242091178894043,-8.21507453918457,-8.179570198059082,-8.144493103027344,-8.113322257995605,-8.082249641418457,-8.05069351196289,-8.019620895385742,-7.9872541427612305,-7.953085422515869,-7.920073509216309,-7.88683557510376,-7.853696346282959,-7.820100784301758,-7.7851715087890625,-7.749983787536621,-7.71685791015625,-7.6835832595825195,-7.650468349456787,-7.617022514343262,-7.5858354568481445,-7.5566864013671875,-7.523285388946533,-7.490316867828369,-7.456996440887451,-7.421770095825195,-7.388725757598877,-7.355345249176025,-7.322314739227295,-7.290994644165039,-7.259799957275391,-7.226446628570557,-7.1912641525268555,-7.156119346618652,-7.121011734008789,-7.087914943695068,-7.05467414855957,-7.019381046295166,-6.986374855041504,-6.954989433288574,-6.923880100250244,-6.892548084259033,-6.861360549926758,-6.827932357788086,-6.79289436340332,-6.7577996253967285,-6.724628448486328,-6.693188190460205,-6.662143707275391,-6.630928993225098,-6.599648952484131,-6.566427230834961,-6.533212184906006,-6.499958038330078,-6.464768409729004,-6.431647777557373,-6.398350715637207,-6.363081455230713,-6.328047275543213,-6.294948101043701,-6.261659622192383,-6.2303690910339355,-6.201197624206543,-6.167834281921387,-6.134593963623047,-6.10353422164917,-6.070276260375977,-6.0371413230896,-6.003875732421875,-5.97071647644043,-5.939513206481934,-5.906191349029541,-5.870884895324707,-5.835914611816406,-5.800695419311523,-5.769503116607666,-5.740386962890625,-5.707009315490723,-5.6738457679748535,-5.640550136566162,-5.607553958892822,-5.574090480804443,-5.540925025939941,-5.509804725646973,-5.476545810699463,-5.4413628578186035,-5.4082417488098145,-5.374969959259033,-5.34179162979126,-5.310602188110352,-5.279317378997803,-5.246247291564941,-5.212956428527832,-5.179821968078613,-5.146512985229492,-5.113276481628418,-5.078090667724609,-5.044849395751953,-5.013781547546387,-4.980576038360596,-4.947360038757324,-4.916062355041504,-4.882884979248047,-4.849733352661133,-4.8164520263671875,-4.783295154571533,-4.750175476074219,-4.716886043548584,-4.6837382316589355,-4.650472164154053,-4.619318008422852,-4.585877895355225,-4.552810192108154,-4.519740581512451,-4.486468315124512,-4.453423023223877,-4.420126438140869,-4.386866569519043,-4.351473331451416,-4.318722724914551,-4.287181377410889,-4.256049633026123,-4.222658157348633,-4.18954610824585,-4.156386375427246,-4.123049259185791,-4.089980125427246,-4.056733131408691,-4.023559093475342,-3.9899585247039795,-3.9580862522125244,-3.925760507583618,-3.8926095962524414,-3.8593623638153076,-3.8263187408447266,-3.7928905487060547,-3.7608983516693115,-3.728560209274292,-3.6953988075256348,-3.6624104976654053,-3.629160165786743,-3.5958003997802734,-3.5628550052642822,-3.529451847076416,-3.4963905811309814,-3.4628841876983643,-3.4311368465423584,-3.39871883392334,-3.3655431270599365,-3.332669973373413,-3.2988486289978027,-3.2659053802490234,-3.232621431350708,-3.1992545127868652,-3.166184902191162,-3.133816719055176,-3.101778030395508,-3.068669319152832,-3.0355350971221924,-3.0025556087493896,-2.9681921005249023,-2.93597674369812,-2.902526378631592,-2.869210958480835,-2.8362839221954346,-2.8035683631896973,-2.770775556564331,-2.7378668785095215,-2.706399440765381,-2.6718130111694336,-2.6387267112731934,-2.606111764907837,-2.57202410697937,-2.538548707962036,-2.5062246322631836,-2.4754679203033447,-2.4430854320526123,-2.4089698791503906,-2.3762564659118652,-2.3414275646209717,-2.308246374130249,-2.275181531906128,-2.2419559955596924,-2.206430196762085,-2.1800730228424072,-2.1482043266296387,-2.109811305999756,-2.079820156097412,-2.0455360412597656,-2.0112764835357666,-1.9769645929336548,-1.9526947736740112,-1.9145565032958984,-1.8893654346466064,-1.8428515195846558,-1.8223239183425903,-1.7901347875595093,-1.76680588722229,-1.7233132123947144,-1.6933002471923828,-1.6642603874206543,-1.6176677942276,-1.5866931676864624],"files":["scales.webp"]},"quats":{"files":["quats.webp"]},