{"version":2,"count":586989,"means":{"mins":[-0.9611392769171587,2.228875618606149,-1.1416719967550204],"maxs":[2.1766108708787257,2.7229446013957523,2.8160194440961406],"files":["means_l.webp","means_u.webp"]},"scales":{"codebook":[-9.998652458190918,-9.968058586120605,-9.934697151184082,-9.906550407409668,-9.874833106994629,-9.835833549499512,-9.80099105834961,-9.76590347290039,-9.726621627807617,-9.68751335144043,-9.648506164550781,-9.609350204467773,-9.56682300567627,-9.523271560668945,-9.483888626098633,-9.444879531860352,-9.406356811523438,-9.367012977600098,-9.328447341918945,-9.289132118225098,-9.249868392944336,-9.210732460021973,-9.172239303588867,-9.132686614990234,-9.093696594238281,-9.054585456848145,-9.015593528747559,-8.976921081542969,-8.937376976013184,-8.89871597290039,-8.859190940856934,-8.820637702941895,-8.78071117401123,-8.742146492004395,-8.703007698059082,-8.66363525390625,-8.621277809143066,-8.577982902526855,-8.539175987243652,-8.499822616577148,-8.460860252380371,-8.422070503234863,-8.382637023925781,-8.343792915344238,-8.304777145385742,-8.265619277954102,-8.226571083068848,-8.187227249145508,-8.148408889770508,-8.109331130981445,-8.070759773254395,-8.031349182128906,-7.991384983062744,-7.951355934143066,-7.909913063049316,-7.869114398956299,-7.830182075500488,-7.7911248207092285,-7.750170707702637,-7.709039688110352,-7.671639442443848,-7.6348466873168945,-7.595714569091797,-7.554556846618652,-7.513879776000977,-7.474809646606445,-7.4333343505859375,-7.394405841827393,-7.357503414154053,-7.316338062286377,-7.27551794052124,-7.236124515533447,-7.1992082595825195,-7.162394046783447,-7.121062755584717,-7.078095436096191,-7.036900520324707,-6.999744415283203,-6.968885898590088,-6.943182468414307,-6.916044235229492,-6.882767677307129,-6.845753192901611,-6.804690837860107,-6.765444755554199,-6.728683948516846,-6.689454555511475,-6.650405406951904,-6.611359119415283,-6.572166442871094,-6.53324556350708,-6.492094993591309,-6.450958251953125,-6.4121809005737305,-6.371020317077637,-6.32803201675415,-6.288797855377197,-6.251959800720215,-6.214930057525635,-6.177743911743164,-6.138601303100586,-6.099629878997803,-6.058260917663574,-6.015350818634033,-5.97249698638916,-5.929676532745361,-5.89052152633667,-5.857285499572754,-5.828026294708252,-5.79676628112793,-5.7615966796875,-5.728561878204346,-5.695348262786865,-5.6599884033203125,-5.624934673309326,-5.587923049926758,-5.546685695648193,-5.5037031173706055,-5.464818477630615,-5.427830696105957,-5.388618469238281,-5.349641799926758,-5.310506343841553,-5.2715301513671875,-5.230411529541016,-5.187414646148682,-5.148322582244873,-5.117208480834961,-5.089817523956299,-5.0584869384765625,-5.023309230804443,-4.988255023956299,-4.95306921005249,-4.916041851043701,-4.877020359039307,-4.8378753662109375,-4.798901081085205,-4.759864807128906,-4.7207207679748535,-4.683516979217529,-4.650279521942139,-4.623075008392334,-4.5957183837890625,-4.560733318328857,-4.5215888023376465,-4.482316970825195,-4.4434380531311035,-4.404412269592285,-4.365356922149658,-4.326325416564941,-4.287346839904785,-4.248234748840332,-4.209134101867676,-4.170016765594482,-4.129055976867676,-4.08806848526001,-4.049036026000977,-4.010414123535156,-3.971726894378662,-3.9328205585479736,-3.8936102390289307,-3.8545713424682617,-3.814577579498291,-3.774676561355591,-3.7353458404541016,-3.6963698863983154,-3.6573803424835205,-3.6182024478912354,-3.5783498287200928,-3.5385172367095947,-3.4993107318878174,-3.4602131843566895,-3.421069383621216,-3.3821825981140137,-3.3418915271759033,-3.301926851272583,-3.261751890182495,-3.2226343154907227,-3.1846718788146973,-3.1459381580352783,-3.1057472229003906,-3.0656087398529053,-3.026503324508667,-2.9874839782714844,-2.9485771656036377,-2.909520387649536,-2.869593381881714,-2.828998327255249,-2.7905960083007812,-2.7513742446899414,-2.7118940353393555,-2.6729440689086914,-2.633296012878418,-2.5933079719543457,-2.5546300411224365,-2.514561891555786,-2.475860357284546,-2.437525510787964,-2.3965508937835693,-2.356706380844116,-2.3162288665771484,-2.2754030227661133,-2.2345046997070312,-2.1929993629455566,-2.1527099609375,-2.1147677898406982,-2.0774197578430176,-2.0406227111816406,-2.0059967041015625,-1.9709844589233398,-1.9239726066589355,-1.8861225843429565,-1.8503227233886719,-1.8090380430221558,-1.768605351448059,-1.7274450063705444,-1.6902559995651245,-1.6486140489578247,-1.6125658750534058,-1.5713385343551636,-1.5278782844543457,-1.4851969480514526,-1.4439730644226074,-1.4173495769500732,-1.3627314567565918,-1.3162208795547485,-1.3099185228347778,-1.2594444751739502,-1.240631103515625,-1.1767492294311523,-1.1314798593521118,-1.083561897277832,-1.0545878410339355,-1.024428367614746,-0.9793760180473328,-0.9368767142295837,-0.9021259546279907,-0.8181709051132202,-0.6989268660545349,-0.6667984127998352,-0.6229019165039062,-0.5857183337211609,-0.543846607208252,-0.5157881379127502,-0.46711960434913635,-0.4205588400363922,-0.3727686107158661,-0.3407748341560364,-0.2618364691734314,-0.19500796496868134,-0.15066534280776978,-0.11139006912708282,-0.0812174379825592,-0.045152902603149414,-0.010936660692095757,0.045059751719236374],"files":["scales.webp"]},"quats":{"files":["quats.webp"]},