{"version":2,"count":541710,"means":{"mins":[-2.178634914078238,-1.2182399354593776,-1.1737069233304913],"maxs":[-0.961148942462835,2.2553244249002415,2.8130684416989107],"files":["means_l.webp","means_u.webp"]},"scales":{"codebook":[-9.998906135559082,-9.965421676635742,-9.922734260559082,-9.883315086364746,-9.843708038330078,-9.800947189331055,-9.757400512695312,-9.718647956848145,-9.679424285888672,-9.640726089477539,-9.601512908935547,-9.562295913696289,-9.5232515335083,-9.484458923339844,-9.445073127746582,-9.405793190002441,-9.366922378540039,-9.3279390335083,-9.2896146774292,-9.2499361038208,-9.210795402526855,-9.171903610229492,-9.129227638244629,-9.085494041442871,-9.046929359436035,-9.007100105285645,-8.96861743927002,-8.92963981628418,-8.890874862670898,-8.85092830657959,-8.812024116516113,-8.774210929870605,-8.73432731628418,-8.695612907409668,-8.656229019165039,-8.616972923278809,-8.578274726867676,-8.538779258728027,-8.500083923339844,-8.457168579101562,-8.41391372680664,-8.375025749206543,-8.335714340209961,-8.296777725219727,-8.257719039916992,-8.21867561340332,-8.179888725280762,-8.140347480773926,-8.101399421691895,-8.062281608581543,-8.03123664855957,-8.011722564697266,-7.983381748199463,-7.940938949584961,-7.8983235359191895,-7.855037212371826,-7.8142499923706055,-7.777278900146484,-7.742144584655762,-7.705228328704834,-7.663776397705078,-7.6210126876831055,-7.57771110534668,-7.534928321838379,-7.495878219604492,-7.459076881408691,-7.41783332824707,-7.378569602966309,-7.343658447265625,-7.306736469268799,-7.2673211097717285,-7.2342848777771,-7.207056999206543,-7.175729751586914,-7.142529010772705,-7.113286018371582,-7.085937976837158,-7.056323051452637,-7.025483131408691,-6.990285873413086,-6.949051856994629,-6.906099319458008,-6.8671488761901855,-6.830078125,-6.788941860198975,-6.749809741973877,-6.718565464019775,-6.695349216461182,-6.671797275543213,-6.6464738845825195,-6.623082637786865,-6.5918354988098145,-6.552505970001221,-6.517508506774902,-6.488280773162842,-6.456990718841553,-6.42386531829834,-6.388757705688477,-6.349606990814209,-6.312265872955322,-6.277157783508301,-6.240385055541992,-6.201340198516846,-6.160055160522461,-6.1171441078186035,-6.074178218841553,-6.035024642944336,-5.998063564300537,-5.960829734802246,-5.923849105834961,-5.884801864624023,-5.845816135406494,-5.804614067077637,-5.763717174530029,-5.724472522735596,-5.685775279998779,-5.646480083465576,-5.6075029373168945,-5.566366672515869,-5.523391246795654,-5.484222888946533,-5.44736385345459,-5.406263828277588,-5.367181301116943,-5.330143928527832,-5.29115629196167,-5.249929904937744,-5.208794116973877,-5.17181921005249,-5.140600204467773,-5.11326265335083,-5.08183479309082,-5.048948764801025,-5.013699531555176,-4.972585678100586,-4.933487415313721,-4.896604061126709,-4.85536003112793,-4.814546585083008,-4.7792887687683105,-4.749985694885254,-4.722566604614258,-4.693426609039307,-4.664074420928955,-4.638640403747559,-4.615262985229492,-4.591850280761719,-4.564455509185791,-4.531215190887451,-4.49601411819458,-4.459109783172607,-4.419980049133301,-4.3808088302612305,-4.341925144195557,-4.302955150604248,-4.263888359069824,-4.224741458892822,-4.187649726867676,-4.154353618621826,-4.125064849853516,-4.0995965003967285,-4.080120086669922,-4.056656360626221,-4.023542404174805,-3.98614239692688,-3.946301221847534,-3.9073591232299805,-3.8682563304901123,-3.829291582107544,-3.789424180984497,-3.750037670135498,-3.7157537937164307,-3.6856625080108643,-3.65731143951416,-3.6262831687927246,-3.5899341106414795,-3.5518686771392822,-3.5128936767578125,-3.4729440212249756,-3.433826446533203,-3.3985512256622314,-3.3673105239868164,-3.338987350463867,-3.307953357696533,-3.272730827331543,-3.2355618476867676,-3.196591377258301,-3.15643572807312,-3.116492986679077,-3.0779690742492676,-3.038194417953491,-2.9985909461975098,-2.958131790161133,-2.919215679168701,-2.8798837661743164,-2.8401057720184326,-2.7996342182159424,-2.76100492477417,-2.7215428352355957,-2.6836564540863037,-2.643019199371338,-2.6026320457458496,-2.562239408493042,-2.5228662490844727,-2.484058380126953,-2.445192575454712,-2.405924081802368,-2.3650245666503906,-2.3260533809661865,-2.286546468734741,-2.2477927207946777,-2.2077033519744873,-2.1656880378723145,-2.1244924068450928,-2.0835886001586914,-2.0443458557128906,-2.0070364475250244,-1.9618421792984009,-1.9242544174194336,-1.8859851360321045,-1.8523149490356445,-1.8167812824249268,-1.7751491069793701,-1.7343544960021973,-1.6949174404144287,-1.6514370441436768,-1.6027441024780273,-1.5678107738494873,-1.5426291227340698,-1.4923148155212402,-1.4625089168548584,-1.4331958293914795,-1.3830580711364746,-1.33966064453125,-1.2971515655517578,-1.2532585859298706,-1.2195520401000977,-1.1302498579025269,-1.1004741191864014,-1.0554108619689941,-0.9867364168167114,-0.9451774954795837,-0.9139077067375183,-0.8538272380828857,-0.8306485414505005,-0.7842885851860046,-0.7381517887115479,-0.6537455320358276,-0.6117386817932129,-0.534540057182312,-0.295534610748291,-0.25581100583076477,-0.24457335472106934,-0.09065062552690506,-0.01521595474332571,0.08668429404497147],"files":["scales.webp"]},"quats":{"files":["quats.webp"]},