{"version":2,"count":5283,"means":{"mins":[3.135164687896483,-1.0697397517598428,-0.8115193074317479],"maxs":[4.934978772797754,4.5475710730324925,3.204647269757194],"files":["means_l.webp","means_u.webp"]},"scales":{"codebook":[-9.998942375183105,-9.95409870147705,-9.906644821166992,-9.864216804504395,-9.81250286102295,-9.77506160736084,-9.731938362121582,-9.681385040283203,-9.6319580078125,-9.592119216918945,-9.551977157592773,-9.500225067138672,-9.451998710632324,-9.410262107849121,-9.374435424804688,-9.326199531555176,-9.286333084106445,-9.232926368713379,-9.179232597351074,-9.132730484008789,-9.090608596801758,-9.052824020385742,-9.012883186340332,-8.975046157836914,-8.92798137664795,-8.873603820800781,-8.826851844787598,-8.786211013793945,-8.739230155944824,-8.701055526733398,-8.66089153289795,-8.6184720993042,-8.561820983886719,-8.509672164916992,-8.466896057128906,-8.428793907165527,-8.388465881347656,-8.348729133605957,-8.301858901977539,-8.252982139587402,-8.209602355957031,-8.16475772857666,-8.124801635742188,-8.085948944091797,-8.037881851196289,-7.99331521987915,-7.948347091674805,-7.8971476554870605,-7.858148097991943,-7.8128437995910645,-7.768372058868408,-7.724545001983643,-7.680460453033447,-7.634568691253662,-7.590641498565674,-7.55538272857666,-7.504962921142578,-7.456737518310547,-7.409232139587402,-7.357486724853516,-7.312255382537842,-7.268955230712891,-7.227227210998535,-7.18660306930542,-7.134005069732666,-7.089306831359863,-7.045151710510254,-7.000824451446533,-6.9635162353515625,-6.914486408233643,-6.865457057952881,-6.818554878234863,-6.78466272354126,-6.737619876861572,-6.695460796356201,-6.651269912719727,-6.606800079345703,-6.561951160430908,-6.518533706665039,-6.472040176391602,-6.417539596557617,-6.378411769866943,-6.333339691162109,-6.30039119720459,-6.251266956329346,-6.203457355499268,-6.154567241668701,-6.108539581298828,-6.07443380355835,-6.026830673217773,-5.9772562980651855,-5.929479598999023,-5.881603240966797,-5.835515975952148,-5.7882399559021,-5.752830982208252,-5.709508419036865,-5.666396617889404,-5.625769138336182,-5.58180570602417,-5.542568683624268,-5.4892354011535645,-5.445569038391113,-5.404592037200928,-5.352221965789795,-5.301153659820557,-5.260066032409668,-5.218010902404785,-5.1745171546936035,-5.136443614959717,-5.084744930267334,-5.048422813415527,-5.000487327575684,-4.951016902923584,-4.904772758483887,-4.8663010597229,-4.821567535400391,-4.7754130363464355,-4.730307102203369,-4.68657922744751,-4.644491672515869,-4.598876953125,-4.555798053741455,-4.512521266937256,-4.464628219604492,-4.4193644523620605,-4.374048233032227,-4.336424827575684,-4.301587104797363,-4.265749454498291,-4.232597827911377,-4.199094772338867,-4.15202522277832,-4.104875564575195,-4.062195301055908,-4.0153489112854,-3.9731125831604004,-3.928673505783081,-3.8855624198913574,-3.8401036262512207,-3.796417474746704,-3.7473623752593994,-3.7027838230133057,-3.6537764072418213,-3.6087422370910645,-3.5641801357269287,-3.519099473953247,-3.4816854000091553,-3.4377825260162354,-3.39532208442688,-3.3468403816223145,-3.3039114475250244,-3.251729965209961,-3.2042410373687744,-3.1597635746002197,-3.118276357650757,-3.0781030654907227,-3.0299649238586426,-2.979741096496582,-2.932670831680298,-2.890202045440674,-2.8451671600341797,-2.8044517040252686,-2.763808488845825,-2.721796751022339,-2.6768758296966553,-2.632254123687744,-2.587782144546509,-2.544072151184082,-2.4974560737609863,-2.4528398513793945,-2.4091238975524902,-2.3669302463531494,-2.3199517726898193,-2.2757201194763184,-2.2298295497894287,-2.1807897090911865,-2.1329457759857178,-2.0839426517486572,-2.04020357131958,-2.003866195678711,-1.9693723917007446,-1.9195685386657715,-1.8678758144378662,-1.8277019262313843,-1.7882215976715088,-1.7404228448867798,-1.6981050968170166,-1.6471792459487915,-1.6069315671920776,-1.5589584112167358,-1.5199888944625854,-1.478235125541687,-1.427017092704773,-1.3839081525802612,-1.3380272388458252,-1.2997149229049683,-1.2553528547286987,-1.2107969522476196,-1.1625937223434448,-1.1203036308288574,-1.0769202709197998,-1.030809760093689,-0.9789430499076843,-0.9304695129394531,-0.8823121786117554,-0.8369666934013367,-0.7958025336265564,-0.7550883889198303,-0.7169482707977295,-0.6798704266548157,-0.6362391114234924,-0.5820848345756531,-0.534329354763031,-0.4823416769504547,-0.43585166335105896,-0.3991096019744873,-0.36407041549682617,-0.31283992528915405,-0.26952284574508667,-0.2193996161222458,-0.17912998795509338,-0.1344914585351944,-0.09717348963022232,-0.04822390154004097,0.0005157690611667931,0.045805465430021286,0.09111365675926208,0.1313261240720749,0.18165872991085052,0.22796516120433807,0.27108344435691833,0.3164616823196411,0.35772940516471863,0.40475428104400635,0.44653043150901794,0.48869702219963074,0.5377620458602905,0.5820178389549255,0.6219133138656616,0.6731317639350891,0.7115954160690308,0.760879397392273,0.8113272190093994,0.8532907366752625,0.8966496586799622,0.9300984144210815,0.9686931371688843,1.0063751935958862,1.070257306098938,1.1168951988220215,1.1547670364379883,1.2484643459320068,1.2838879823684692,1.3475428819656372,1.3767247200012207],"files":["scales.webp"]},"quats":{"files":["quats.webp"]},