{"version":2,"count":48486,"means":{"mins":[3.0714358996174465,-1.0701713219118811,-1.0255622801449917],"maxs":[4.935093533390936,4.571829211349528,3.2180460892533005],"files":["means_l.webp","means_u.webp"]},"scales":{"codebook":[-9.998822212219238,-9.9526948928833,-9.904539108276367,-9.856281280517578,-9.80941104888916,-9.76526927947998,-9.722827911376953,-9.676488876342773,-9.623971939086914,-9.569520950317383,-9.516095161437988,-9.468124389648438,-9.425843238830566,-9.383938789367676,-9.343450546264648,-9.300800323486328,-9.252781867980957,-9.210772514343262,-9.168067932128906,-9.116138458251953,-9.069266319274902,-9.027793884277344,-8.979879379272461,-8.93372917175293,-8.883295059204102,-8.833234786987305,-8.788690567016602,-8.75767707824707,-8.735508918762207,-8.704168319702148,-8.660571098327637,-8.612709999084473,-8.566433906555176,-8.52298641204834,-8.481904983520508,-8.432137489318848,-8.387227058410645,-8.34086799621582,-8.292059898376465,-8.24715805053711,-8.201122283935547,-8.15263557434082,-8.107271194458008,-8.062956809997559,-8.020817756652832,-7.97193717956543,-7.923332691192627,-7.878320217132568,-7.834352016448975,-7.787154674530029,-7.743113994598389,-7.698261737823486,-7.647999286651611,-7.600695610046387,-7.558930397033691,-7.513672351837158,-7.463571548461914,-7.41763162612915,-7.374066352844238,-7.325862884521484,-7.2796149253845215,-7.230762004852295,-7.187758445739746,-7.144669055938721,-7.097231864929199,-7.04971981048584,-7.006302356719971,-6.96116828918457,-6.911331653594971,-6.867032051086426,-6.829017639160156,-6.793970584869385,-6.7608723640441895,-6.724977493286133,-6.683095455169678,-6.638950824737549,-6.591878890991211,-6.5435614585876465,-6.500502586364746,-6.452709197998047,-6.409754753112793,-6.361679553985596,-6.315865516662598,-6.266132831573486,-6.221346378326416,-6.178003787994385,-6.131216526031494,-6.0847487449646,-6.038374900817871,-5.991466999053955,-5.947443008422852,-5.90066385269165,-5.854242324829102,-5.807178020477295,-5.764098644256592,-5.717287063598633,-5.669540882110596,-5.624966144561768,-5.5806379318237305,-5.530660152435303,-5.483911514282227,-5.4396772384643555,-5.3921966552734375,-5.347187519073486,-5.303774356842041,-5.256006717681885,-5.208992004394531,-5.165212631225586,-5.119524955749512,-5.074744701385498,-5.032865524291992,-4.995840549468994,-4.963113784790039,-4.929492950439453,-4.8950066566467285,-4.85873556137085,-4.819952011108398,-4.7765936851501465,-4.733824729919434,-4.69339656829834,-4.652163982391357,-4.609426498413086,-4.564573764801025,-4.519006729125977,-4.474932670593262,-4.425830841064453,-4.376963138580322,-4.332075119018555,-4.287111759185791,-4.2421650886535645,-4.197732925415039,-4.150421142578125,-4.105648040771484,-4.066043376922607,-4.033445358276367,-3.9971680641174316,-3.956779718399048,-3.915998697280884,-3.8747599124908447,-3.8298404216766357,-3.7853846549987793,-3.7430763244628906,-3.7069973945617676,-3.671107292175293,-3.6307990550994873,-3.589235782623291,-3.546832323074341,-3.505516290664673,-3.4609310626983643,-3.4158880710601807,-3.3701400756835938,-3.3245229721069336,-3.278540849685669,-3.23134183883667,-3.185091733932495,-3.138542890548706,-3.093449592590332,-3.0483477115631104,-2.999983549118042,-2.953145980834961,-2.908090591430664,-2.8629415035247803,-2.8175575733184814,-2.7720329761505127,-2.725597620010376,-2.6789629459381104,-2.6323471069335938,-2.5859577655792236,-2.5414440631866455,-2.495877265930176,-2.4483065605163574,-2.40207839012146,-2.356924295425415,-2.3109130859375,-2.2649941444396973,-2.218038320541382,-2.1692464351654053,-2.1215145587921143,-2.0761756896972656,-2.035417318344116,-2.0035974979400635,-1.970123052597046,-1.9329943656921387,-1.8928167819976807,-1.8499338626861572,-1.804382085800171,-1.7599812746047974,-1.7131240367889404,-1.6683239936828613,-1.6208877563476562,-1.5750669240951538,-1.5288712978363037,-1.4819644689559937,-1.4362825155258179,-1.3895044326782227,-1.3455373048782349,-1.3053605556488037,-1.258758306503296,-1.2122334241867065,-1.1632375717163086,-1.115464687347412,-1.068182110786438,-1.0202480554580688,-0.9762925505638123,-0.9341199994087219,-0.8854197263717651,-0.837158203125,-0.7891521453857422,-0.7421546578407288,-0.6956924796104431,-0.6498824954032898,-0.6075083613395691,-0.5639739036560059,-0.5129156112670898,-0.4669744670391083,-0.4234158992767334,-0.3803539276123047,-0.335946649312973,-0.2852669954299927,-0.23539581894874573,-0.19123345613479614,-0.14777959883213043,-0.10272867232561111,-0.052796028554439545,-0.002207761397585273,0.03250904381275177,0.074172243475914,0.1227114275097847,0.17063459753990173,0.22049520909786224,0.2614244222640991,0.30936306715011597,0.3555312156677246,0.4064435064792633,0.44269347190856934,0.4916893243789673,0.54365473985672,0.5868813395500183,0.6336186528205872,0.6783535480499268,0.7181463241577148,0.7688554525375366,0.8160502314567566,0.8621078729629517,0.912009060382843,0.9572773575782776,1.0055614709854126,1.0548765659332275,1.0919830799102783,1.1394566297531128,1.1779173612594604,1.231916069984436,1.2762134075164795,1.3320685625076294,1.4898943901062012,1.739912986755371],"files":["scales.webp"]},"quats":{"files":["quats.webp"]},