{"version":2,"count":541163,"means":{"mins":[-0.9610581191218304,-4.578008983280532,-1.1963241274720011],"maxs":[2.950819940632771,4.164475972610577,3.1712304290904867],"files":["means_l.webp","means_u.webp"]},"scales":{"codebook":[-9.998109817504883,-9.956575393676758,-9.911609649658203,-9.867737770080566,-9.839654922485352,-9.816566467285156,-9.781643867492676,-9.738591194152832,-9.691500663757324,-9.648414611816406,-9.605777740478516,-9.562472343444824,-9.519665718078613,-9.4727144241333,-9.42615032196045,-9.382770538330078,-9.343366622924805,-9.30145263671875,-9.257887840270996,-9.215087890625,-9.168067932128906,-9.120972633361816,-9.077618598937988,-9.039056777954102,-8.996186256408691,-8.94931697845459,-8.906332015991211,-8.863381385803223,-8.816200256347656,-8.772950172424316,-8.73073959350586,-8.683218002319336,-8.64047622680664,-8.601365089416504,-8.55862808227539,-8.515264511108398,-8.472769737243652,-8.426053047180176,-8.379251480102539,-8.336108207702637,-8.296636581420898,-8.25402545928955,-8.203424453735352,-8.156612396240234,-8.11698055267334,-8.074442863464355,-8.031418800354004,-7.99100399017334,-7.949138641357422,-7.906280040740967,-7.8630900382995605,-7.820648670196533,-7.775536060333252,-7.7302141189575195,-7.6876068115234375,-7.64501428604126,-7.601255893707275,-7.556759357452393,-7.511496543884277,-7.468242168426514,-7.425632953643799,-7.382849216461182,-7.3397088050842285,-7.296896934509277,-7.252065181732178,-7.206780433654785,-7.163506507873535,-7.120903491973877,-7.078445911407471,-7.03529167175293,-6.990382194519043,-6.945030689239502,-6.902546405792236,-6.859486103057861,-6.8161725997924805,-6.773317337036133,-6.730535507202148,-6.685617923736572,-6.64048957824707,-6.597487926483154,-6.554581642150879,-6.511478424072266,-6.46691370010376,-6.421693801879883,-6.378768444061279,-6.336038589477539,-6.29105806350708,-6.246113300323486,-6.20311164855957,-6.160208225250244,-6.117182731628418,-6.074252128601074,-6.031627178192139,-5.988465309143066,-5.945164203643799,-5.9004225730896,-5.855518341064453,-5.812472820281982,-5.769412994384766,-5.726402759552002,-5.681667327880859,-5.63470458984375,-5.589683532714844,-5.546672821044922,-5.503817081451416,-5.460838317871094,-5.417816638946533,-5.37482213973999,-5.330109119415283,-5.285158634185791,-5.24212646484375,-5.199106216430664,-5.156198501586914,-5.113170623779297,-5.070091247558594,-5.027474403381348,-4.984415531158447,-4.939459323883057,-4.892413139343262,-4.84744930267334,-4.804725170135498,-4.761663436889648,-4.718720436096191,-4.673644065856934,-4.628664970397949,-4.585748672485352,-4.542843341827393,-4.499984264373779,-4.456894874572754,-4.413872718811035,-4.3709187507629395,-4.327966690063477,-4.285037517547607,-4.242055892944336,-4.199195861816406,-4.156152725219727,-4.11325216293335,-4.070313453674316,-4.0274577140808105,-3.982905149459839,-3.937396287918091,-3.893685817718506,-3.8505804538726807,-3.80769419670105,-3.7637150287628174,-3.7196972370147705,-3.676908016204834,-3.6328415870666504,-3.58902645111084,-3.5459377765655518,-3.5021166801452637,-3.458144187927246,-3.4151477813720703,-3.3710408210754395,-3.3260786533355713,-3.2821929454803467,-3.2392640113830566,-3.196366548538208,-3.1534056663513184,-3.109598159790039,-3.0656039714813232,-3.0226807594299316,-2.9786441326141357,-2.934541940689087,-2.891725540161133,-2.8477325439453125,-2.8039653301239014,-2.760765552520752,-2.7166600227355957,-2.6731550693511963,-2.6300601959228516,-2.58634877204895,-2.5410170555114746,-2.497039556503296,-2.4542922973632812,-2.4113941192626953,-2.368459939956665,-2.324551582336426,-2.280273199081421,-2.237511157989502,-2.1933891773223877,-2.1483144760131836,-2.103588819503784,-2.0583267211914062,-2.0128960609436035,-1.973341464996338,-1.9313422441482544,-1.888119101524353,-1.8456281423568726,-1.8023796081542969,-1.7582625150680542,-1.7145907878875732,-1.6708506345748901,-1.6274362802505493,-1.5843851566314697,-1.5397522449493408,-1.4962939023971558,-1.4521338939666748,-1.4090031385421753,-1.365997552871704,-1.3213467597961426,-1.2779922485351562,-1.2341454029083252,-1.1909643411636353,-1.146309494972229,-1.1048228740692139,-1.0608125925064087,-1.0178630352020264,-0.9737904071807861,-0.9289070963859558,-0.8877705931663513,-0.8427451252937317,-0.798805296421051,-0.7559896111488342,-0.7120091915130615,-0.6676762700080872,-0.6238667964935303,-0.5808063745498657,-0.5369503498077393,-0.4936891198158264,-0.45198971033096313,-0.40884581208229065,-0.3651334047317505,-0.32297375798225403,-0.2761075794696808,-0.2311776727437973,-0.18649539351463318,-0.14289557933807373,-0.09799104928970337,-0.05586973577737808,-0.014125064946711063,0.023442942649126053,0.06365935504436493,0.10250905156135559,0.13999530673027039,0.18725773692131042,0.23250414431095123,0.2872436046600342,0.33399271965026855,0.3839980661869049,0.42708322405815125,0.4733864367008209,0.519189715385437,0.549507737159729,0.5863092541694641,0.6319358944892883,0.6822684407234192,0.7424953579902649,0.7729048728942871,0.8021737933158875,0.8573630452156067,0.9012295007705688,0.9561331272125244,0.9776912927627563,1.033179759979248,1.1201035976409912],"files":["scales.webp"]},"quats":{"files":["quats.webp"]},