{"version":2,"count":524496,"means":{"mins":[-4.836542846637326,-4.8951722199709415,-1.5316052891116725],"maxs":[4.515628394066227,4.394941176652064,3.687341139250925],"files":["means_l.webp","means_u.webp"]},"scales":{"codebook":[-9.997969627380371,-9.954240798950195,-9.904397964477539,-9.856739044189453,-9.809377670288086,-9.762409210205078,-9.715106010437012,-9.66861629486084,-9.621222496032715,-9.574636459350586,-9.527181625366211,-9.480761528015137,-9.433903694152832,-9.38705062866211,-9.336406707763672,-9.28893756866455,-9.246207237243652,-9.199414253234863,-9.14799690246582,-9.097500801086426,-9.0510835647583,-9.004278182983398,-8.957184791564941,-8.906079292297363,-8.855220794677734,-8.808622360229492,-8.765475273132324,-8.722901344299316,-8.676289558410645,-8.6293306350708,-8.582588195800781,-8.53506851196289,-8.488541603088379,-8.440796852111816,-8.394986152648926,-8.347562789916992,-8.3013277053833,-8.253528594970703,-8.20719051361084,-8.160116195678711,-8.113816261291504,-8.066462516784668,-8.020768165588379,-7.974929332733154,-7.925837516784668,-7.87681770324707,-7.830520153045654,-7.783398628234863,-7.736212730407715,-7.6900458335876465,-7.642657279968262,-7.596306800842285,-7.5464606285095215,-7.498103618621826,-7.452903747558594,-7.408459663391113,-7.3618292808532715,-7.3150410652160645,-7.267334461212158,-7.220905303955078,-7.17390775680542,-7.124543190002441,-7.074172019958496,-7.027488708496094,-6.982790946960449,-6.933207035064697,-6.884690761566162,-6.839503288269043,-6.795034408569336,-6.748109340667725,-6.699163436889648,-6.650779724121094,-6.6048150062561035,-6.561010360717773,-6.5137457847595215,-6.467155456542969,-6.419671058654785,-6.373296737670898,-6.327128887176514,-6.2767839431762695,-6.228604793548584,-6.181118488311768,-6.134988307952881,-6.085556983947754,-6.037133693695068,-5.99207067489624,-5.947333812713623,-5.900285243988037,-5.8540167808532715,-5.806370258331299,-5.760100841522217,-5.71291446685791,-5.6635589599609375,-5.613184452056885,-5.5643439292907715,-5.51924991607666,-5.4748029708862305,-5.425929069519043,-5.374233722686768,-5.325999736785889,-5.27931547164917,-5.232122421264648,-5.1873955726623535,-5.144248962402344,-5.099737644195557,-5.050774574279785,-4.999724864959717,-4.950779438018799,-4.906059265136719,-4.862735271453857,-4.818449020385742,-4.769285678863525,-4.718530654907227,-4.667806625366211,-4.6190056800842285,-4.574164390563965,-4.530794143676758,-4.486423969268799,-4.437378883361816,-4.386386394500732,-4.335611343383789,-4.285097599029541,-4.238221168518066,-4.195296764373779,-4.15233850479126,-4.109204292297363,-4.064465522766113,-4.017849922180176,-3.9705965518951416,-3.9226791858673096,-3.876023054122925,-3.827685832977295,-3.779954671859741,-3.734097719192505,-3.688526153564453,-3.641692638397217,-3.593818187713623,-3.5446107387542725,-3.495929718017578,-3.4470505714416504,-3.3981637954711914,-3.349290370941162,-3.3006772994995117,-3.2518222332000732,-3.2029988765716553,-3.1561574935913086,-3.111140251159668,-3.0662238597869873,-3.0213496685028076,-2.977437734603882,-2.9374935626983643,-2.901301622390747,-2.866212844848633,-2.8280296325683594,-2.786163806915283,-2.7432432174682617,-2.6983249187469482,-2.6514439582824707,-2.6045596599578857,-2.5576562881469727,-2.5109047889709473,-2.4640939235687256,-2.4170327186584473,-2.3691601753234863,-2.3216593265533447,-2.2746243476867676,-2.2276806831359863,-2.179611921310425,-2.130479097366333,-2.08309268951416,-2.0398073196411133,-2.002000093460083,-1.95145583152771,-1.9008198976516724,-1.851802110671997,-1.8043564558029175,-1.757352352142334,-1.7112213373184204,-1.667873740196228,-1.6259969472885132,-1.5870652198791504,-1.5498911142349243,-1.510535717010498,-1.4689258337020874,-1.4261369705200195,-1.3808231353759766,-1.3339189291000366,-1.2867412567138672,-1.2394945621490479,-1.1921271085739136,-1.1453769207000732,-1.0983890295028687,-1.051466464996338,-1.0051418542861938,-0.9577032923698425,-0.9097873568534851,-0.8626134395599365,-0.8159812092781067,-0.7686354517936707,-0.7209547162055969,-0.6737808585166931,-0.6278296113014221,-0.5799604058265686,-0.5331974029541016,-0.48689720034599304,-0.439053475856781,-0.3928508758544922,-0.34436482191085815,-0.2974671423435211,-0.2506547272205353,-0.20193010568618774,-0.15409331023693085,-0.10694336146116257,-0.062366362661123276,-0.016264913603663445,0.03002045676112175,0.07807878404855728,0.12358254194259644,0.17125056684017181,0.2207822948694229,0.2671191096305847,0.31020310521125793,0.3561306893825531,0.40343183279037476,0.45295074582099915,0.5018569231033325,0.552330732345581,0.6017588376998901,0.6444632411003113,0.6868143677711487,0.7375144362449646,0.7886414527893066,0.8324162364006042,0.8830419182777405,0.9233695268630981,0.9749549627304077,1.0203226804733276,1.072411298751831,1.1193898916244507,1.1637533903121948,1.2158535718917847,1.263524055480957,1.2996549606323242,1.3433161973953247,1.3907041549682617,1.4475816488265991,1.4935487508773804,1.5359082221984863,1.5911378860473633,1.625824213027954,1.6903713941574097,1.7245005369186401,1.7595410346984863,1.8214271068572998,1.8645009994506836,2.010221481323242],"files":["scales.webp"]},"quats":{"files":["quats.webp"]},