{"version":2,"count":527098,"means":{"mins":[2.9508224343357967,-4.941318229788262,-1.1843133199749287],"maxs":[4.672803806882547,-4.072225391964055,2.954352760615926],"files":["means_l.webp","means_u.webp"]},"scales":{"codebook":[-9.688711166381836,-9.586230278015137,-9.568845748901367,-9.42718505859375,-9.339415550231934,-9.30307388305664,-9.264548301696777,-9.160746574401855,-9.121957778930664,-9.079780578613281,-9.02367877960205,-8.982693672180176,-8.943471908569336,-8.892061233520508,-8.851672172546387,-8.80337142944336,-8.75522518157959,-8.717227935791016,-8.682835578918457,-8.64324951171875,-8.598406791687012,-8.551983833312988,-8.500472068786621,-8.46230411529541,-8.42265510559082,-8.381760597229004,-8.340535163879395,-8.287546157836914,-8.238354682922363,-8.193400382995605,-8.152962684631348,-8.10844612121582,-8.06949520111084,-8.035581588745117,-7.99445915222168,-7.9492106437683105,-7.907415866851807,-7.862187385559082,-7.815243721008301,-7.772521018981934,-7.730000972747803,-7.686924934387207,-7.643890857696533,-7.601097106933594,-7.557290077209473,-7.515518665313721,-7.472813606262207,-7.428472518920898,-7.382167816162109,-7.339229106903076,-7.296391487121582,-7.252894401550293,-7.20930814743042,-7.16762638092041,-7.124558448791504,-7.081847190856934,-7.0389933586120605,-6.994357585906982,-6.94857931137085,-6.905898571014404,-6.863179683685303,-6.81837272644043,-6.773161888122559,-6.7302021980285645,-6.68712043762207,-6.644351482391357,-6.601186275482178,-6.5581746101379395,-6.515288352966309,-6.47210693359375,-6.428762912750244,-6.386518478393555,-6.343515872955322,-6.298830986022949,-6.253799915313721,-6.210452079772949,-6.167520999908447,-6.124758243560791,-6.081881999969482,-6.039238452911377,-5.995780944824219,-5.952812671661377,-5.909824848175049,-5.867288589477539,-5.82227897644043,-5.777184009552002,-5.734193325042725,-5.691247463226318,-5.654176235198975,-5.623064041137695,-5.58787202835083,-5.548989295959473,-5.507668495178223,-5.466845512390137,-5.425571918487549,-5.382635593414307,-5.339567184448242,-5.298595905303955,-5.25784158706665,-5.214797019958496,-5.171631336212158,-5.126972675323486,-5.081934928894043,-5.038956642150879,-4.996030330657959,-4.9550371170043945,-4.917825222015381,-4.884631633758545,-4.85156774520874,-4.816285133361816,-4.783098220825195,-4.750041961669922,-4.712809085845947,-4.673619747161865,-4.634653568267822,-4.595672607421875,-4.556507587432861,-4.517702102661133,-4.4765448570251465,-4.433684349060059,-4.388741970062256,-4.343821048736572,-4.300757884979248,-4.257705211639404,-4.214580535888672,-4.171703338623047,-4.128875255584717,-4.085880756378174,-4.042830944061279,-3.9985718727111816,-3.9558794498443604,-3.9190237522125244,-3.8856990337371826,-3.856365442276001,-3.8309993743896484,-3.805764675140381,-3.777329683303833,-3.747138500213623,-3.71484112739563,-3.6807026863098145,-3.643608808517456,-3.6054930686950684,-3.5684080123901367,-3.533172845840454,-3.500025749206543,-3.464858293533325,-3.4268670082092285,-3.386775493621826,-3.344909906387329,-3.3016955852508545,-3.258840322494507,-3.2148237228393555,-3.1708855628967285,-3.1288883686065674,-3.089816093444824,-3.0548183917999268,-3.020542621612549,-2.984379291534424,-2.946424722671509,-2.9075469970703125,-2.866212844848633,-2.8232686519622803,-2.780534267425537,-2.7374207973480225,-2.6946706771850586,-2.6505277156829834,-2.6066856384277344,-2.5635695457458496,-2.520535469055176,-2.4768126010894775,-2.4327940940856934,-2.390005111694336,-2.3468239307403564,-2.3031468391418457,-2.258915424346924,-2.217165946960449,-2.1786303520202637,-2.1456985473632812,-2.112590789794922,-2.0771589279174805,-2.0401623249053955,-1.9992097616195679,-1.9559935331344604,-1.9124678373336792,-1.8693302869796753,-1.8266383409500122,-1.7826966047286987,-1.7393271923065186,-1.6953034400939941,-1.6519999504089355,-1.608589768409729,-1.5653326511383057,-1.5219236612319946,-1.4783107042312622,-1.4349392652511597,-1.3920496702194214,-1.3477355241775513,-1.3045982122421265,-1.2612274885177612,-1.2175910472869873,-1.174190640449524,-1.1309906244277954,-1.0876407623291016,-1.0451265573501587,-1.0022492408752441,-0.9566532373428345,-0.9129673838615417,-0.8689268231391907,-0.8255294561386108,-0.7820254564285278,-0.7398248314857483,-0.6963911652565002,-0.654289960861206,-0.6114802956581116,-0.5694103837013245,-0.5242571234703064,-0.4759611487388611,-0.43500643968582153,-0.39478370547294617,-0.3536309599876404,-0.31267720460891724,-0.27067750692367554,-0.22846399247646332,-0.1800341010093689,-0.13654252886772156,-0.0886574387550354,-0.04984038695693016,-0.008753751404583454,0.033886369317770004,0.0762561783194542,0.12099744379520416,0.16401121020317078,0.21053099632263184,0.2474474012851715,0.2958257794380188,0.34335851669311523,0.3847045600414276,0.4320947229862213,0.47463810443878174,0.5183576941490173,0.5642855763435364,0.6070651412010193,0.665259838104248,0.6964528560638428,0.7290212512016296,0.778312087059021,0.8279581665992737,0.8814986944198608,0.8939646482467651,0.9408388137817383,0.9998828768730164,1.039955973625183,1.0922152996063232,1.1240166425704956,1.1704683303833008,1.385711908340454],"files":["scales.webp"]},"quats":{"files":["quats.webp"]},