{"version":2,"count":537537,"means":{"mins":[-4.6187005207115766,-3.420262116447607,-1.304602041375185],"maxs":[2.1765639777423607,-2.7605821740148944,3.7842902848420006],"files":["means_l.webp","means_u.webp"]},"scales":{"codebook":[-9.9994478225708,-9.958269119262695,-9.913444519042969,-9.871207237243652,-9.824310302734375,-9.777185440063477,-9.734026908874512,-9.69502067565918,-9.65595531463623,-9.61689281463623,-9.57439136505127,-9.52713680267334,-9.484320640563965,-9.445453643798828,-9.406004905700684,-9.363641738891602,-9.316509246826172,-9.273067474365234,-9.23436164855957,-9.191554069519043,-9.144865989685059,-9.101693153381348,-9.06238079071045,-9.019899368286133,-8.976664543151855,-8.933955192565918,-8.89045524597168,-8.847827911376953,-8.804343223571777,-8.7655029296875,-8.726602554321289,-8.683938026428223,-8.636909484863281,-8.593406677246094,-8.554601669311523,-8.515652656555176,-8.472970962524414,-8.425159454345703,-8.382590293884277,-8.340177536010742,-8.296976089477539,-8.253946304321289,-8.210752487182617,-8.171765327453613,-8.128907203674316,-8.085750579833984,-8.046905517578125,-8.006547927856445,-7.964821815490723,-7.922288417816162,-7.878807544708252,-7.835705280303955,-7.7929840087890625,-7.750031471252441,-7.709100723266602,-7.669626712799072,-7.636935710906982,-7.607649326324463,-7.5739054679870605,-7.537156581878662,-7.4958038330078125,-7.453016757965088,-7.412137508392334,-7.371082782745361,-7.327882766723633,-7.285022258758545,-7.241940021514893,-7.199084281921387,-7.156128406524658,-7.113114356994629,-7.070106506347656,-7.027253150939941,-6.984035491943359,-6.941349029541016,-6.900180339813232,-6.86134672164917,-6.820451259613037,-6.77754020690918,-6.734245777130127,-6.6912970542907715,-6.648494243621826,-6.607580184936523,-6.566269874572754,-6.5232648849487305,-6.4804511070251465,-6.437742710113525,-6.394752025604248,-6.351534843444824,-6.310574054718018,-6.269389629364014,-6.226520538330078,-6.183513641357422,-6.140597343444824,-6.097639560699463,-6.054819583892822,-6.011650085449219,-5.968634128570557,-5.925653457641602,-5.882696628570557,-5.839829444885254,-5.796595096588135,-5.755703449249268,-5.716860771179199,-5.675652980804443,-5.632750034332275,-5.590078830718994,-5.546985149383545,-5.503757953643799,-5.461136817932129,-5.421868324279785,-5.390538215637207,-5.361400127410889,-5.32408332824707,-5.285096168518066,-5.248167991638184,-5.207024097442627,-5.163978576660156,-5.120924949645996,-5.078118324279785,-5.037136554718018,-4.995960712432861,-4.952974319458008,-4.910019874572754,-4.867088794708252,-4.826216220855713,-4.785043716430664,-4.742220401763916,-4.699120998382568,-4.656341552734375,-4.613248348236084,-4.570314407348633,-4.529313564300537,-4.488376140594482,-4.4452805519104,-4.402420997619629,-4.359497547149658,-4.31641149520874,-4.273451328277588,-4.2324419021606445,-4.191446304321289,-4.14865779876709,-4.105561256408691,-4.06252384185791,-4.025366306304932,-3.995502471923828,-3.9641289710998535,-3.9287807941436768,-3.8919100761413574,-3.8507025241851807,-3.8078269958496094,-3.7658448219299316,-3.725745677947998,-3.6875863075256348,-3.652479410171509,-3.6211748123168945,-3.588999032974243,-3.551863670349121,-3.5110652446746826,-3.4680163860321045,-3.4256293773651123,-3.3838653564453125,-3.340858221054077,-3.2988345623016357,-3.2569785118103027,-3.2138943672180176,-3.1717522144317627,-3.130065679550171,-3.087247133255005,-3.0451364517211914,-3.0032742023468018,-2.9600439071655273,-2.917090654373169,-2.8740084171295166,-2.831073760986328,-2.7890164852142334,-2.74798321723938,-2.7061169147491455,-2.6631202697753906,-2.62056040763855,-2.577399969100952,-2.53511381149292,-2.4932773113250732,-2.451270818710327,-2.4092769622802734,-2.3663954734802246,-2.323551654815674,-2.2803566455841064,-2.2381789684295654,-2.1963963508605957,-2.1535804271698,-2.1103527545928955,-2.0679221153259277,-2.0279061794281006,-1.9925774335861206,-1.9456309080123901,-1.900805950164795,-1.857493281364441,-1.815218448638916,-1.7730321884155273,-1.7308521270751953,-1.6885054111480713,-1.6452137231826782,-1.6039015054702759,-1.5616692304611206,-1.5186773538589478,-1.4767125844955444,-1.4339691400527954,-1.391236424446106,-1.3489139080047607,-1.3071383237838745,-1.2649803161621094,-1.2207894325256348,-1.1792560815811157,-1.1369985342025757,-1.0952320098876953,-1.0527530908584595,-1.0113807916641235,-0.9702194929122925,-0.9303194284439087,-0.888348400592804,-0.847841203212738,-0.8007898330688477,-0.7545549273490906,-0.7125226855278015,-0.6734236478805542,-0.6285485029220581,-0.5920753479003906,-0.5494847893714905,-0.5076466202735901,-0.4675224721431732,-0.4301702082157135,-0.38416585326194763,-0.340530663728714,-0.29726025462150574,-0.25336766242980957,-0.20319466292858124,-0.16038714349269867,-0.12705984711647034,-0.09179965406656265,-0.05399620532989502,0.007483636494725943,0.04552492871880531,0.10139003396034241,0.1291581392288208,0.17160683870315552,0.19932147860527039,0.26582080125808716,0.3107519745826721,0.34692004323005676,0.4007769525051117,0.44033366441726685,0.4592334032058716,0.511648952960968,0.57395339012146,0.7806088924407959,0.8136206269264221],"files":["scales.webp"]},"quats":{"files":["quats.webp"]},