{"version":2,"count":527107,"means":{"mins":[2.950824229798125,-4.171669275669968,-0.9489455391398091],"maxs":[4.552986908280504,-3.9115346049300372,3.2060169370539007],"files":["means_l.webp","means_u.webp"]},"scales":{"codebook":[-9.998993873596191,-9.949806213378906,-9.914170265197754,-9.873592376708984,-9.833611488342285,-9.784456253051758,-9.749378204345703,-9.70634937286377,-9.666524887084961,-9.617902755737305,-9.574703216552734,-9.542949676513672,-9.497114181518555,-9.433733940124512,-9.401012420654297,-9.36701488494873,-9.331655502319336,-9.288125991821289,-9.250981330871582,-9.209293365478516,-9.162636756896973,-9.12510871887207,-9.074487686157227,-9.0299711227417,-8.990677833557129,-8.951534271240234,-8.911449432373047,-8.871284484863281,-8.822078704833984,-8.78009033203125,-8.739316940307617,-8.702960968017578,-8.660588264465332,-8.616006851196289,-8.577917098999023,-8.53835391998291,-8.49678897857666,-8.453226089477539,-8.41093921661377,-8.36693286895752,-8.327290534973145,-8.288244247436523,-8.24629020690918,-8.201858520507812,-8.163525581359863,-8.122901916503906,-8.078572273254395,-8.038615226745605,-7.996858596801758,-7.9553303718566895,-7.913405895233154,-7.870619297027588,-7.828031539916992,-7.785305500030518,-7.741802215576172,-7.701394557952881,-7.6597771644592285,-7.6156134605407715,-7.573094367980957,-7.530655384063721,-7.488125801086426,-7.4452643394470215,-7.4012908935546875,-7.3592352867126465,-7.317717552185059,-7.281311988830566,-7.244839668273926,-7.202962875366211,-7.162250518798828,-7.1212921142578125,-7.077610969543457,-7.037117958068848,-6.995394706726074,-6.953089237213135,-6.91016149520874,-6.8667216300964355,-6.82395601272583,-6.780912399291992,-6.738126754760742,-6.696811199188232,-6.658204078674316,-6.616703033447266,-6.57371187210083,-6.531175136566162,-6.490237712860107,-6.449208736419678,-6.406050205230713,-6.365328311920166,-6.326297283172607,-6.284660339355469,-6.241763114929199,-6.198887825012207,-6.156076908111572,-6.113183975219727,-6.069957256317139,-6.027048587799072,-5.984187126159668,-5.944878578186035,-5.90825891494751,-5.867011070251465,-5.8263397216796875,-5.78519344329834,-5.741969108581543,-5.699134349822998,-5.658235549926758,-5.61704683303833,-5.573996543884277,-5.531107425689697,-5.488245010375977,-5.445086479187012,-5.4022932052612305,-5.35938024520874,-5.3161540031433105,-5.273282527923584,-5.234198093414307,-5.197291374206543,-5.155959129333496,-5.1133012771606445,-5.072267055511475,-5.031147480010986,-4.988089561462402,-4.94708251953125,-4.908218860626221,-4.867048263549805,-4.823995590209961,-4.783285617828369,-4.742301940917969,-4.699155330657959,-4.658239364624023,-4.617086887359619,-4.574141502380371,-4.531060695648193,-4.488186836242676,-4.445150852203369,-4.40214729309082,-4.361179828643799,-4.322393417358398,-4.281204700469971,-4.238106727600098,-4.195237159729004,-4.154354095458984,-4.113126277923584,-4.0723161697387695,-4.031276226043701,-3.988770008087158,-3.947094440460205,-3.9062323570251465,-3.864351511001587,-3.822268009185791,-3.781364917755127,-3.7403383255004883,-3.6982436180114746,-3.6561944484710693,-3.6144351959228516,-3.5722198486328125,-3.531468152999878,-3.490102767944336,-3.448328733444214,-3.406282901763916,-3.3642709255218506,-3.3222861289978027,-3.2814085483551025,-3.2392821311950684,-3.1973025798797607,-3.156226873397827,-3.11430287361145,-3.0723280906677246,-3.031327962875366,-2.9894087314605713,-2.947397232055664,-2.905447483062744,-2.8632712364196777,-2.8223531246185303,-2.7804019451141357,-2.7383475303649902,-2.6974730491638184,-2.6553444862365723,-2.6134843826293945,-2.5724291801452637,-2.5303666591644287,-2.488497018814087,-2.4466395378112793,-2.4046027660369873,-2.3633925914764404,-2.321418523788452,-2.279536247253418,-2.2384049892425537,-2.196467876434326,-2.1545112133026123,-2.112762689590454,-2.0708158016204834,-2.0295486450195312,-1.9885246753692627,-1.9467642307281494,-1.904615879058838,-1.8627076148986816,-1.8211605548858643,-1.7796398401260376,-1.7375338077545166,-1.6953610181808472,-1.654272198677063,-1.6125543117523193,-1.570360541343689,-1.5281994342803955,-1.4862780570983887,-1.4451415538787842,-1.4042762517929077,-1.3633695840835571,-1.3206223249435425,-1.2797741889953613,-1.2377700805664062,-1.1982905864715576,-1.1534531116485596,-1.1112282276153564,-1.0701302289962769,-1.0268058776855469,-0.9837086200714111,-0.9429056644439697,-0.9022554755210876,-0.8602877855300903,-0.8212293386459351,-0.7813867926597595,-0.7401580810546875,-0.6964921951293945,-0.6546409130096436,-0.6150351166725159,-0.5748904347419739,-0.5339074730873108,-0.4899909198284149,-0.44730159640312195,-0.40813979506492615,-0.3641265034675598,-0.32032716274261475,-0.2819090485572815,-0.23548059165477753,-0.19317981600761414,-0.1503705382347107,-0.11027147620916367,-0.06898287683725357,-0.01841193437576294,0.01342953834682703,0.048260245472192764,0.09038615226745605,0.1328960359096527,0.18446899950504303,0.21884958446025848,0.26803353428840637,0.30442315340042114,0.34501755237579346,0.39600419998168945,0.430331289768219,0.47511371970176697,0.5132534503936768,0.5501964092254639,0.6025590300559998,0.6406639814376831],"files":["scales.webp"]},"quats":{"files":["quats.webp"]},