{"version":2,"count":529947,"means":{"mins":[-2.73183468960627,-2.760581812067203,-0.781084156745781],"maxs":[0.3295876333540788,-1.218242121339964,2.980807164708679],"files":["means_l.webp","means_u.webp"]},"scales":{"codebook":[-9.998805046081543,-9.960762977600098,-9.913912773132324,-9.874892234802246,-9.832071304321289,-9.78903865814209,-9.749979019165039,-9.710987091064453,-9.6718111038208,-9.632970809936523,-9.593786239624023,-9.551056861877441,-9.507930755615234,-9.468555450439453,-9.429627418518066,-9.390639305114746,-9.347800254821777,-9.304733276367188,-9.265545845031738,-9.226624488830566,-9.187480926513672,-9.148394584655762,-9.109247207641602,-9.066607475280762,-9.023168563842773,-8.984275817871094,-8.945362091064453,-8.902589797973633,-8.859159469604492,-8.820103645324707,-8.781189918518066,-8.742594718933105,-8.703075408935547,-8.660313606262207,-8.617232322692871,-8.578049659729004,-8.53915023803711,-8.499892234802246,-8.457064628601074,-8.414249420166016,-8.374913215637207,-8.335868835449219,-8.293220520019531,-8.2501220703125,-8.210758209228516,-8.171768188476562,-8.132819175720215,-8.090092658996582,-8.046965599060059,-8.00694751739502,-7.966797351837158,-7.927861213684082,-7.886577606201172,-7.845846176147461,-7.806761264801025,-7.765755653381348,-7.724612236022949,-7.685734272003174,-7.644534587860107,-7.603641986846924,-7.5624847412109375,-7.519459247589111,-7.478323936462402,-7.439605712890625,-7.400569438934326,-7.361344814300537,-7.32077169418335,-7.2772955894470215,-7.236191749572754,-7.197505950927734,-7.15834903717041,-7.117428779602051,-7.076423168182373,-7.0354180335998535,-6.992061138153076,-6.949143886566162,-6.909992694854736,-6.873099327087402,-6.83181619644165,-6.788674831390381,-6.745914936065674,-6.702826976776123,-6.659961223602295,-6.616909503936768,-6.573966026306152,-6.53285551071167,-6.495663166046143,-6.460718631744385,-6.425544261932373,-6.394512176513672,-6.367188930511475,-6.334036827087402,-6.292829513549805,-6.251791000366211,-6.214783668518066,-6.177800178527832,-6.136566162109375,-6.095317363739014,-6.058435440063477,-6.021498203277588,-5.980215549468994,-5.937392234802246,-5.894404411315918,-5.853546142578125,-5.812342643737793,-5.771421909332275,-5.732423305511475,-5.691195011138916,-5.6521077156066895,-5.619132995605469,-5.593862533569336,-5.568383693695068,-5.539105415344238,-5.511632919311523,-5.480337619781494,-5.4451093673706055,-5.408214569091797,-5.369053363800049,-5.330107688903809,-5.288968086242676,-5.248029708862305,-5.208988189697266,-5.16810417175293,-5.126903057098389,-5.093759059906006,-5.068380832672119,-5.038930892944336,-5.002146244049072,-4.962821960449219,-4.923876762390137,-4.884810447692871,-4.843640327453613,-4.802755355834961,-4.763874053955078,-4.722721099853516,-4.68166971206665,-4.640679359436035,-4.599650859832764,-4.5606536865234375,-4.51967191696167,-4.476552486419678,-4.435557842254639,-4.3965559005737305,-4.357464790344238,-4.31675386428833,-4.275575160980225,-4.234441757202148,-4.193660736083984,-4.154334545135498,-4.113383769989014,-4.072303295135498,-4.035594940185547,-4.003423690795898,-3.9739511013031006,-3.9414098262786865,-3.9075417518615723,-3.8703997135162354,-3.830530881881714,-3.7913448810577393,-3.7559213638305664,-3.723691940307617,-3.69338321685791,-3.661294460296631,-3.6244523525238037,-3.5846800804138184,-3.545931339263916,-3.5061893463134766,-3.465198040008545,-3.4241151809692383,-3.3829081058502197,-3.3429625034332275,-3.303197145462036,-3.2619919776916504,-3.2211339473724365,-3.180753707885742,-3.140868663787842,-3.1001527309417725,-3.058805465698242,-3.017901659011841,-2.9777750968933105,-2.9377996921539307,-2.896486520767212,-2.8554694652557373,-2.8146610260009766,-2.774722099304199,-2.734285354614258,-2.6943681240081787,-2.6526243686676025,-2.6127827167510986,-2.5722265243530273,-2.5317254066467285,-2.4900810718536377,-2.4494433403015137,-2.4079384803771973,-2.367093563079834,-2.3277833461761475,-2.2874670028686523,-2.2471048831939697,-2.207350730895996,-2.16618275642395,-2.1245548725128174,-2.083512783050537,-2.043273687362671,-2.006533145904541,-1.969122052192688,-1.9309836626052856,-1.8880157470703125,-1.84711754322052,-1.8044462203979492,-1.7676777839660645,-1.72795832157135,-1.678910255432129,-1.6375222206115723,-1.5976992845535278,-1.5582242012023926,-1.5170741081237793,-1.470612645149231,-1.4263724088668823,-1.3850610256195068,-1.345306634902954,-1.3038867712020874,-1.263311505317688,-1.23103666305542,-1.1943544149398804,-1.1523692607879639,-1.115277647972107,-1.0741113424301147,-1.017643690109253,-0.9781684875488281,-0.9441173076629639,-0.9122132062911987,-0.8482771515846252,-0.8284852504730225,-0.787197470664978,-0.7546424269676208,-0.7111130952835083,-0.665210485458374,-0.6279545426368713,-0.5815731287002563,-0.5562007427215576,-0.5068538188934326,-0.471699595451355,-0.42575058341026306,-0.36594200134277344,-0.350064754486084,-0.28746989369392395,-0.25825631618499756,-0.1945878565311432,-0.15712104737758636,-0.10202286392450333,-0.044510018080472946,-0.010163091123104095,0.022255966439843178,0.062383927404880524,0.15130509436130524,0.345030277967453],"files":["scales.webp"]},"quats":{"files":["quats.webp"]},