{"version":2,"count":532281,"means":{"mins":[3.4982018161391433,-3.4110078053161748,-0.8393479686929322],"maxs":[3.851836329386471,-1.0726548497610127,3.005613710867593],"files":["means_l.webp","means_u.webp"]},"scales":{"codebook":[-9.999646186828613,-9.960625648498535,-9.921586990356445,-9.882567405700684,-9.842155456542969,-9.805364608764648,-9.762587547302246,-9.718223571777344,-9.678289413452148,-9.641030311584473,-9.60280704498291,-9.562792778015137,-9.521539688110352,-9.482134819030762,-9.444978713989258,-9.406363487243652,-9.367108345031738,-9.327488899230957,-9.28565502166748,-9.24245834350586,-9.203163146972656,-9.164329528808594,-9.125222206115723,-9.085433006286621,-9.046541213989258,-9.007538795471191,-8.968062400817871,-8.9298734664917,-8.889400482177734,-8.851822853088379,-8.809412956237793,-8.765241622924805,-8.726547241210938,-8.687621116638184,-8.648107528686523,-8.609024047851562,-8.569693565368652,-8.53183364868164,-8.4917573928833,-8.452950477600098,-8.414389610290527,-8.374754905700684,-8.336023330688477,-8.296353340148926,-8.25757884979248,-8.218645095825195,-8.176148414611816,-8.132887840270996,-8.093544960021973,-8.05467700958252,-8.016526222229004,-7.978609085083008,-7.937277793884277,-7.896581172943115,-7.855236530303955,-7.812270641326904,-7.7691545486450195,-7.728357315063477,-7.6914143562316895,-7.656185626983643,-7.619225025177002,-7.579833507537842,-7.541086196899414,-7.504154682159424,-7.470445156097412,-7.443525791168213,-7.414012432098389,-7.3790669441223145,-7.341856479644775,-7.3005690574646,-7.261676788330078,-7.224666595458984,-7.185554027557373,-7.144438743591309,-7.101352214813232,-7.05824089050293,-7.015659332275391,-6.974537372589111,-6.935606002807617,-6.894103050231934,-6.853311538696289,-6.816336631774902,-6.780990123748779,-6.744143486022949,-6.7030534744262695,-6.663887023925781,-6.628916263580322,-6.591946125030518,-6.55056619644165,-6.5097975730896,-6.4704060554504395,-6.431661128997803,-6.390579700469971,-6.35156774520874,-6.314565181732178,-6.273470878601074,-6.230130672454834,-6.191334247589111,-6.1543169021606445,-6.113030910491943,-6.070071697235107,-6.027102947235107,-5.986281871795654,-5.949148654937744,-5.914007663726807,-5.87705135345459,-5.8358893394470215,-5.792866230010986,-5.749988555908203,-5.708940505981445,-5.669947624206543,-5.628889083862305,-5.585935592651367,-5.5449090003967285,-5.507836818695068,-5.47252082824707,-5.437469005584717,-5.400399684906006,-5.359270095825195,-5.316360950469971,-5.277328014373779,-5.244075775146484,-5.218681335449219,-5.193365097045898,-5.1582865715026855,-5.1191511154174805,-5.082020282745361,-5.045029163360596,-5.003900051116943,-4.963005065917969,-4.923938751220703,-4.8847737312316895,-4.845879554748535,-4.806718826293945,-4.7675700187683105,-4.728528022766113,-4.689533233642578,-4.648342609405518,-4.60754919052124,-4.568398952484131,-4.529272556304932,-4.49041748046875,-4.451203346252441,-4.412273406982422,-4.373044013977051,-4.341707229614258,-4.318371295928955,-4.2894287109375,-4.25199556350708,-4.213126182556152,-4.174057960510254,-4.134974002838135,-4.095803260803223,-4.054836750030518,-4.0142340660095215,-3.975648880004883,-3.9365673065185547,-3.897740602493286,-3.8577053546905518,-3.8175582885742188,-3.7785794734954834,-3.7395267486572266,-3.699373483657837,-3.659372091293335,-3.6202521324157715,-3.5802488327026367,-3.5401806831359863,-3.501159191131592,-3.4609827995300293,-3.4209229946136475,-3.3817076683044434,-3.3428523540496826,-3.3026812076568604,-3.2627482414245605,-3.2237331867218018,-3.183429479598999,-3.143641471862793,-3.1044487953186035,-3.065451145172119,-3.0253143310546875,-2.984297752380371,-2.943148374557495,-2.9052019119262695,-2.8731398582458496,-2.844780683517456,-2.8155086040496826,-2.7824692726135254,-2.7460341453552246,-2.708193778991699,-2.6692066192626953,-2.629401683807373,-2.5889594554901123,-2.5503039360046387,-2.5110204219818115,-2.4709672927856445,-2.4310762882232666,-2.391634941101074,-2.351607322692871,-2.3117806911468506,-2.2725138664245605,-2.232306957244873,-2.192911386489868,-2.1539745330810547,-2.113246202468872,-2.0736892223358154,-2.0342280864715576,-1.9961004257202148,-1.956403136253357,-1.9164669513702393,-1.8776298761367798,-1.8373867273330688,-1.7992234230041504,-1.7580925226211548,-1.7181520462036133,-1.6805766820907593,-1.641074776649475,-1.6004027128219604,-1.561625361442566,-1.5209901332855225,-1.4815480709075928,-1.4441250562667847,-1.4054210186004639,-1.3646975755691528,-1.3235893249511719,-1.2820278406143188,-1.2407474517822266,-1.1994999647140503,-1.1635854244232178,-1.1243332624435425,-1.0821235179901123,-1.047107219696045,-1.0068976879119873,-0.9657406210899353,-0.926323413848877,-0.8864619731903076,-0.8469347953796387,-0.8112528324127197,-0.7697159051895142,-0.7360042929649353,-0.694141149520874,-0.6547617316246033,-0.6088127493858337,-0.5702525973320007,-0.5306170582771301,-0.48928210139274597,-0.45182374119758606,-0.4108622670173645,-0.36387959122657776,-0.33619630336761475,-0.2915922701358795,-0.2560199499130249,-0.2178308069705963,-0.17048749327659607,-0.12396075576543808,-0.10365961492061615,0.10429902374744415],"files":["scales.webp"]},"quats":{"files":["quats.webp"]},