{"version":2,"count":524843,"means":{"mins":[2.76184379083543,-1.0703952119255495,-1.1850155399009925],"maxs":[3.0714354575459435,3.960352538737385,2.8762839645986156],"files":["means_l.webp","means_u.webp"]},"scales":{"codebook":[-9.99871826171875,-9.964789390563965,-9.918620109558105,-9.87533187866211,-9.832398414611816,-9.789154052734375,-9.749883651733398,-9.711115837097168,-9.668279647827148,-9.624887466430664,-9.585931777954102,-9.542999267578125,-9.500375747680664,-9.460973739624023,-9.421903610229492,-9.382637977600098,-9.340287208557129,-9.296672821044922,-9.257575035095215,-9.21528148651123,-9.171961784362793,-9.132782936096191,-9.093338012695312,-9.054713249206543,-9.015191078186035,-8.97287654876709,-8.929594993591309,-8.890582084655762,-8.851482391357422,-8.808683395385742,-8.765556335449219,-8.726478576660156,-8.687420845031738,-8.648530006408691,-8.617288589477539,-8.586021423339844,-8.546771049499512,-8.50771427154541,-8.468839645385742,-8.437286376953125,-8.417915344238281,-8.39493465423584,-8.35909652709961,-8.3165283203125,-8.273453712463379,-8.234488487243652,-8.195350646972656,-8.156181335449219,-8.113347053527832,-8.07023811340332,-8.031500816345215,-7.991409778594971,-7.948994159698486,-7.906186580657959,-7.8652729988098145,-7.824230194091797,-7.7833638191223145,-7.7419304847717285,-7.701196670532227,-7.660114765167236,-7.618904113769531,-7.580106258392334,-7.538922309875488,-7.49603796005249,-7.453177452087402,-7.4121527671813965,-7.370687007904053,-7.327951908111572,-7.285001754760742,-7.245805263519287,-7.209040641784668,-7.170020580291748,-7.130882263183594,-7.089502334594727,-7.046814441680908,-7.0059099197387695,-6.966863632202148,-6.925573825836182,-6.8847808837890625,-6.843616485595703,-6.80279016494751,-6.761515140533447,-6.718609809875488,-6.675703525543213,-6.632678031921387,-6.589750289916992,-6.550784587860107,-6.513708591461182,-6.472473621368408,-6.431673049926758,-6.390462875366211,-6.349308967590332,-6.310651779174805,-6.269526958465576,-6.2263360023498535,-6.183418273925781,-6.140578269958496,-6.097465991973877,-6.058402061462402,-6.025291919708252,-5.996038913726807,-5.9648118019104,-5.929739475250244,-5.896564483642578,-5.863223075866699,-5.828143119812012,-5.794947147369385,-5.761636734008789,-5.72465705871582,-5.685677528381348,-5.644392967224121,-5.603240013122559,-5.566211700439453,-5.529368877410889,-5.488302707672119,-5.44522762298584,-5.402341842651367,-5.359111785888672,-5.316280364990234,-5.27724552154541,-5.240250587463379,-5.199145317077637,-5.1581525802612305,-5.121104717254639,-5.089882850646973,-5.062397003173828,-5.033221244812012,-4.998072624206543,-4.956941604614258,-4.914076328277588,-4.873140811920166,-4.835914611816406,-4.804759979248047,-4.779345512390137,-4.748054027557373,-4.707066535949707,-4.663954257965088,-4.6211090087890625,-4.580019950866699,-4.5429534912109375,-4.505959510803223,-4.464847564697266,-4.421895503997803,-4.380801200866699,-4.341806888580322,-4.300730228424072,-4.259920597076416,-4.220715045928955,-4.179758548736572,-4.136704921722412,-4.095705986022949,-4.056589126586914,-4.019637107849121,-3.9869494438171387,-3.9580204486846924,-3.9267842769622803,-3.889817237854004,-3.85081148147583,-3.8116455078125,-3.7743453979492188,-3.7421469688415527,-3.7140426635742188,-3.6836516857147217,-3.6513140201568604,-3.622180938720703,-3.5929758548736572,-3.5597214698791504,-3.5229387283325195,-3.4825024604797363,-3.4415082931518555,-3.400676727294922,-3.359806537628174,-3.3185629844665527,-3.2778635025024414,-3.2367262840270996,-3.1957314014434814,-3.154782772064209,-3.1134870052337646,-3.072383403778076,-3.0313901901245117,-2.991389036178589,-2.95159649848938,-2.910754919052124,-2.869175672531128,-2.8284339904785156,-2.787426471710205,-2.7463157176971436,-2.705338716506958,-2.6642017364501953,-2.623695135116577,-2.5822176933288574,-2.5411770343780518,-2.5006139278411865,-2.4592082500457764,-2.417802095413208,-2.377315044403076,-2.3358564376831055,-2.292632579803467,-2.251054525375366,-2.2069091796875,-2.163942813873291,-2.1224405765533447,-2.0814943313598633,-2.0443201065063477,-2.0068793296813965,-1.9646414518356323,-1.9246631860733032,-1.8859013319015503,-1.8448216915130615,-1.8019957542419434,-1.7612617015838623,-1.71996009349823,-1.6798657178878784,-1.6383395195007324,-1.5949203968048096,-1.554932713508606,-1.5124396085739136,-1.4717727899551392,-1.4316402673721313,-1.3935450315475464,-1.3520557880401611,-1.3086135387420654,-1.267301082611084,-1.2255010604858398,-1.1807713508605957,-1.144193172454834,-1.1022342443466187,-1.0565727949142456,-1.0146260261535645,-0.9790404438972473,-0.9431543946266174,-0.9006878733634949,-0.8587050437927246,-0.8194571733474731,-0.7769191265106201,-0.7445739507675171,-0.7047721743583679,-0.6579357385635376,-0.6146973967552185,-0.5760089159011841,-0.5304052829742432,-0.4910156726837158,-0.45003119111061096,-0.4111694097518921,-0.3687649965286255,-0.32553011178970337,-0.2868078052997589,-0.22634106874465942,-0.1911228746175766,-0.16234666109085083,-0.11263538897037506,-0.07668238878250122,-0.042753733694553375,0.17655101418495178,0.4215925931930542,0.44298166036605835],"files":["scales.webp"]},"quats":{"files":["quats.webp"]},