{"version":2,"count":526904,"means":{"mins":[2.176614115997121,-3.9096999050661023,-0.6981589740468944],"maxs":[2.950817746168964,-2.8337008332821623,2.533012007886654],"files":["means_l.webp","means_u.webp"]},"scales":{"codebook":[-9.99959945678711,-9.961812019348145,-9.9199857711792,-9.884756088256836,-9.841818809509277,-9.804289817810059,-9.772529602050781,-9.727578163146973,-9.692098617553711,-9.655069351196289,-9.620448112487793,-9.57718563079834,-9.540492057800293,-9.501327514648438,-9.463329315185547,-9.42204761505127,-9.382201194763184,-9.343436241149902,-9.306120872497559,-9.267810821533203,-9.224888801574707,-9.185346603393555,-9.152417182922363,-9.115339279174805,-9.079119682312012,-9.038155555725098,-8.99785041809082,-8.959501266479492,-8.921479225158691,-8.883010864257812,-8.843998908996582,-8.804585456848145,-8.766072273254395,-8.725188255310059,-8.692357063293457,-8.656615257263184,-8.617942810058594,-8.57763957977295,-8.539316177368164,-8.500425338745117,-8.46080207824707,-8.420660018920898,-8.382807731628418,-8.342519760131836,-8.303733825683594,-8.265158653259277,-8.226612091064453,-8.187432289123535,-8.152728080749512,-8.116691589355469,-8.078537940979004,-8.038938522338867,-7.998270511627197,-7.95888614654541,-7.9200849533081055,-7.880440711975098,-7.841916561126709,-7.8028645515441895,-7.761430263519287,-7.720360279083252,-7.683350563049316,-7.648603916168213,-7.611435413360596,-7.571989059448242,-7.533350467681885,-7.4922685623168945,-7.453375339508057,-7.417806148529053,-7.380972385406494,-7.341871738433838,-7.304800510406494,-7.26758337020874,-7.226158142089844,-7.187337875366211,-7.150767803192139,-7.109240531921387,-7.068487644195557,-7.0271477699279785,-6.986012935638428,-6.949076175689697,-6.913845539093018,-6.878534317016602,-6.8418121337890625,-6.802761077880859,-6.765683650970459,-6.7285661697387695,-6.687264919281006,-6.646294116973877,-6.608952045440674,-6.576216697692871,-6.546898365020752,-6.515493392944336,-6.48027229309082,-6.44511604309082,-6.409945487976074,-6.374942302703857,-6.33978271484375,-6.302764415740967,-6.261663436889648,-6.218566417694092,-6.175644874572754,-6.132716178894043,-6.091683387756348,-6.052792549133301,-6.015594482421875,-5.980499267578125,-5.945276737213135,-5.908222198486328,-5.869159698486328,-5.830052375793457,-5.793030261993408,-5.757814407348633,-5.722473621368408,-5.687404155731201,-5.650391101837158,-5.611112117767334,-5.572266578674316,-5.531241416931152,-5.488091468811035,-5.449073314666748,-5.413916110992432,-5.378851890563965,-5.341825008392334,-5.300662994384766,-5.261653423309326,-5.226552486419678,-5.189494609832764,-5.148262977600098,-5.109325885772705,-5.072332859039307,-5.033313274383545,-4.994028091430664,-4.956887245178223,-4.91993522644043,-4.880863666534424,-4.839796543121338,-4.798804759979248,-4.761610984802246,-4.724641799926758,-4.687615871429443,-4.650486946105957,-4.611320972442627,-4.572317123413086,-4.533238410949707,-4.494242191314697,-4.455113410949707,-4.418144226074219,-4.380937099456787,-4.341934680938721,-4.302820205688477,-4.26384973526001,-4.226684093475342,-4.195380687713623,-4.16987419128418,-4.142673015594482,-4.109569072723389,-4.072547912597656,-4.033229827880859,-3.995601177215576,-3.9580655097961426,-3.919208288192749,-3.880051851272583,-3.8418214321136475,-3.8038880825042725,-3.7648117542266846,-3.7266995906829834,-3.6886348724365234,-3.649733543395996,-3.611448287963867,-3.573357582092285,-3.5341575145721436,-3.4952354431152344,-3.457193374633789,-3.4190492630004883,-3.3801772594451904,-3.342027425765991,-3.3040099143981934,-3.2646565437316895,-3.2257306575775146,-3.1876015663146973,-3.149611711502075,-3.1106631755828857,-3.0723094940185547,-3.0344796180725098,-2.9952609539031982,-2.9573042392730713,-2.9192519187927246,-2.8798508644104004,-2.841129779815674,-2.8030762672424316,-2.764820098876953,-2.7256550788879395,-2.6879398822784424,-2.6494715213775635,-2.61086106300354,-2.5724713802337646,-2.5343379974365234,-2.4954819679260254,-2.4563710689544678,-2.417958974838257,-2.380429983139038,-2.340759038925171,-2.3030471801757812,-2.2647035121917725,-2.2262051105499268,-2.1872386932373047,-2.147895097732544,-2.109133720397949,-2.071718692779541,-2.0339393615722656,-1.9949951171875,-1.9568328857421875,-1.9186536073684692,-1.8801809549331665,-1.8423444032669067,-1.8037986755371094,-1.7648003101348877,-1.726827621459961,-1.6874548196792603,-1.6506996154785156,-1.6122418642044067,-1.5726324319839478,-1.5329567193984985,-1.4965788125991821,-1.458753228187561,-1.4203202724456787,-1.3790013790130615,-1.3424760103225708,-1.30842125415802,-1.2715094089508057,-1.2363194227218628,-1.1989256143569946,-1.1532880067825317,-1.1194705963134766,-1.0805250406265259,-1.03257155418396,-0.9921990633010864,-0.9590850472450256,-0.9234465956687927,-0.8884862065315247,-0.8461682796478271,-0.8088779449462891,-0.7642185091972351,-0.7295411229133606,-0.6841635704040527,-0.6420294642448425,-0.6179286241531372,-0.5944729447364807,-0.5465472936630249,-0.49712231755256653,-0.4606560468673706,-0.3222709596157074,-0.3180657923221588,-0.2749425172805786,-0.22981636226177216,-0.18673139810562134],"files":["scales.webp"]},"quats":{"files":["quats.webp"]},