{"version":2,"count":527151,"means":{"mins":[2.7618439715810505,-1.0703879363903217,-1.1852048288373425],"maxs":[3.135152576315306,3.9603670775072684,2.8762663398267834],"files":["means_l.webp","means_u.webp"]},"scales":{"codebook":[-9.998200416564941,-9.962788581848145,-9.915674209594727,-9.875494956970215,-9.832392692565918,-9.789240837097168,-9.750298500061035,-9.707149505615234,-9.664103507995605,-9.624876976013184,-9.585840225219727,-9.543059349060059,-9.500116348266602,-9.460631370544434,-9.41801643371582,-9.375038146972656,-9.336230278015137,-9.29308795928955,-9.249832153320312,-9.20710277557373,-9.16409969329834,-9.12486457824707,-9.082103729248047,-9.038800239562988,-8.99986457824707,-8.960843086242676,-8.91821002960205,-8.87490463256836,-8.835498809814453,-8.793277740478516,-8.74976634979248,-8.710854530334473,-8.671964645385742,-8.629050254821777,-8.58609676361084,-8.543024063110352,-8.496479988098145,-8.453242301940918,-8.414012908935547,-8.371169090270996,-8.327947616577148,-8.289140701293945,-8.249829292297363,-8.211075782775879,-8.171680450439453,-8.129020690917969,-8.085836410522461,-8.046608924865723,-8.006543159484863,-7.964968204498291,-7.922084808349609,-7.880868434906006,-7.839573383331299,-7.796767234802246,-7.753625869750977,-7.710880279541016,-7.669811725616455,-7.630861759185791,-7.5900774002075195,-7.548883438110352,-7.5080695152282715,-7.464609622955322,-7.423854827880859,-7.382715225219727,-7.339330673217773,-7.299069881439209,-7.25765323638916,-7.214794158935547,-7.171506404876709,-7.131086826324463,-7.0918450355529785,-7.054542064666748,-7.021877765655518,-6.986324787139893,-6.947307109832764,-6.910131931304932,-6.873112201690674,-6.835992813110352,-6.798925876617432,-6.757544994354248,-6.714794635772705,-6.671518802642822,-6.628772258758545,-6.585762977600098,-6.542905807495117,-6.499859809875488,-6.460766792297363,-6.423829555511475,-6.382591247558594,-6.339865207672119,-6.298935890197754,-6.257753372192383,-6.214850425720215,-6.1737494468688965,-6.134837627410889,-6.095853328704834,-6.054366111755371,-6.011498928070068,-5.968545913696289,-5.925442695617676,-5.8824896812438965,-5.839735984802246,-5.7965874671936035,-5.7557220458984375,-5.716853141784668,-5.675729751586914,-5.634545803070068,-5.595845699310303,-5.554714202880859,-5.511645793914795,-5.468739032745361,-5.42559289932251,-5.382684707641602,-5.339770793914795,-5.296809673309326,-5.255903244018555,-5.21475076675415,-5.171778678894043,-5.12885856628418,-5.08786678314209,-5.0506391525268555,-5.013708591461182,-4.976627826690674,-4.945225715637207,-4.914154052734375,-4.878894329071045,-4.843689918518066,-4.806690216064453,-4.765503883361816,-4.722557544708252,-4.679647922515869,-4.638545513153076,-4.5996503829956055,-4.560599327087402,-4.5253777503967285,-4.498053073883057,-4.468818664550781,-4.431641578674316,-4.390667915344238,-4.349565029144287,-4.310701847076416,-4.269589424133301,-4.226670742034912,-4.185606479644775,-4.1445088386535645,-4.107316493988037,-4.080150127410889,-4.050876140594482,-4.014134883880615,-3.9744713306427,-3.933586835861206,-3.893632173538208,-3.853498935699463,-3.8125133514404297,-3.7715113162994385,-3.7324752807617188,-3.698199987411499,-3.6690456867218018,-3.637713670730591,-3.6016225814819336,-3.5655107498168945,-3.531376600265503,-3.4990620613098145,-3.4668102264404297,-3.432628631591797,-3.395698308944702,-3.3555450439453125,-3.313603639602661,-3.2718698978424072,-3.2309584617614746,-3.1899302005767822,-3.147688865661621,-3.1058857440948486,-3.0645856857299805,-3.0239503383636475,-2.9816770553588867,-2.9397132396698,-2.8988022804260254,-2.857616662979126,-2.815851926803589,-2.773404836654663,-2.7324635982513428,-2.6906778812408447,-2.6484146118164062,-2.607787847518921,-2.5667755603790283,-2.5245344638824463,-2.4823660850524902,-2.4416048526763916,-2.4007580280303955,-2.3586184978485107,-2.316913366317749,-2.274571180343628,-2.231255054473877,-2.1892616748809814,-2.147956371307373,-2.106698751449585,-2.0665814876556396,-2.031611680984497,-2.003187656402588,-1.9557396173477173,-1.9084995985031128,-1.864229679107666,-1.820186972618103,-1.775038480758667,-1.7322064638137817,-1.6930819749832153,-1.6536744832992554,-1.6127169132232666,-1.5680347681045532,-1.5249018669128418,-1.4839071035385132,-1.4441739320755005,-1.404261589050293,-1.3612289428710938,-1.3179960250854492,-1.2801246643066406,-1.2379941940307617,-1.1920599937438965,-1.151748538017273,-1.1225417852401733,-1.0803831815719604,-1.0287193059921265,-0.9864916801452637,-0.9477561712265015,-0.9015050530433655,-0.8613089323043823,-0.8211336731910706,-0.7778560519218445,-0.7422700524330139,-0.6994672417640686,-0.6574496626853943,-0.6128650903701782,-0.5732985734939575,-0.531512975692749,-0.468239426612854,-0.4259832501411438,-0.39491331577301025,-0.3603006899356842,-0.32597044110298157,-0.27681371569633484,-0.24132587015628815,-0.18983934819698334,-0.15234170854091644,-0.11300639063119888,-0.08656471222639084,-0.035373955965042114,0.03265945613384247,0.05885662883520126,0.08254516124725342,0.11411590874195099,0.27167510986328125,0.45443806052207947,0.5069196224212646,0.5588392019271851,0.5898507833480835],"files":["scales.webp"]},"quats":{"files":["quats.webp"]},