{"version":2,"count":531285,"means":{"mins":[-2.1786326470822455,-1.2181929731288696,-1.2641101481615205],"maxs":[2.176609356486537,4.215323778592067,2.838237895372214],"files":["means_l.webp","means_u.webp"]},"scales":{"codebook":[-9.99808120727539,-9.967809677124023,-9.938446044921875,-9.90760326385498,-9.86745834350586,-9.824552536010742,-9.7775239944458,-9.731075286865234,-9.687650680541992,-9.6481294631958,-9.605560302734375,-9.558943748474121,-9.512092590332031,-9.465226173400879,-9.42194938659668,-9.379166603088379,-9.335792541503906,-9.296669960021973,-9.254034042358398,-9.20720386505127,-9.163846969604492,-9.121289253234863,-9.07836627960205,-9.035432815551758,-8.988385200500488,-8.9415922164917,-8.898152351379395,-8.855918884277344,-8.80868148803711,-8.765525817871094,-8.72615909576416,-8.695472717285156,-8.672183990478516,-8.640840530395508,-8.597744941711426,-8.550765037536621,-8.50763988494873,-8.464954376220703,-8.418058395385742,-8.37507152557373,-8.332206726074219,-8.289010047912598,-8.246225357055664,-8.203227043151855,-8.168130874633789,-8.141021728515625,-8.10920524597168,-8.066442489624023,-8.023480415344238,-7.981235027313232,-7.937247276306152,-7.894194602966309,-7.851302146911621,-7.808627605438232,-7.765628814697266,-7.7209672927856445,-7.675670623779297,-7.632691860198975,-7.588042736053467,-7.542962074279785,-7.49985408782959,-7.456672668457031,-7.413797378540039,-7.370920658111572,-7.327911376953125,-7.285210132598877,-7.242101669311523,-7.19932222366333,-7.161949634552002,-7.134665012359619,-7.109136581420898,-7.080118656158447,-7.044734954833984,-7.007534980773926,-6.9708943367004395,-6.929487228393555,-6.88651180267334,-6.843550682067871,-6.800604343414307,-6.757530212402344,-6.714878559112549,-6.669987678527832,-6.624868869781494,-6.581992149353027,-6.539099216461182,-6.496220111846924,-6.453213214874268,-6.408260345458984,-6.362908363342285,-6.320089340209961,-6.279036045074463,-6.244106769561768,-6.212954044342041,-6.175452709197998,-6.1327595710754395,-6.089560508728027,-6.046865940093994,-6.003655910491943,-5.962606906890869,-5.921736240386963,-5.878767967224121,-5.835796356201172,-5.792675495147705,-5.749737739562988,-5.708650588989258,-5.671832084655762,-5.640439033508301,-5.609315395355225,-5.572386741638184,-5.5294365882873535,-5.48444128036499,-5.441341400146484,-5.398248672485352,-5.357501983642578,-5.320448875427246,-5.289011478424072,-5.26365852355957,-5.244141578674316,-5.22248649597168,-5.195192813873291,-5.166034698486328,-5.132736682891846,-5.099571228027344,-5.070271968841553,-5.0391364097595215,-5.0020222663879395,-4.960961818695068,-4.917929649353027,-4.874946117401123,-4.830273628234863,-4.785273551940918,-4.7421793937683105,-4.705063819885254,-4.675909996032715,-4.6443939208984375,-4.607438564300537,-4.566435813903809,-4.5233330726623535,-4.480567455291748,-4.4376678466796875,-4.394359111785889,-4.351624965667725,-4.30664587020874,-4.261845111846924,-4.218832015991211,-4.175708770751953,-4.130975723266602,-4.0858941078186035,-4.042815208435059,-3.9996793270111084,-3.9561150074005127,-3.9121439456939697,-3.868269443511963,-3.825317859649658,-3.7814126014709473,-3.737323760986328,-3.6933610439300537,-3.649648427963257,-3.6064765453338623,-3.562605619430542,-3.51849365234375,-3.4777259826660156,-3.439603090286255,-3.4044032096862793,-3.3701694011688232,-3.3341875076293945,-3.296144723892212,-3.2549054622650146,-3.211920738220215,-3.1682658195495605,-3.1241421699523926,-3.0803463459014893,-3.0364174842834473,-2.9921717643737793,-2.948415517807007,-2.904266834259033,-2.860738515853882,-2.81768798828125,-2.7747750282287598,-2.7308974266052246,-2.6866884231567383,-2.643127918243408,-2.5986690521240234,-2.555054187774658,-2.5109846591949463,-2.467803955078125,-2.423978090286255,-2.3799099922180176,-2.336517095565796,-2.290686845779419,-2.2473032474517822,-2.2045304775238037,-2.161201238632202,-2.116565704345703,-2.074953317642212,-2.037879467010498,-2.0052719116210938,-1.972728967666626,-1.9374855756759644,-1.8972095251083374,-1.8556591272354126,-1.8115333318710327,-1.767932653427124,-1.7266391515731812,-1.681782841682434,-1.6380088329315186,-1.5930442810058594,-1.5482723712921143,-1.506592869758606,-1.4640309810638428,-1.4193223714828491,-1.374472737312317,-1.328207015991211,-1.283984899520874,-1.243091344833374,-1.1971988677978516,-1.1522070169448853,-1.1098666191101074,-1.0643463134765625,-1.0187568664550781,-0.9780770540237427,-0.9369810819625854,-0.8946565389633179,-0.8503772020339966,-0.8027986884117126,-0.7551391124725342,-0.7123991847038269,-0.6742661595344543,-0.6288588047027588,-0.5808579921722412,-0.5435361862182617,-0.497051477432251,-0.45495936274528503,-0.4066179096698761,-0.36494627594947815,-0.3187626004219055,-0.27595406770706177,-0.2360449582338333,-0.18720142543315887,-0.15504737198352814,-0.11339059472084045,-0.07575391232967377,-0.03149425983428955,0.03327570855617523,0.06838644295930862,0.09663157165050507,0.15855783224105835,0.2147369384765625,0.25833800435066223,0.30268019437789917,0.35112258791923523,0.3910446763038635,0.4428401589393616,0.7296808362007141,0.7991043925285339,1.1666752099990845],"files":["scales.webp"]},"quats":{"files":["quats.webp"]},