{"version":2,"count":533580,"means":{"mins":[2.176614819104719,-0.8560586190088155,-0.4919775492460898],"maxs":[2.7618428268582336,2.961476813203314,2.9618582793978097],"files":["means_l.webp","means_u.webp"]},"scales":{"codebook":[-9.99827766418457,-9.965422630310059,-9.92074966430664,-9.875713348388672,-9.836392402648926,-9.796895027160645,-9.754227638244629,-9.711163520812988,-9.671935081481934,-9.629109382629395,-9.586099624633789,-9.547030448913574,-9.508337020874023,-9.46505355834961,-9.421924591064453,-9.382709503173828,-9.343768119812012,-9.301474571228027,-9.257662773132324,-9.218318939208984,-9.179666519165039,-9.140687942504883,-9.097771644592285,-9.054948806762695,-9.015676498413086,-8.97287368774414,-8.92958927154541,-8.890656471252441,-8.851517677307129,-8.812267303466797,-8.773541450500488,-8.730535507202148,-8.687457084655762,-8.648320198059082,-8.605631828308105,-8.562403678894043,-8.523738861083984,-8.484159469604492,-8.445281982421875,-8.402365684509277,-8.363099098205566,-8.339740753173828,-8.316507339477539,-8.277463912963867,-8.234256744384766,-8.19519329071045,-8.15615177154541,-8.116883277893066,-8.074381828308105,-8.031573295593262,-7.990962982177734,-7.951596260070801,-7.910332679748535,-7.8691487312316895,-7.828433036804199,-7.787164688110352,-7.74636173248291,-7.702907562255859,-7.662110328674316,-7.620998859405518,-7.580373764038086,-7.539024353027344,-7.495880126953125,-7.4566650390625,-7.420197486877441,-7.378942966461182,-7.338083267211914,-7.2964348793029785,-7.253890037536621,-7.212930202484131,-7.171609878540039,-7.12867546081543,-7.087971210479736,-7.049009799957275,-7.009583950042725,-6.976283073425293,-6.947691440582275,-6.911791801452637,-6.874604225158691,-6.837911605834961,-6.7989935874938965,-6.759475231170654,-6.720860481262207,-6.679435729980469,-6.638911724090576,-6.597491264343262,-6.554651260375977,-6.511715412139893,-6.468613147735596,-6.425804138183594,-6.385004997253418,-6.343658924102783,-6.3045268058776855,-6.267627239227295,-6.228428840637207,-6.189565658569336,-6.148162841796875,-6.107210159301758,-6.0683979988098145,-6.027291774749756,-5.990065574645996,-5.960780620574951,-5.927823543548584,-5.890689373016357,-5.853529453277588,-5.814340114593506,-5.775442600250244,-5.7340545654296875,-5.6912007331848145,-5.648265838623047,-5.607272148132324,-5.570254325866699,-5.534931182861328,-5.503872394561768,-5.472614765167236,-5.435558795928955,-5.3945631980896,-5.3553056716918945,-5.320230960845947,-5.284974098205566,-5.251770496368408,-5.224469184875488,-5.203089714050293,-5.181648254394531,-5.15218448638916,-5.117054462432861,-5.081850528717041,-5.044954776763916,-5.003749847412109,-4.960855960845947,-4.919926643371582,-4.878870010375977,-4.839794158935547,-4.810430526733398,-4.785116672515869,-4.755873680114746,-4.724579811096191,-4.695290565490723,-4.665952205657959,-4.63682746887207,-4.609353542327881,-4.580137252807617,-4.546877861022949,-4.50984001159668,-4.468822479248047,-4.427792072296143,-4.386715412139893,-4.345820903778076,-4.306766033172607,-4.265493869781494,-4.224750518798828,-4.18371057510376,-4.142681121826172,-4.101637840270996,-4.06059455871582,-4.020077705383301,-3.9796195030212402,-3.939617156982422,-3.898427963256836,-3.8575685024261475,-3.816572666168213,-3.7755510807037354,-3.73447322845459,-3.6935625076293945,-3.6525275707244873,-3.6134655475616455,-3.5772900581359863,-3.5439157485961914,-3.5136992931365967,-3.4816014766693115,-3.4444591999053955,-3.406245708465576,-3.371537446975708,-3.3388869762420654,-3.308743715286255,-3.2767162322998047,-3.240427255630493,-3.202237367630005,-3.16239595413208,-3.1212165355682373,-3.080538272857666,-3.0392251014709473,-2.998689889907837,-2.957226037979126,-2.91630220413208,-2.8754053115844727,-2.8343334197998047,-2.793567657470703,-2.752338409423828,-2.7112395763397217,-2.670243740081787,-2.6293864250183105,-2.5880141258239746,-2.5471458435058594,-2.505849599838257,-2.465359687805176,-2.423841714859009,-2.383082866668701,-2.3422117233276367,-2.3008933067321777,-2.2588067054748535,-2.214940071105957,-2.1702308654785156,-2.1279308795928955,-2.0834126472473145,-2.0436317920684814,-2.007707118988037,-1.9736601114273071,-1.9332395792007446,-1.8910928964614868,-1.854958415031433,-1.81890869140625,-1.7712892293930054,-1.73111891746521,-1.6869771480560303,-1.6446608304977417,-1.605238437652588,-1.56112802028656,-1.5255039930343628,-1.4815864562988281,-1.4475058317184448,-1.3992522954940796,-1.3603070974349976,-1.302268147468567,-1.2700104713439941,-1.2316842079162598,-1.2002571821212769,-1.1039422750473022,-1.0828174352645874,-1.0241591930389404,-0.9992091059684753,-0.9607138633728027,-0.918639063835144,-0.8598952889442444,-0.8221759796142578,-0.7817020416259766,-0.7465311884880066,-0.7111338376998901,-0.6571980714797974,-0.6234847903251648,-0.5755132436752319,-0.5380855202674866,-0.5026388764381409,-0.4541644752025604,-0.4043974280357361,-0.36257490515708923,-0.3155454397201538,-0.301794171333313,-0.2489061802625656,-0.16780535876750946,-0.13066473603248596,-0.05449429899454117,0.05342477932572365,0.14118875563144684,0.3328615128993988,0.44235312938690186],"files":["scales.webp"]},"quats":{"files":["quats.webp"]},