{"version":2,"count":589020,"means":{"mins":[-0.9611429243038608,-1.2182028452733167,-0.9466833458787496],"maxs":[2.176605570496033,2.228871409436061,0.8839131737593177],"files":["means_l.webp","means_u.webp"]},"scales":{"codebook":[-9.998346328735352,-9.968144416809082,-9.931058883666992,-9.894577980041504,-9.859350204467773,-9.824101448059082,-9.793306350708008,-9.761906623840332,-9.726161003112793,-9.691429138183594,-9.656357765197754,-9.621335983276367,-9.589900016784668,-9.55466079711914,-9.519820213317871,-9.488470077514648,-9.453052520751953,-9.418331146240234,-9.386794090270996,-9.351598739624023,-9.316771507263184,-9.281180381774902,-9.246159553527832,-9.215033531188965,-9.179553985595703,-9.144787788391113,-9.1090726852417,-9.070313453674316,-9.035543441772461,-9.003754615783691,-8.97284984588623,-8.937593460083008,-8.898402214050293,-8.867070198059082,-8.839922904968262,-8.804452896118164,-8.765782356262207,-8.734142303466797,-8.70716381072998,-8.671682357788086,-8.632230758666992,-8.597752571105957,-8.566431045532227,-8.535163879394531,-8.499728202819824,-8.464852333068848,-8.429498672485352,-8.390762329101562,-8.355525016784668,-8.3200101852417,-8.285052299499512,-8.25391674041748,-8.22269058227539,-8.187395095825195,-8.148366928100586,-8.113357543945312,-8.081978797912598,-8.050804138183594,-8.019391059875488,-7.9872260093688965,-7.955183982849121,-7.923932075500488,-7.890121936798096,-7.855701923370361,-7.8201751708984375,-7.789031505584717,-7.761684417724609,-7.7343926429748535,-7.707064628601074,-7.6777753829956055,-7.644416332244873,-7.61126184463501,-7.580132007598877,-7.546546936035156,-7.513576984405518,-7.482528209686279,-7.4492034912109375,-7.4140400886535645,-7.379060745239258,-7.345776081085205,-7.312678337097168,-7.277239799499512,-7.2444915771484375,-7.2109761238098145,-7.1754913330078125,-7.140565872192383,-7.105313777923584,-7.070143222808838,-7.037190914154053,-7.003737449645996,-6.970785617828369,-6.937053203582764,-6.904386520385742,-6.871030330657959,-6.835964679718018,-6.800631999969482,-6.765471935272217,-6.730362415313721,-6.695082664489746,-6.661986351013184,-6.630920886993408,-6.5974555015563965,-6.562692165374756,-6.531208038330078,-6.505909442901611,-6.476426601409912,-6.4433698654174805,-6.413980007171631,-6.386728763580322,-6.357479572296143,-6.3241400718688965,-6.289096832275391,-6.2537841796875,-6.220466136932373,-6.1894707679748535,-6.156203746795654,-6.121048927307129,-6.0916900634765625,-6.068477630615234,-6.038870811462402,-6.007876396179199,-5.980469703674316,-5.951249599456787,-5.91804838180542,-5.882742881774902,-5.847394943237305,-5.814625263214111,-5.781238079071045,-5.7459716796875,-5.710806369781494,-5.681528091430664,-5.660119533538818,-5.636664867401123,-5.607491493225098,-5.5762505531311035,-5.542990207672119,-5.507786273956299,-5.472540855407715,-5.437394142150879,-5.406212329864502,-5.378965377807617,-5.3534979820251465,-5.326192855834961,-5.296782493591309,-5.267668724060059,-5.2363505363464355,-5.202982425689697,-5.167895317077637,-5.1348876953125,-5.101674556732178,-5.066415786743164,-5.035186767578125,-5.011718273162842,-4.990324020385742,-4.9667067527771,-4.945324897766113,-4.921994209289551,-4.892593860626221,-4.86136531829834,-4.828191757202148,-4.792954921722412,-4.761701583862305,-4.736444473266602,-4.714843273162842,-4.6894612312316895,-4.658263683319092,-4.625058650970459,-4.589947700500488,-4.556876182556152,-4.523557186126709,-4.488343715667725,-4.453207015991211,-4.417912006378174,-4.382787704467773,-4.351579666137695,-4.328158378601074,-4.310611724853516,-4.293006420135498,-4.271529197692871,-4.244233131408691,-4.212973117828369,-4.179605007171631,-4.146580696105957,-4.113323211669922,-4.0780863761901855,-4.0450029373168945,-4.012303352355957,-3.9786977767944336,-3.9443957805633545,-3.9101216793060303,-3.8760993480682373,-3.841790199279785,-3.808894634246826,-3.7747340202331543,-3.7403740882873535,-3.7061703205108643,-3.671983480453491,-3.638598680496216,-3.604532480239868,-3.5692789554595947,-3.534971237182617,-3.5019688606262207,-3.4678258895874023,-3.433734893798828,-3.400291681289673,-3.3665120601654053,-3.3318843841552734,-3.298103094100952,-3.264000654220581,-3.2305498123168945,-3.1968770027160645,-3.1624159812927246,-3.1281309127807617,-3.093945026397705,-3.060147762298584,-3.0255918502807617,-2.992352247238159,-2.958225727081299,-2.9243462085723877,-2.8898260593414307,-2.8556711673736572,-2.82163405418396,-2.7867214679718018,-2.754406690597534,-2.7201602458953857,-2.6847195625305176,-2.650501251220703,-2.617549419403076,-2.583238363265991,-2.548797607421875,-2.5157363414764404,-2.4821410179138184,-2.4466748237609863,-2.4120380878448486,-2.3782806396484375,-2.345769166946411,-2.312546730041504,-2.275615930557251,-2.238112688064575,-2.2057995796203613,-2.173353910446167,-2.140836477279663,-2.1066741943359375,-2.073568344116211,-2.038254737854004,-2.007368564605713,-1.9731370210647583,-1.9380584955215454,-1.9059925079345703,-1.8680435419082642,-1.8415796756744385,-1.8050369024276733,-1.7676770687103271,-1.7425189018249512,-1.4566469192504883,-1.3252712488174438],"files":["scales.webp"]},"quats":{"files":["quats.webp"]},