{"version":2,"count":537195,"means":{"mins":[2.176617577445136,-1.0704009750928491,-1.1847447003941982],"maxs":[2.9646676240812484,4.013834307097291,2.664119540656514],"files":["means_l.webp","means_u.webp"]},"scales":{"codebook":[-9.99846076965332,-9.960854530334473,-9.910167694091797,-9.86732292175293,-9.827877044677734,-9.785605430603027,-9.741795539855957,-9.699281692504883,-9.656045913696289,-9.616927146911621,-9.574482917785645,-9.523370742797852,-9.476456642150879,-9.437481880187988,-9.398475646972656,-9.359103202819824,-9.316424369812012,-9.269330024719238,-9.226227760314941,-9.187067031860352,-9.144573211669922,-9.101425170898438,-9.06234359741211,-9.019794464111328,-8.976569175720215,-8.941976547241211,-8.913976669311523,-8.890486717224121,-8.866910934448242,-8.83991527557373,-8.800875663757324,-8.754122734069824,-8.711045265197754,-8.671904563903809,-8.632587432861328,-8.593451499938965,-8.554328918457031,-8.511881828308105,-8.464813232421875,-8.421502113342285,-8.382893562316895,-8.343952178955078,-8.30116081237793,-8.254026412963867,-8.210930824279785,-8.16804313659668,-8.124958992004395,-8.085762023925781,-8.046960830688477,-8.004868507385254,-7.960728645324707,-7.917942047119141,-7.8749823570251465,-7.831755638122559,-7.788911819458008,-7.745954513549805,-7.703083515167236,-7.662176132202148,-7.621216297149658,-7.577988624572754,-7.535197734832764,-7.491947650909424,-7.449042320251465,-7.408432960510254,-7.367226600646973,-7.324118614196777,-7.281093120574951,-7.238417625427246,-7.195534706115723,-7.1543378829956055,-7.113124370574951,-7.070197105407715,-7.027419090270996,-6.98444938659668,-6.941313743591309,-6.898397922515869,-6.855314254760742,-6.814466953277588,-6.773223876953125,-6.730196952819824,-6.687337398529053,-6.644383907318115,-6.601292610168457,-6.558621883392334,-6.515404224395752,-6.472512245178223,-6.429670333862305,-6.388786315917969,-6.347290992736816,-6.304489612579346,-6.261481761932373,-6.2186279296875,-6.1777448654174805,-6.136663913726807,-6.093573570251465,-6.050655364990234,-6.0078325271606445,-5.964665412902832,-5.921755790710449,-5.8787455558776855,-5.839807510375977,-5.8085222244262695,-5.777085304260254,-5.740348815917969,-5.6990437507629395,-5.656121730804443,-5.613147258758545,-5.572269439697266,-5.533214092254639,-5.492129802703857,-5.451204299926758,-5.41217041015625,-5.370999336242676,-5.327925205230713,-5.284994602203369,-5.242190837860107,-5.199164867401123,-5.158205032348633,-5.117201328277588,-5.074090957641602,-5.03109073638916,-4.988220691680908,-4.945484161376953,-4.902475357055664,-4.8593597412109375,-4.818386077880859,-4.777364253997803,-4.734396934509277,-4.691562175750732,-4.648561954498291,-4.605428695678711,-4.562495231628418,-4.52158260345459,-4.4805192947387695,-4.4375081062316895,-4.394599437713623,-4.351776123046875,-4.308779239654541,-4.265838623046875,-4.222842693328857,-4.181801795959473,-4.140885829925537,-4.09783935546875,-4.054922103881836,-4.011476516723633,-3.969062089920044,-3.927828788757324,-3.888775587081909,-3.852393865585327,-3.8205690383911133,-3.7881264686584473,-3.7509851455688477,-3.7121245861053467,-3.670991897583008,-3.62894868850708,-3.587028741836548,-3.5441157817840576,-3.5012190341949463,-3.4583284854888916,-3.415956497192383,-3.374086380004883,-3.331209421157837,-3.289276123046875,-3.2471816539764404,-3.2041046619415283,-3.1608715057373047,-3.119389533996582,-3.077411651611328,-3.0346639156341553,-2.9923171997070312,-2.950361728668213,-2.9070093631744385,-2.8642823696136475,-2.8220250606536865,-2.7809672355651855,-2.7375359535217285,-2.6949946880340576,-2.6515955924987793,-2.6093533039093018,-2.567819595336914,-2.524311065673828,-2.482971668243408,-2.4406778812408447,-2.3972127437591553,-2.3548779487609863,-2.3128674030303955,-2.2706685066223145,-2.2279138565063477,-2.1847128868103027,-2.141227960586548,-2.099207639694214,-2.058466911315918,-2.0143725872039795,-1.9817020893096924,-1.9481334686279297,-1.9150019884109497,-1.8787555694580078,-1.8406933546066284,-1.800377607345581,-1.757719874382019,-1.7174690961837769,-1.6757370233535767,-1.6340744495391846,-1.589566946029663,-1.5479698181152344,-1.506207823753357,-1.4641033411026,-1.422625184059143,-1.379770040512085,-1.3344396352767944,-1.2918256521224976,-1.2500437498092651,-1.2069052457809448,-1.1675899028778076,-1.1270818710327148,-1.082137107849121,-1.0365391969680786,-0.9988315105438232,-0.9653129577636719,-0.9178356528282166,-0.872762143611908,-0.8262683153152466,-0.7854593396186829,-0.7400845289230347,-0.6972697973251343,-0.6578146815299988,-0.6162240505218506,-0.5703209638595581,-0.5268037915229797,-0.48820289969444275,-0.44830867648124695,-0.4028075337409973,-0.3598393499851227,-0.319856196641922,-0.2725544273853302,-0.23613595962524414,-0.1766880750656128,-0.13682490587234497,-0.09923596680164337,-0.055736999958753586,-0.026183342561125755,0.016035927459597588,0.05612922087311745,0.09834760427474976,0.15454261004924774,0.1952258050441742,0.23013459146022797,0.2885787785053253,0.3154515326023102,0.3542271852493286,0.40229982137680054,0.4266531765460968,0.4938892424106598,0.5548444390296936,0.5857110023498535,0.8294703960418701],"files":["scales.webp"]},"quats":{"files":["quats.webp"]},