{"version":2,"count":581530,"means":{"mins":[2.76184379083543,-1.070374979266731,-0.4856213332617816],"maxs":[2.9646669354456296,2.6641588021328695,3.0434792098311134],"files":["means_l.webp","means_u.webp"]},"scales":{"codebook":[-9.998697280883789,-9.965775489807129,-9.919424057006836,-9.8751802444458,-9.836119651794434,-9.796998023986816,-9.75809097290039,-9.71517276763916,-9.671772956848145,-9.632643699645996,-9.594064712524414,-9.554560661315918,-9.511737823486328,-9.468452453613281,-9.429648399353027,-9.390189170837402,-9.35140609741211,-9.308609962463379,-9.265677452087402,-9.226616859436035,-9.187309265136719,-9.148036003112793,-9.10923957824707,-9.07401180267334,-9.046676635742188,-9.015718460083008,-8.98050308227539,-8.945493698120117,-8.906282424926758,-8.863423347473145,-8.820212364196777,-8.78113079071045,-8.741936683654785,-8.703186988830566,-8.660368919372559,-8.617209434509277,-8.581756591796875,-8.5546293258667,-8.527395248413086,-8.492073059082031,-8.453187942504883,-8.413707733154297,-8.37509822845459,-8.335987091064453,-8.29699993133545,-8.254104614257812,-8.206843376159668,-8.163775444030762,-8.124895095825195,-8.085785865783691,-8.046761512756348,-8.006536483764648,-7.96500825881958,-7.923941612243652,-7.8824052810668945,-7.839325904846191,-7.7986040115356445,-7.761437892913818,-7.724693298339844,-7.683252334594727,-7.644807815551758,-7.615131378173828,-7.587967872619629,-7.554531574249268,-7.519769668579102,-7.482533931732178,-7.440903186798096,-7.40041446685791,-7.361453533172607,-7.320250511169434,-7.279431343078613,-7.240321636199951,-7.199089527130127,-7.156063079833984,-7.113062381744385,-7.070219039916992,-7.029240608215332,-6.992102146148682,-6.955188274383545,-6.914259910583496,-6.870893955230713,-6.828142166137695,-6.78504753112793,-6.744043827056885,-6.706804275512695,-6.670062065124512,-6.628629207611084,-6.5877814292907715,-6.552560329437256,-6.523514747619629,-6.4919047355651855,-6.456836700439453,-6.421696662902832,-6.38484525680542,-6.343510627746582,-6.300536632537842,-6.257486343383789,-6.214695453643799,-6.171804428100586,-6.132645130157471,-6.0975542068481445,-6.060557842254639,-6.023375988006592,-5.99216890335083,-5.962917327880859,-5.929623603820801,-5.896506309509277,-5.865174770355225,-5.835899829864502,-5.804513454437256,-5.769495964050293,-5.7342448234558105,-5.697302341461182,-5.656252861022949,-5.619082450866699,-5.591833591461182,-5.5683207511901855,-5.546813011169434,-5.521537780761719,-5.49017333984375,-5.4609599113464355,-5.433589935302734,-5.4022979736328125,-5.367076873779297,-5.330121040344238,-5.28902530670166,-5.250207424163818,-5.21884298324585,-5.195372104644775,-5.169968605041504,-5.140529632568359,-5.1152729988098145,-5.089839458465576,-5.06635856628418,-5.048796653747559,-5.035188674926758,-5.019516468048096,-4.996022701263428,-4.966944217681885,-4.937524795532227,-4.9140496253967285,-4.8926920890808105,-4.867190837860107,-4.835996627807617,-4.802915573120117,-4.771489143371582,-4.744117736816406,-4.718751907348633,-4.691447734832764,-4.66597318649292,-4.638810634613037,-4.609411716461182,-4.5839409828186035,-4.5605316162109375,-4.539018154144287,-4.515751361846924,-4.488257884979248,-4.462896823883057,-4.433796405792236,-4.396605014801025,-4.3576836585998535,-4.3184404373168945,-4.277322769165039,-4.23639440536499,-4.195342540740967,-4.154350757598877,-4.115253448486328,-4.074457168579102,-4.033174991607666,-3.996487617492676,-3.964907169342041,-3.9355976581573486,-3.904230833053589,-3.8722493648529053,-3.842667579650879,-3.8175365924835205,-3.7929587364196777,-3.7654261589050293,-3.7354178428649902,-3.7024006843566895,-3.6660094261169434,-3.6279892921447754,-3.587761402130127,-3.5470807552337646,-3.5061216354370117,-3.4658238887786865,-3.4277496337890625,-3.3926236629486084,-3.3596043586730957,-3.328336477279663,-3.296060562133789,-3.2597384452819824,-3.2217960357666016,-3.182032585144043,-3.140856981277466,-3.1012496948242188,-3.060635805130005,-3.0197818279266357,-2.9788999557495117,-2.938788652420044,-2.9003546237945557,-2.865394115447998,-2.833277940750122,-2.803006887435913,-2.7721500396728516,-2.738722085952759,-2.707062005996704,-2.677027702331543,-2.642489194869995,-2.606788158416748,-2.569993019104004,-2.5325467586517334,-2.492633819580078,-2.4511330127716064,-2.410822629928589,-2.3702683448791504,-2.3309504985809326,-2.2890424728393555,-2.2486374378204346,-2.207897424697876,-2.1677420139312744,-2.1329691410064697,-2.100956678390503,-2.069340467453003,-2.0363378524780273,-2.0057356357574463,-1.9827083349227905,-1.9334595203399658,-1.8832284212112427,-1.8461054563522339,-1.7994496822357178,-1.7666420936584473,-1.7169616222381592,-1.680134892463684,-1.6339150667190552,-1.5876069068908691,-1.556519865989685,-1.5093940496444702,-1.4884984493255615,-1.433964490890503,-1.4130465984344482,-1.3570239543914795,-1.3221040964126587,-1.2570092678070068,-1.2267334461212158,-1.188460350036621,-1.074338436126709,-1.0372300148010254,-1.0040110349655151,-0.8502860069274902,-0.33219507336616516,-0.3178604245185852,-0.12145520001649857,-0.036238014698028564,0.2790188789367676,0.3485827147960663],"files":["scales.webp"]},"quats":{"files":["quats.webp"]},