{"version":2,"count":604608,"means":{"mins":[2.1766141700823387,-1.0704007707257823,-0.3387754772151095],"maxs":[2.7618434895926556,2.854390438098575,2.9630972868420256],"files":["means_l.webp","means_u.webp"]},"scales":{"codebook":[-9.999011993408203,-9.967813491821289,-9.931246757507324,-9.898697853088379,-9.871288299560547,-9.836125373840332,-9.79686450958252,-9.754246711730957,-9.71080207824707,-9.671634674072266,-9.632828712463379,-9.593924522399902,-9.550982475280762,-9.50790786743164,-9.468729972839355,-9.429521560668945,-9.390496253967285,-9.347951889038086,-9.304967880249023,-9.265542984008789,-9.226753234863281,-9.187875747680664,-9.14476203918457,-9.101832389831543,-9.062458038330078,-9.01974105834961,-8.976472854614258,-8.937539100646973,-8.898231506347656,-8.859089851379395,-8.816483497619629,-8.773184776306152,-8.73423957824707,-8.695284843444824,-8.656373977661133,-8.620878219604492,-8.593701362609863,-8.562582969665527,-8.527535438537598,-8.492377281188965,-8.45298957824707,-8.410213470458984,-8.36698055267334,-8.324480056762695,-8.280975341796875,-8.242021560668945,-8.2026948928833,-8.164304733276367,-8.12491226196289,-8.085747718811035,-8.04709529876709,-8.006879806518555,-7.964737892150879,-7.921565055847168,-7.878677845001221,-7.835921764373779,-7.79300594329834,-7.7539544105529785,-7.717078685760498,-7.677768707275391,-7.636594295501709,-7.5936598777771,-7.552824020385742,-7.511298179626465,-7.468573093414307,-7.425565719604492,-7.382795810699463,-7.34189510345459,-7.300671577453613,-7.2597880363464355,-7.218799591064453,-7.177746295928955,-7.136717796325684,-7.095586776733398,-7.056665420532227,-7.0155534744262695,-6.974696636199951,-6.935646057128906,-6.896262168884277,-6.859354496002197,-6.822355270385742,-6.781187057495117,-6.738120079040527,-6.697425842285156,-6.658123970031738,-6.619326591491699,-6.578134536743164,-6.539124011993408,-6.507745742797852,-6.476471900939941,-6.441328525543213,-6.406180381774902,-6.370980262756348,-6.334054946899414,-6.29293966293335,-6.249907493591309,-6.206941604614258,-6.16383695602417,-6.125004291534424,-6.087941646575928,-6.046769618988037,-6.005571365356445,-5.966894149780273,-5.925626754760742,-5.8846588134765625,-5.84767484664917,-5.8162150382995605,-5.783221244812012,-5.7440619468688965,-5.706870079040527,-5.67165994644165,-5.636624813079834,-5.5996479988098145,-5.5584397315979,-5.517580509185791,-5.4785542488098145,-5.439365863800049,-5.406228542327881,-5.378856658935547,-5.347689151763916,-5.312443733215332,-5.275491237640381,-5.234430313110352,-5.193539142608643,-5.152440071105957,-5.1113409996032715,-5.070379257202148,-5.029309272766113,-4.990357875823975,-4.949300289154053,-4.906251907348633,-4.865288734436035,-4.8263044357299805,-4.785187244415283,-4.744265556335449,-4.707235336303711,-4.671990871429443,-4.64070987701416,-4.611497402191162,-4.578327655792236,-4.541094779968262,-4.500131607055664,-4.459143161773682,-4.422013759613037,-4.388614654541016,-4.361331939697266,-4.332076072692871,-4.294979095458984,-4.256096363067627,-4.215120315551758,-4.173816204071045,-4.134953022003174,-4.093952178955078,-4.052847862243652,-4.0124735832214355,-3.9705774784088135,-3.9307315349578857,-3.8908028602600098,-3.8498361110687256,-3.808553457260132,-3.76949405670166,-3.7336583137512207,-3.699399948120117,-3.667390823364258,-3.634873867034912,-3.600766897201538,-3.563713788986206,-3.523434638977051,-3.4834182262420654,-3.443481683731079,-3.4027316570281982,-3.3616538047790527,-3.3204689025878906,-3.279353380203247,-3.2385849952697754,-3.1987080574035645,-3.158306121826172,-3.1177690029144287,-3.076636791229248,-3.0359609127044678,-2.993799924850464,-2.9533326625823975,-2.913205623626709,-2.8735296726226807,-2.832357406616211,-2.7915821075439453,-2.7500784397125244,-2.709226369857788,-2.6683452129364014,-2.628631353378296,-2.587904453277588,-2.5472161769866943,-2.506364583969116,-2.4650425910949707,-2.4235031604766846,-2.3845245838165283,-2.3436408042907715,-2.3025803565979004,-2.260324239730835,-2.2169034481048584,-2.1701154708862305,-2.1229124069213867,-2.0811679363250732,-2.0439932346343994,-2.007577419281006,-1.9786487817764282,-1.9413830041885376,-1.9031288623809814,-1.8511912822723389,-1.8171943426132202,-1.772402286529541,-1.7373427152633667,-1.6930500268936157,-1.6564750671386719,-1.63401460647583,-1.5490461587905884,-1.513009786605835,-1.4551117420196533,-1.3857029676437378,-1.380518913269043,-1.3161436319351196,-1.29416823387146,-1.2393229007720947,-1.2026641368865967,-1.1118119955062866,-1.0687763690948486,-0.9785900712013245,-0.9524500370025635,-0.926819920539856,-0.870712399482727,-0.8382483720779419,-0.7822413444519043,-0.7516211271286011,-0.720302164554596,-0.6626814603805542,-0.6209400296211243,-0.5788988471031189,-0.5482361912727356,-0.5123694539070129,-0.4703446924686432,-0.431100457906723,-0.36874765157699585,-0.36040326952934265,-0.3074222505092621,-0.2688957154750824,-0.17306742072105408,-0.09339351952075958,-0.0033609061501920223,0.0377013236284256,0.047156788408756256,0.09232775121927261,0.1551523506641388,0.19858720898628235,0.2331206351518631,0.28877416253089905,0.38431307673454285],"files":["scales.webp"]},"quats":{"files":["quats.webp"]},