{"version":2,"count":535418,"means":{"mins":[2.7618437305868824,2.393036220242688,-0.33403597985286876],"maxs":[2.9646613279665117,2.886843515749304,2.879931617596859],"files":["means_l.webp","means_u.webp"]},"scales":{"codebook":[-9.99903678894043,-9.964509010314941,-9.922248840332031,-9.8790922164917,-9.83591365814209,-9.796921730041504,-9.757513046264648,-9.718422889709473,-9.687471389770508,-9.663905143737793,-9.632316589355469,-9.59787368774414,-9.56235408782959,-9.52308177947998,-9.480487823486328,-9.437629699707031,-9.398737907409668,-9.359234809875488,-9.320439338684082,-9.277400970458984,-9.233942031860352,-9.195122718811035,-9.155654907226562,-9.11673641204834,-9.078240394592285,-9.03833293914795,-9.000079154968262,-8.960976600646973,-8.921884536743164,-8.879199028015137,-8.835846900939941,-8.796845436096191,-8.757760047912598,-8.719134330749512,-8.679323196411133,-8.64083194732666,-8.601766586303711,-8.558784484863281,-8.515491485595703,-8.476189613342285,-8.437419891357422,-8.397945404052734,-8.36728572845459,-8.3435697555542,-8.312265396118164,-8.273063659667969,-8.234235763549805,-8.194985389709473,-8.155917167663574,-8.11721420288086,-8.0780611038208,-8.038838386535645,-7.998729228973389,-7.959173679351807,-7.917880058288574,-7.876869201660156,-7.843677043914795,-7.816331386566162,-7.7849345207214355,-7.749837875366211,-7.712940692901611,-7.673827171325684,-7.6349077224731445,-7.593637466430664,-7.552734851837158,-7.511589050292969,-7.4684600830078125,-7.427553653717041,-7.3903985023498535,-7.35537052154541,-7.318488597869873,-7.277185440063477,-7.238096714019775,-7.203036308288574,-7.1718058586120605,-7.140360355377197,-7.105364799499512,-7.070267677307129,-7.034878730773926,-7.001657962799072,-6.972780227661133,-6.941305637359619,-6.906111240386963,-6.871097564697266,-6.835888862609863,-6.800776481628418,-6.763734817504883,-6.722781181335449,-6.681582927703857,-6.6464524269104,-6.619096755981445,-6.5936279296875,-6.568181037902832,-6.54494047164917,-6.515595436096191,-6.4785308837890625,-6.441403388977051,-6.4045090675354,-6.363265514373779,-6.322118282318115,-6.28322696685791,-6.241982460021973,-6.201283931732178,-6.160172939300537,-6.121006011962891,-6.084173679351807,-6.0449676513671875,-6.005800724029541,-5.974485397338867,-5.955080032348633,-5.933436870574951,-5.90432596206665,-5.873060703277588,-5.839947700500488,-5.804781913757324,-5.771466255187988,-5.744230270385742,-5.714777946472168,-5.679685592651367,-5.642594814300537,-5.603421211242676,-5.564519882202148,-5.525426864624023,-5.488446235656738,-5.45694637298584,-5.429515361785889,-5.402256965637207,-5.37498140335083,-5.347653388977051,-5.314616680145264,-5.2772955894470215,-5.244218826293945,-5.216784954071045,-5.1894731521606445,-5.1561808586120605,-5.119154453277588,-5.081949710845947,-5.045054912567139,-5.005866527557373,-4.966763973236084,-4.929802894592285,-4.900335788726807,-4.8730878829956055,-4.839842319488525,-4.802788257598877,-4.763735771179199,-4.724442958831787,-4.687513828277588,-4.654256343841553,-4.625025272369385,-4.595831871032715,-4.56633186340332,-4.540993690490723,-4.513712406158447,-4.480586528778076,-4.443418979644775,-4.404357433319092,-4.367233753204346,-4.335964202880859,-4.31058406829834,-4.283255577087402,-4.252059459686279,-4.224542140960693,-4.19744348526001,-4.164178848266602,-4.127217769622803,-4.08599853515625,-4.046936511993408,-4.015744209289551,-3.9918394088745117,-3.96883225440979,-3.9425628185272217,-3.9120078086853027,-3.879053831100464,-3.8447530269622803,-3.8077638149261475,-3.767831563949585,-3.7265686988830566,-3.6866650581359863,-3.6474595069885254,-3.6113996505737305,-3.5792417526245117,-3.5488674640655518,-3.5186100006103516,-3.485776662826538,-3.4486827850341797,-3.4083094596862793,-3.368501663208008,-3.3286123275756836,-3.28843092918396,-3.2504284381866455,-3.2157340049743652,-3.1876766681671143,-3.1594464778900146,-3.126232862472534,-3.091867208480835,-3.0589940547943115,-3.028198480606079,-2.9993791580200195,-2.9662013053894043,-2.928997039794922,-2.8887152671813965,-2.849015235900879,-2.808584451675415,-2.769573450088501,-2.728940963745117,-2.686803102493286,-2.6462831497192383,-2.6079113483428955,-2.572911262512207,-2.5437119007110596,-2.515103578567505,-2.4835703372955322,-2.447207450866699,-2.4096124172210693,-2.369161367416382,-2.3291587829589844,-2.2888200283050537,-2.2471323013305664,-2.2083208560943604,-2.167654514312744,-2.122772693634033,-2.0832290649414062,-2.046210765838623,-2.009568452835083,-1.974825382232666,-1.9375180006027222,-1.896755337715149,-1.8514662981033325,-1.8097238540649414,-1.7713251113891602,-1.731903076171875,-1.690828800201416,-1.655375599861145,-1.608637809753418,-1.570300579071045,-1.531052827835083,-1.4883747100830078,-1.447884440422058,-1.4135451316833496,-1.380942702293396,-1.3398419618606567,-1.2789002656936646,-1.2487646341323853,-1.2016710042953491,-1.1765087842941284,-1.1432156562805176,-1.0934157371520996,-1.0599859952926636,-1.02008855342865,-0.972900927066803,-0.8473585844039917,-0.4569185972213745,-0.4162435829639435,-0.06701771169900894,0.18699993193149567],"files":["scales.webp"]},"quats":{"files":["quats.webp"]},